CustomerID,Current_Status,Churn_Probability,Tenure_Months,Monthly_Bill,Contract_Type,Internet_Service,Payment_Method,Risk_Tier
5150-ITWWB,No,0.8287613713926475,3,94.85,Month-to-month,Fiber optic,Electronic check,High Risk (Immediate Action)
2545-EBUPK,No,0.8160555874709714,2,84.05,Month-to-month,Fiber optic,Electronic check,High Risk (Immediate Action)
6630-UJZMY,No,0.7984576093756526,4,83.25,Month-to-month,Fiber optic,Electronic check,High Risk (Immediate Action)
8161-QYMTT,No,0.7871516687247778,7,94.1,Month-to-month,Fiber optic,Electronic check,High Risk (Immediate Action)
7668-XCFYV,No,0.7855342767389574,17,92.55,Month-to-month,Fiber optic,Electronic check,High Risk (Immediate Action)
4847-TAJYI,No,0.785173803126779,6,89.35,Month-to-month,Fiber optic,Electronic check,High Risk (Immediate Action)
0021-IKXGC,No,0.7812397854183869,1,72.1,Month-to-month,Fiber optic,Electronic check,High Risk (Immediate Action)
3489-HHPFY,No,0.7805347264225401,2,84.05,Month-to-month,Fiber optic,Electronic check,High Risk (Immediate Action)
6350-XFYGW,No,0.7796094912693433,4,94.75,Month-to-month,Fiber optic,Electronic check,High Risk (Immediate Action)
0187-QSXOE,No,0.7788007226940091,7,89.0,Month-to-month,Fiber optic,Electronic check,High Risk (Immediate Action)
4912-PIGUY,No,0.7771818346117767,1,84.6,Month-to-month,Fiber optic,Electronic check,High Risk (Immediate Action)
4115-NZRKS,No,0.7764903270405998,7,89.15,Month-to-month,Fiber optic,Electronic check,High Risk (Immediate Action)
3320-VEOYC,No,0.7735487700849557,14,95.6,Month-to-month,Fiber optic,Electronic check,High Risk (Immediate Action)
7577-SWIFR,No,0.7730532872895118,1,89.25,Month-to-month,Fiber optic,Electronic check,High Risk (Immediate Action)
5935-FCCNB,No,0.7727973061673359,17,94.2,Month-to-month,Fiber optic,Electronic check,High Risk (Immediate Action)
7225-CBZPL,No,0.7700250295255765,17,94.8,Month-to-month,Fiber optic,Electronic check,High Risk (Immediate Action)
3452-GWUIN,No,0.7691629179617061,19,94.95,Month-to-month,Fiber optic,Electronic check,High Risk (Immediate Action)
0916-QOFDP,No,0.766752868978799,14,95.8,Month-to-month,Fiber optic,Electronic check,High Risk (Immediate Action)
7398-SKNQZ,No,0.7633824439887918,3,94.9,Month-to-month,Fiber optic,Electronic check,High Risk (Immediate Action)
4927-WWOOZ,No,0.7606360465401615,2,91.45,Month-to-month,Fiber optic,Electronic check,High Risk (Immediate Action)
1197-BVMVG,No,0.7586926861477125,4,74.45,Month-to-month,Fiber optic,Electronic check,High Risk (Immediate Action)
3318-NMQXL,No,0.7569770325854612,3,92.0,Month-to-month,Fiber optic,Electronic check,High Risk (Immediate Action)
8739-XNIKG,No,0.7561677831792823,5,84.0,Month-to-month,Fiber optic,Electronic check,High Risk (Immediate Action)
2235-DWLJU,No,0.7557931776037313,6,44.4,Month-to-month,DSL,Electronic check,High Risk (Immediate Action)
6969-MVBAI,No,0.7548791700109442,9,90.1,Month-to-month,Fiber optic,Electronic check,High Risk (Immediate Action)
4273-MBHYA,No,0.7527794143051459,1,89.35,Month-to-month,Fiber optic,Electronic check,High Risk (Immediate Action)
1941-HOSAM,No,0.7518892253102321,1,90.1,Month-to-month,Fiber optic,Electronic check,High Risk (Immediate Action)
8622-ZLFKO,No,0.7393626858756471,6,90.75,Month-to-month,Fiber optic,Electronic check,High Risk (Immediate Action)
2077-MPJQO,No,0.7390034196099263,7,75.4,Month-to-month,Fiber optic,Electronic check,High Risk (Immediate Action)
9799-CAYJJ,No,0.7376252329180427,2,69.3,Month-to-month,Fiber optic,Electronic check,High Risk (Immediate Action)
9334-GWGOW,No,0.7375683369728371,7,74.85,Month-to-month,Fiber optic,Electronic check,High Risk (Immediate Action)
1452-VOQCH,No,0.7368964748082417,1,75.1,Month-to-month,Fiber optic,Electronic check,High Risk (Immediate Action)
3096-GKWEB,No,0.7368741961629796,18,94.75,Month-to-month,Fiber optic,Electronic check,High Risk (Immediate Action)
9290-SHCMB,No,0.7362593549579585,13,96.85,Month-to-month,Fiber optic,Electronic check,High Risk (Immediate Action)
9957-YODKZ,No,0.7357853529411745,6,80.8,Month-to-month,Fiber optic,Electronic check,High Risk (Immediate Action)
9402-ORRAH,No,0.7335583234618993,15,91.5,Month-to-month,Fiber optic,Electronic check,High Risk (Immediate Action)
4090-KPJIP,No,0.7333693928109756,3,74.95,Month-to-month,Fiber optic,Electronic check,High Risk (Immediate Action)
7858-GTZSP,No,0.7313209580963181,12,86.55,Month-to-month,Fiber optic,Electronic check,High Risk (Immediate Action)
9605-WGJVW,No,0.7312365852249991,1,70.2,Month-to-month,Fiber optic,Electronic check,High Risk (Immediate Action)
2876-GZYZC,No,0.7299884004157999,13,85.95,Month-to-month,Fiber optic,Electronic check,High Risk (Immediate Action)
9919-KNPOO,No,0.7297622208558069,21,94.3,Month-to-month,Fiber optic,Electronic check,High Risk (Immediate Action)
2789-HQBOU,No,0.7291461211485819,3,80.35,Month-to-month,Fiber optic,Electronic check,High Risk (Immediate Action)
3878-AVSOQ,No,0.7290712821674248,1,71.25,Month-to-month,Fiber optic,Electronic check,High Risk (Immediate Action)
4749-OJKQU,No,0.7260430810085176,4,75.65,Month-to-month,Fiber optic,Electronic check,High Risk (Immediate Action)
6229-LSCKB,No,0.7232203906862494,6,79.7,Month-to-month,Fiber optic,Electronic check,High Risk (Immediate Action)
2688-BHGOG,No,0.7232069379587325,9,79.55,Month-to-month,Fiber optic,Electronic check,High Risk (Immediate Action)
1200-TUZHR,No,0.7227423252895049,8,85.2,Month-to-month,Fiber optic,Electronic check,High Risk (Immediate Action)
9603-OAIHC,No,0.7213294269375089,1,70.05,Month-to-month,Fiber optic,Electronic check,High Risk (Immediate Action)
7439-DKZTW,No,0.7207954958093238,1,80.55,Month-to-month,Fiber optic,Electronic check,High Risk (Immediate Action)
2985-FMWYF,No,0.7206717363126917,23,93.5,Month-to-month,Fiber optic,Electronic check,High Risk (Immediate Action)
2215-ZAFGX,No,0.7206624300840823,9,85.5,Month-to-month,Fiber optic,Electronic check,High Risk (Immediate Action)
2123-AGEEN,No,0.7203811468126955,7,84.35,Month-to-month,Fiber optic,Electronic check,High Risk (Immediate Action)
8087-LGYHQ,No,0.720251927263608,9,94.05,Month-to-month,Fiber optic,Electronic check,High Risk (Immediate Action)
4929-XIHVW,No,0.718960171103334,2,95.5,Month-to-month,Fiber optic,Credit card (automatic),High Risk (Immediate Action)
2018-QKYGT,No,0.7182900032156336,1,81.05,Month-to-month,Fiber optic,Electronic check,High Risk (Immediate Action)
4060-LDNLU,No,0.7180525824547195,7,96.2,Month-to-month,Fiber optic,Electronic check,High Risk (Immediate Action)
2880-FPNAE,No,0.7178156679094285,2,74.2,Month-to-month,Fiber optic,Electronic check,High Risk (Immediate Action)
6357-JJPQT,No,0.7177377619520432,3,80.5,Month-to-month,Fiber optic,Electronic check,High Risk (Immediate Action)
6860-YRJZP,No,0.7174693582093082,9,74.05,Month-to-month,Fiber optic,Electronic check,High Risk (Immediate Action)
4234-XTNEA,No,0.716331230073032,2,79.95,Month-to-month,Fiber optic,Electronic check,High Risk (Immediate Action)
2799-ARNLO,No,0.715318330747867,5,69.35,Month-to-month,Fiber optic,Electronic check,High Risk (Immediate Action)
8775-ERLNB,No,0.7149781961305449,1,74.3,Month-to-month,Fiber optic,Electronic check,High Risk (Immediate Action)
7363-QTBIW,No,0.7146499509326153,9,79.75,Month-to-month,Fiber optic,Electronic check,High Risk (Immediate Action)
2657-VPXTA,No,0.7140723716206322,10,88.85,Month-to-month,Fiber optic,Electronic check,High Risk (Immediate Action)
9094-AZPHK,No,0.7138157308279267,15,100.15,Month-to-month,Fiber optic,Electronic check,High Risk (Immediate Action)
1173-XZPYF,No,0.7136637284189884,11,89.2,Month-to-month,Fiber optic,Electronic check,High Risk (Immediate Action)
3462-BJQQA,No,0.7128680395459197,6,89.75,Month-to-month,Fiber optic,Electronic check,High Risk (Immediate Action)
7402-EYFXX,No,0.7127529364492804,26,93.6,Month-to-month,Fiber optic,Electronic check,High Risk (Immediate Action)
5288-AHOUP,No,0.7121177622724971,11,78.5,Month-to-month,Fiber optic,Electronic check,High Risk (Immediate Action)
7044-YAACC,No,0.7106299147108595,4,70.2,Month-to-month,Fiber optic,Electronic check,High Risk (Immediate Action)
5956-YHHRX,No,0.7101808017487475,21,104.35,Month-to-month,Fiber optic,Electronic check,High Risk (Immediate Action)
1393-IMKZG,No,0.7089146909799819,1,95.85,Month-to-month,Fiber optic,Electronic check,High Risk (Immediate Action)
0840-DFEZH,No,0.7082460193508141,7,75.35,Month-to-month,Fiber optic,Electronic check,High Risk (Immediate Action)
4395-PZMSN,No,0.7082144201978321,5,85.55,Month-to-month,Fiber optic,Electronic check,High Risk (Immediate Action)
5382-SOYZL,No,0.707647407318213,22,95.1,Month-to-month,Fiber optic,Electronic check,High Risk (Immediate Action)
0365-BZUWY,No,0.707046286323308,17,102.55,Month-to-month,Fiber optic,Electronic check,High Risk (Immediate Action)
2371-JQHZZ,No,0.7058742303364256,24,93.0,Month-to-month,Fiber optic,Electronic check,High Risk (Immediate Action)
8541-QVFKM,No,0.7049297564093375,8,73.5,Month-to-month,Fiber optic,Electronic check,High Risk (Immediate Action)
5168-MSWXT,No,0.7048191753411102,8,94.75,Month-to-month,Fiber optic,Electronic check,High Risk (Immediate Action)
1628-BIZYP,No,0.7028840336577458,1,85.0,Month-to-month,Fiber optic,Electronic check,High Risk (Immediate Action)
6583-KQJLK,No,0.7025818005932745,15,94.65,Month-to-month,Fiber optic,Electronic check,High Risk (Immediate Action)
7321-VGNKU,No,0.701158646145154,2,70.35,Month-to-month,Fiber optic,Electronic check,High Risk (Immediate Action)
0644-OQMDK,No,0.6990744631487611,4,70.65,Month-to-month,Fiber optic,Electronic check,Medium Risk (Monitor/Nurture)
8242-SOQUO,No,0.6988793046456876,5,84.7,Month-to-month,Fiber optic,Electronic check,Medium Risk (Monitor/Nurture)
1640-PLFMP,No,0.6985042904347996,1,70.25,Month-to-month,Fiber optic,Electronic check,Medium Risk (Monitor/Nurture)
3199-XGZCY,No,0.6977474689934087,8,75.25,Month-to-month,Fiber optic,Electronic check,Medium Risk (Monitor/Nurture)
9360-OMDZZ,No,0.6963545386679468,24,94.1,Month-to-month,Fiber optic,Electronic check,Medium Risk (Monitor/Nurture)
7145-FEJWU,No,0.6962085669520752,12,105.3,Month-to-month,Fiber optic,Electronic check,Medium Risk (Monitor/Nurture)
5429-LWCMV,No,0.6961819358822116,12,89.15,Month-to-month,Fiber optic,Electronic check,Medium Risk (Monitor/Nurture)
3338-CVVEH,No,0.6959092634622754,12,94.55,Month-to-month,Fiber optic,Electronic check,Medium Risk (Monitor/Nurture)
3295-YVUSR,No,0.6958490272134693,2,72.6,Month-to-month,Fiber optic,Mailed check,Medium Risk (Monitor/Nurture)
4813-HQMGZ,No,0.6957074679698241,8,90.25,Month-to-month,Fiber optic,Electronic check,Medium Risk (Monitor/Nurture)
3191-CSNMG,No,0.6953130076451272,3,80.7,Month-to-month,Fiber optic,Electronic check,Medium Risk (Monitor/Nurture)
6986-IXNDM,No,0.6949338157520243,14,92.9,Month-to-month,Fiber optic,Electronic check,Medium Risk (Monitor/Nurture)
1960-UYCNN,No,0.6941305031682624,10,95.25,Month-to-month,Fiber optic,Electronic check,Medium Risk (Monitor/Nurture)
5995-SNNEW,No,0.6933757791497309,23,104.45,Month-to-month,Fiber optic,Electronic check,Medium Risk (Monitor/Nurture)
5348-CAGXB,No,0.6925624366862949,12,89.55,Month-to-month,Fiber optic,Electronic check,Medium Risk (Monitor/Nurture)
4482-EWFMI,No,0.6920018904842085,2,69.7,Month-to-month,Fiber optic,Electronic check,Medium Risk (Monitor/Nurture)
3422-GALYP,No,0.691336204289214,2,79.45,Month-to-month,Fiber optic,Electronic check,Medium Risk (Monitor/Nurture)
7394-LWLYN,No,0.6902907043917977,2,70.15,Month-to-month,Fiber optic,Electronic check,Medium Risk (Monitor/Nurture)
7994-UYIVZ,No,0.6893050521230579,8,85.65,Month-to-month,Fiber optic,Bank transfer (automatic),Medium Risk (Monitor/Nurture)
8107-KNCIM,No,0.6888979536751443,14,75.1,Month-to-month,Fiber optic,Electronic check,Medium Risk (Monitor/Nurture)
6198-RTPMF,No,0.6887857835638886,17,92.6,Month-to-month,Fiber optic,Electronic check,Medium Risk (Monitor/Nurture)
5542-TBBWB,No,0.6883547621148234,1,69.9,Month-to-month,Fiber optic,Electronic check,Medium Risk (Monitor/Nurture)
6507-ZJSUR,No,0.6876955299075341,23,90.45,Month-to-month,Fiber optic,Electronic check,Medium Risk (Monitor/Nurture)
1219-NNDDO,No,0.6875975901562645,9,76.85,Month-to-month,Fiber optic,Electronic check,Medium Risk (Monitor/Nurture)
3030-YDNRM,No,0.687465503863401,8,74.85,Month-to-month,Fiber optic,Electronic check,Medium Risk (Monitor/Nurture)
6734-GMPVK,No,0.6873787993123829,5,105.3,Month-to-month,Fiber optic,Electronic check,Medium Risk (Monitor/Nurture)
7465-ZZRVX,No,0.6873434839457555,1,70.35,Month-to-month,Fiber optic,Electronic check,Medium Risk (Monitor/Nurture)
9279-CJEOJ,No,0.6870396575607497,21,95.4,Month-to-month,Fiber optic,Bank transfer (automatic),Medium Risk (Monitor/Nurture)
8648-PFRMP,No,0.6868246880905644,14,46.35,Month-to-month,DSL,Electronic check,Medium Risk (Monitor/Nurture)
8875-AKBYH,No,0.6866272801788892,20,84.35,Month-to-month,Fiber optic,Electronic check,Medium Risk (Monitor/Nurture)
4853-OITSN,No,0.6852592150408637,5,89.15,Month-to-month,Fiber optic,Electronic check,Medium Risk (Monitor/Nurture)
9633-XQABV,No,0.6846510721492277,3,70.25,Month-to-month,Fiber optic,Electronic check,Medium Risk (Monitor/Nurture)
7245-NIIWQ,No,0.683780202653499,3,69.85,Month-to-month,Fiber optic,Electronic check,Medium Risk (Monitor/Nurture)
0018-NYROU,No,0.6831356904527953,5,68.95,Month-to-month,Fiber optic,Electronic check,Medium Risk (Monitor/Nurture)
6077-BDPXA,No,0.6827413822626426,3,70.15,Month-to-month,Fiber optic,Electronic check,Medium Risk (Monitor/Nurture)
7354-OIJLX,No,0.6825023236446331,9,75.85,Month-to-month,Fiber optic,Electronic check,Medium Risk (Monitor/Nurture)
3317-VLGQT,No,0.6815208273773558,14,78.1,Month-to-month,Fiber optic,Electronic check,Medium Risk (Monitor/Nurture)
2897-DOVND,No,0.6813983165597277,2,69.8,Month-to-month,Fiber optic,Electronic check,Medium Risk (Monitor/Nurture)
9717-QEBGU,No,0.6800699308974714,2,70.3,Month-to-month,Fiber optic,Electronic check,Medium Risk (Monitor/Nurture)
7392-YYPYJ,No,0.6799261049028089,22,100.65,Month-to-month,Fiber optic,Electronic check,Medium Risk (Monitor/Nurture)
5928-QLDHB,No,0.6791552017459981,9,76.25,Month-to-month,Fiber optic,Electronic check,Medium Risk (Monitor/Nurture)
4298-OYIFC,No,0.6787557256728443,15,103.45,Month-to-month,Fiber optic,Electronic check,Medium Risk (Monitor/Nurture)
6786-OBWQR,No,0.6784302535530028,5,80.85,Month-to-month,Fiber optic,Electronic check,Medium Risk (Monitor/Nurture)
3292-PBZEJ,No,0.6783266455809254,11,111.4,Month-to-month,Fiber optic,Electronic check,Medium Risk (Monitor/Nurture)
4884-ZTHVF,No,0.6773462085067176,8,87.1,Month-to-month,Fiber optic,Electronic check,Medium Risk (Monitor/Nurture)
9314-IJWSQ,No,0.6770083121197725,14,84.8,Month-to-month,Fiber optic,Electronic check,Medium Risk (Monitor/Nurture)
8800-JOOCF,No,0.6763075283941695,12,84.05,Month-to-month,Fiber optic,Electronic check,Medium Risk (Monitor/Nurture)
0480-BIXDE,No,0.6758368355260326,19,96.8,Month-to-month,Fiber optic,Electronic check,Medium Risk (Monitor/Nurture)
3841-CONLJ,No,0.6757533902705563,1,35.0,Month-to-month,DSL,Electronic check,Medium Risk (Monitor/Nurture)
0928-JMXNP,No,0.6747687321126578,4,29.9,Month-to-month,DSL,Electronic check,Medium Risk (Monitor/Nurture)
2754-SDJRD,No,0.6741289103843441,8,100.15,Month-to-month,Fiber optic,Credit card (automatic),Medium Risk (Monitor/Nurture)
1226-IENZN,No,0.6737923741009,16,78.75,Month-to-month,Fiber optic,Electronic check,Medium Risk (Monitor/Nurture)
1016-DJTSV,No,0.6708556958139811,8,69.7,Month-to-month,Fiber optic,Electronic check,Medium Risk (Monitor/Nurture)
0168-XZKBB,No,0.6698498210806813,19,86.85,Month-to-month,Fiber optic,Electronic check,Medium Risk (Monitor/Nurture)
3629-ZNKXA,No,0.6694602136993018,17,101.8,Month-to-month,Fiber optic,Electronic check,Medium Risk (Monitor/Nurture)
7365-BVCJH,No,0.6691541227007416,1,24.4,Month-to-month,DSL,Electronic check,Medium Risk (Monitor/Nurture)
0928-XUTSN,No,0.6691540533360597,13,80.5,Month-to-month,Fiber optic,Electronic check,Medium Risk (Monitor/Nurture)
2107-FBPTK,No,0.6670363076308659,30,104.1,Month-to-month,Fiber optic,Electronic check,Medium Risk (Monitor/Nurture)
0722-SVSFK,No,0.6667497351483718,7,100.4,Month-to-month,Fiber optic,Electronic check,Medium Risk (Monitor/Nurture)
4132-KALRO,No,0.6664198966305821,4,100.85,Month-to-month,Fiber optic,Mailed check,Medium Risk (Monitor/Nurture)
3001-UNBTL,No,0.6659019728463825,29,103.95,Month-to-month,Fiber optic,Electronic check,Medium Risk (Monitor/Nurture)
6851-WEFYX,No,0.6658816849884812,35,100.8,Month-to-month,Fiber optic,Electronic check,Medium Risk (Monitor/Nurture)
6856-RAURS,No,0.6657477635414041,2,74.9,Month-to-month,Fiber optic,Mailed check,Medium Risk (Monitor/Nurture)
8313-NDOIA,No,0.6654376655846447,24,104.15,Month-to-month,Fiber optic,Electronic check,Medium Risk (Monitor/Nurture)
4633-MKHYU,No,0.6652544855253415,9,88.4,Month-to-month,Fiber optic,Mailed check,Medium Risk (Monitor/Nurture)
1251-STYSZ,No,0.665228668626851,4,80.25,Month-to-month,Fiber optic,Electronic check,Medium Risk (Monitor/Nurture)
2984-AFWNC,No,0.6645267803222257,3,95.4,Month-to-month,Fiber optic,Electronic check,Medium Risk (Monitor/Nurture)
2665-NPTGL,No,0.6640820500229527,26,98.1,Month-to-month,Fiber optic,Bank transfer (automatic),Medium Risk (Monitor/Nurture)
0508-OOLTO,No,0.663888716500127,2,71.65,Month-to-month,Fiber optic,Electronic check,Medium Risk (Monitor/Nurture)
4123-DVHPH,No,0.6635713536808059,9,88.05,Month-to-month,Fiber optic,Electronic check,Medium Risk (Monitor/Nurture)
3370-HXOPH,No,0.6634650530830868,3,76.1,Month-to-month,Fiber optic,Electronic check,Medium Risk (Monitor/Nurture)
9208-OLGAQ,No,0.6618383060466742,18,84.95,Month-to-month,Fiber optic,Electronic check,Medium Risk (Monitor/Nurture)
5628-FCGYG,No,0.661691819626629,21,84.1,Month-to-month,Fiber optic,Electronic check,Medium Risk (Monitor/Nurture)
7206-PQBBZ,No,0.6615166344793809,11,70.2,Month-to-month,Fiber optic,Electronic check,Medium Risk (Monitor/Nurture)
1078-TDCRN,No,0.6609372684269628,3,30.75,Month-to-month,DSL,Electronic check,Medium Risk (Monitor/Nurture)
0455-XFASS,No,0.6607185056635454,3,69.55,Month-to-month,Fiber optic,Electronic check,Medium Risk (Monitor/Nurture)
4815-GBTCD,No,0.6590595282100904,4,25.15,Month-to-month,DSL,Electronic check,Medium Risk (Monitor/Nurture)
3427-GGZZI,No,0.6588783207125747,19,89.1,Month-to-month,Fiber optic,Electronic check,Medium Risk (Monitor/Nurture)
2809-ZMYOQ,No,0.6583565771186967,32,101.35,Month-to-month,Fiber optic,Electronic check,Medium Risk (Monitor/Nurture)
4612-SSVHJ,No,0.6582235216572236,20,81.45,Month-to-month,Fiber optic,Electronic check,Medium Risk (Monitor/Nurture)
6215-NQCPY,No,0.6575201077368468,15,99.7,Month-to-month,Fiber optic,Electronic check,Medium Risk (Monitor/Nurture)
4445-ZJNMU,No,0.6567419946736711,9,99.3,Month-to-month,Fiber optic,Credit card (automatic),Medium Risk (Monitor/Nurture)
0420-HLGXF,No,0.6560926936689497,39,99.75,Month-to-month,Fiber optic,Electronic check,Medium Risk (Monitor/Nurture)
8309-IEYJD,No,0.6547515766738582,1,70.6,Month-to-month,Fiber optic,Mailed check,Medium Risk (Monitor/Nurture)
5119-NZPTV,No,0.6540749801382735,2,70.1,Month-to-month,Fiber optic,Electronic check,Medium Risk (Monitor/Nurture)
7823-JSOAG,No,0.6532496553610794,3,74.5,Month-to-month,Fiber optic,Electronic check,Medium Risk (Monitor/Nurture)
6116-RFVHN,No,0.6531554225050196,34,100.45,Month-to-month,Fiber optic,Electronic check,Medium Risk (Monitor/Nurture)
5216-WASFJ,No,0.652859454693924,31,84.85,Month-to-month,Fiber optic,Electronic check,Medium Risk (Monitor/Nurture)
6407-UTSLV,No,0.652388846916686,2,83.8,Month-to-month,Fiber optic,Bank transfer (automatic),Medium Risk (Monitor/Nurture)
3453-RTHJQ,No,0.652328726915669,6,69.1,Month-to-month,Fiber optic,Electronic check,Medium Risk (Monitor/Nurture)
5117-IFGPS,No,0.6499150555934243,29,84.3,Month-to-month,Fiber optic,Electronic check,Medium Risk (Monitor/Nurture)
8734-DKSTZ,No,0.6497225375679783,10,85.95,Month-to-month,Fiber optic,Electronic check,Medium Risk (Monitor/Nurture)
6198-ZFIOJ,No,0.649110413245484,5,75.6,Month-to-month,Fiber optic,Electronic check,Medium Risk (Monitor/Nurture)
7590-VHVEG,No,0.6483070327023561,1,29.85,Month-to-month,DSL,Electronic check,Medium Risk (Monitor/Nurture)
4566-NECEV,No,0.6457445489172758,5,96.55,Month-to-month,Fiber optic,Electronic check,Medium Risk (Monitor/Nurture)
8325-QRPZR,No,0.6442722341416629,7,75.15,Month-to-month,Fiber optic,Electronic check,Medium Risk (Monitor/Nurture)
4291-SHSBH,No,0.6442425880197493,7,69.55,Month-to-month,Fiber optic,Electronic check,Medium Risk (Monitor/Nurture)
2969-QWUBZ,No,0.6438170844083981,2,51.4,Month-to-month,DSL,Electronic check,Medium Risk (Monitor/Nurture)
7517-LDMPS,No,0.6399093401916263,12,84.6,Month-to-month,Fiber optic,Electronic check,Medium Risk (Monitor/Nurture)
8714-CTZJW,No,0.6395879413536925,4,82.85,Month-to-month,Fiber optic,Credit card (automatic),Medium Risk (Monitor/Nurture)
4301-VVZKA,No,0.6390463978188943,16,75.4,Month-to-month,Fiber optic,Electronic check,Medium Risk (Monitor/Nurture)
6705-LXORM,No,0.638690894826909,5,70.05,Month-to-month,Fiber optic,Electronic check,Medium Risk (Monitor/Nurture)
1508-DFXCU,No,0.6384815830308402,12,81.45,Month-to-month,Fiber optic,Electronic check,Medium Risk (Monitor/Nurture)
6435-SRWBJ,No,0.6378055554621311,5,82.75,Month-to-month,Fiber optic,Electronic check,Medium Risk (Monitor/Nurture)
4770-UEZOX,No,0.6375839631608112,2,74.75,Month-to-month,Fiber optic,Electronic check,Medium Risk (Monitor/Nurture)
2038-OEQZH,No,0.6373968359438936,4,86.05,Month-to-month,Fiber optic,Electronic check,Medium Risk (Monitor/Nurture)
4854-CIDCF,No,0.6369293431128934,3,73.85,Month-to-month,Fiber optic,Electronic check,Medium Risk (Monitor/Nurture)
8873-GLDMH,No,0.6353913053365081,6,73.85,Month-to-month,Fiber optic,Mailed check,Medium Risk (Monitor/Nurture)
3951-NJCVI,No,0.6349103288309659,42,95.05,Month-to-month,Fiber optic,Electronic check,Medium Risk (Monitor/Nurture)
1636-NTNCO,No,0.6335509226502363,4,50.95,Month-to-month,DSL,Credit card (automatic),Medium Risk (Monitor/Nurture)
5701-YVSVF,No,0.6334975421598634,11,82.9,Month-to-month,Fiber optic,Electronic check,Medium Risk (Monitor/Nurture)
8266-VBFQL,No,0.6332784753947321,4,90.4,Month-to-month,Fiber optic,Electronic check,Medium Risk (Monitor/Nurture)
2254-DLXRI,No,0.6319490610041262,1,79.15,Month-to-month,Fiber optic,Mailed check,Medium Risk (Monitor/Nurture)
2862-PFNIK,No,0.6315139191277365,1,24.7,Month-to-month,DSL,Electronic check,Medium Risk (Monitor/Nurture)
9121-PHQSR,No,0.6315066575787709,16,85.05,Month-to-month,Fiber optic,Credit card (automatic),Medium Risk (Monitor/Nurture)
8035-PWSEV,No,0.6311173440223156,6,89.25,Month-to-month,Fiber optic,Electronic check,Medium Risk (Monitor/Nurture)
1641-RQDAY,No,0.6309197633509885,32,100.4,Month-to-month,Fiber optic,Electronic check,Medium Risk (Monitor/Nurture)
6918-UMQCG,No,0.6309194323602842,5,80.2,Month-to-month,Fiber optic,Electronic check,Medium Risk (Monitor/Nurture)
1475-VWVDO,No,0.6307928755239852,7,74.9,Month-to-month,Fiber optic,Electronic check,Medium Risk (Monitor/Nurture)
0396-YCHWO,No,0.6306688296880443,36,95.4,Month-to-month,Fiber optic,Electronic check,Medium Risk (Monitor/Nurture)
0749-IRGQE,No,0.6300169337362873,13,45.3,Month-to-month,DSL,Electronic check,Medium Risk (Monitor/Nurture)
0793-TWELN,No,0.6299651220237422,4,80.15,Month-to-month,Fiber optic,Electronic check,Medium Risk (Monitor/Nurture)
1666-JXLKU,No,0.6292615290827087,37,100.05,Month-to-month,Fiber optic,Electronic check,Medium Risk (Monitor/Nurture)
1689-YQBYY,No,0.6292372091742899,12,76.6,Month-to-month,Fiber optic,Electronic check,Medium Risk (Monitor/Nurture)
2081-VEYEH,No,0.628938218444008,3,107.95,Month-to-month,Fiber optic,Electronic check,Medium Risk (Monitor/Nurture)
3420-YJLQT,No,0.62838273207791,2,79.55,Month-to-month,Fiber optic,Electronic check,Medium Risk (Monitor/Nurture)
2439-LYPMQ,No,0.6280865857175851,38,102.6,Month-to-month,Fiber optic,Electronic check,Medium Risk (Monitor/Nurture)
5934-RMPOV,No,0.6271867419243243,22,84.75,Month-to-month,Fiber optic,Electronic check,Medium Risk (Monitor/Nurture)
9903-LYSAB,No,0.6267920458953804,18,73.15,Month-to-month,Fiber optic,Electronic check,Medium Risk (Monitor/Nurture)
7801-KICAO,No,0.6261572540841883,18,74.15,Month-to-month,Fiber optic,Electronic check,Medium Risk (Monitor/Nurture)
3223-DWFIO,No,0.6258873573327646,4,69.35,Month-to-month,Fiber optic,Electronic check,Medium Risk (Monitor/Nurture)
2262-SLNVK,No,0.6244524095431601,1,70.1,Month-to-month,Fiber optic,Electronic check,Medium Risk (Monitor/Nurture)
9547-ITEFG,No,0.6241832908269604,9,102.6,Month-to-month,Fiber optic,Credit card (automatic),Medium Risk (Monitor/Nurture)
7326-RIGQZ,No,0.6219423515233411,6,69.8,Month-to-month,Fiber optic,Electronic check,Medium Risk (Monitor/Nurture)
6339-YPSAH,No,0.6219033285870379,9,73.8,Month-to-month,Fiber optic,Electronic check,Medium Risk (Monitor/Nurture)
8270-RKSAP,No,0.6214085723567975,9,70.5,Month-to-month,Fiber optic,Electronic check,Medium Risk (Monitor/Nurture)
5937-EORGB,No,0.6206323941919887,15,96.5,Month-to-month,Fiber optic,Electronic check,Medium Risk (Monitor/Nurture)
6030-REHUX,No,0.6204843434908597,28,110.85,Month-to-month,Fiber optic,Electronic check,Medium Risk (Monitor/Nurture)
3904-UKFRE,No,0.6191029818241195,4,80.1,Month-to-month,Fiber optic,Electronic check,Medium Risk (Monitor/Nurture)
1028-FFNJK,No,0.6189135950570274,30,101.5,Month-to-month,Fiber optic,Electronic check,Medium Risk (Monitor/Nurture)
7928-VJYAB,No,0.6183058666009863,11,90.6,Month-to-month,Fiber optic,Electronic check,Medium Risk (Monitor/Nurture)
3411-WLRSQ,No,0.6181629999522997,3,74.6,Month-to-month,Fiber optic,Bank transfer (automatic),Medium Risk (Monitor/Nurture)
2504-DSHIH,No,0.6178224877273994,23,86.8,Month-to-month,Fiber optic,Electronic check,Medium Risk (Monitor/Nurture)
1754-GKYPY,No,0.6176153001014104,22,89.75,Month-to-month,Fiber optic,Bank transfer (automatic),Medium Risk (Monitor/Nurture)
5032-MIYKT,No,0.6174522646272357,1,70.7,Month-to-month,Fiber optic,Mailed check,Medium Risk (Monitor/Nurture)
5947-SGKCL,No,0.6167566020635665,15,105.35,Month-to-month,Fiber optic,Bank transfer (automatic),Medium Risk (Monitor/Nurture)
5271-DBYSJ,No,0.6160830565272404,11,79.15,Month-to-month,Fiber optic,Credit card (automatic),Medium Risk (Monitor/Nurture)
9741-YLNTD,No,0.6156257292239189,6,87.95,Month-to-month,Fiber optic,Bank transfer (automatic),Medium Risk (Monitor/Nurture)
5442-BHQNG,No,0.6154724901558293,2,70.35,Month-to-month,Fiber optic,Electronic check,Medium Risk (Monitor/Nurture)
5399-ZIMKF,No,0.6150151935774797,5,74.65,Month-to-month,Fiber optic,Electronic check,Medium Risk (Monitor/Nurture)
4559-UWIHT,No,0.6148655277483933,14,82.65,Month-to-month,Fiber optic,Electronic check,Medium Risk (Monitor/Nurture)
0225-ZORZP,No,0.6148503421655208,3,84.3,Month-to-month,Fiber optic,Electronic check,Medium Risk (Monitor/Nurture)
9696-RMYBA,No,0.6145209373393861,5,80.1,Month-to-month,Fiber optic,Mailed check,Medium Risk (Monitor/Nurture)
7714-YXSMB,No,0.6144302548493116,26,100.5,Month-to-month,Fiber optic,Bank transfer (automatic),Medium Risk (Monitor/Nurture)
3797-FKOGQ,No,0.6140035246434911,11,86.2,Month-to-month,Fiber optic,Electronic check,Medium Risk (Monitor/Nurture)
8709-KRDVL,No,0.6135575203177644,33,100.0,Month-to-month,Fiber optic,Electronic check,Medium Risk (Monitor/Nurture)
3748-FVMZZ,No,0.6132465718577707,4,40.05,Month-to-month,DSL,Electronic check,Medium Risk (Monitor/Nurture)
5043-TRZWM,No,0.6128536547749012,1,75.55,Month-to-month,Fiber optic,Electronic check,Medium Risk (Monitor/Nurture)
3597-MVHJT,No,0.6117599430140266,27,95.6,Month-to-month,Fiber optic,Bank transfer (automatic),Medium Risk (Monitor/Nurture)
1077-HUUJM,No,0.6113581693986702,7,71.05,Month-to-month,Fiber optic,Electronic check,Medium Risk (Monitor/Nurture)
6496-JDSSB,No,0.6111292667857001,8,80.0,Month-to-month,Fiber optic,Bank transfer (automatic),Medium Risk (Monitor/Nurture)
0432-CAJZV,No,0.6111193366289899,3,90.7,Month-to-month,Fiber optic,Mailed check,Medium Risk (Monitor/Nurture)
6833-JMZYP,No,0.6106699198771885,15,94.0,Month-to-month,Fiber optic,Credit card (automatic),Medium Risk (Monitor/Nurture)
6242-MBHPK,No,0.6106324106073416,23,95.1,Month-to-month,Fiber optic,Electronic check,Medium Risk (Monitor/Nurture)
3855-ONCAR,No,0.6105901953980455,4,78.9,Month-to-month,Fiber optic,Mailed check,Medium Risk (Monitor/Nurture)
2905-KFQUV,No,0.6104364314871047,2,70.4,Month-to-month,Fiber optic,Credit card (automatic),Medium Risk (Monitor/Nurture)
9355-NPPFS,No,0.61036769917699,26,78.8,Month-to-month,Fiber optic,Electronic check,Medium Risk (Monitor/Nurture)
5760-IFJOZ,No,0.609689731445011,3,107.95,Month-to-month,Fiber optic,Mailed check,Medium Risk (Monitor/Nurture)
3420-ZDBMA,No,0.6093406868582607,5,71.45,Month-to-month,Fiber optic,Mailed check,Medium Risk (Monitor/Nurture)
1766-GKNMI,No,0.6086760862268232,29,84.9,Month-to-month,Fiber optic,Electronic check,Medium Risk (Monitor/Nurture)
1302-UHBDD,No,0.6083438732662861,20,89.95,Month-to-month,Fiber optic,Electronic check,Medium Risk (Monitor/Nurture)
0027-KWYKW,No,0.6080433446962716,23,83.75,Month-to-month,Fiber optic,Electronic check,Medium Risk (Monitor/Nurture)
1379-FRVEB,No,0.606903503515037,15,91.0,Month-to-month,Fiber optic,Electronic check,Medium Risk (Monitor/Nurture)
5599-HVLTW,No,0.6066942568446679,14,80.35,Month-to-month,Fiber optic,Bank transfer (automatic),Medium Risk (Monitor/Nurture)
2674-MIAHT,No,0.6064550815729562,4,80.3,Month-to-month,Fiber optic,Mailed check,Medium Risk (Monitor/Nurture)
4521-YEEHE,No,0.6061986396183461,18,88.85,Month-to-month,Fiber optic,Electronic check,Medium Risk (Monitor/Nurture)
1104-TNLZA,No,0.6056332937708498,28,105.8,Month-to-month,Fiber optic,Electronic check,Medium Risk (Monitor/Nurture)
0411-EZJZE,No,0.6055720249985885,3,60.25,Month-to-month,DSL,Electronic check,Medium Risk (Monitor/Nurture)
5989-PGKJB,No,0.6054922422561992,16,86.25,Month-to-month,Fiber optic,Electronic check,Medium Risk (Monitor/Nurture)
9617-INGJY,No,0.6054879619128932,1,70.6,Month-to-month,Fiber optic,Mailed check,Medium Risk (Monitor/Nurture)
9050-IKDZA,No,0.605389602416419,2,81.5,Month-to-month,Fiber optic,Mailed check,Medium Risk (Monitor/Nurture)
7315-WYOAW,No,0.6053200888462256,13,100.75,Month-to-month,Fiber optic,Electronic check,Medium Risk (Monitor/Nurture)
5879-SESNB,No,0.6049660639710438,11,75.25,Month-to-month,Fiber optic,Electronic check,Medium Risk (Monitor/Nurture)
1751-NCDLI,No,0.6042455970356236,46,98.85,Month-to-month,Fiber optic,Electronic check,Medium Risk (Monitor/Nurture)
5405-ZMYXQ,No,0.6042116609749778,8,74.6,Month-to-month,Fiber optic,Credit card (automatic),Medium Risk (Monitor/Nurture)
4583-PARNH,No,0.6039970555290001,16,91.55,Month-to-month,Fiber optic,Electronic check,Medium Risk (Monitor/Nurture)
7176-WIONM,No,0.603819168517063,12,49.85,Month-to-month,DSL,Bank transfer (automatic),Medium Risk (Monitor/Nurture)
5652-MSDEY,No,0.6037273326973434,10,75.75,Month-to-month,Fiber optic,Mailed check,Medium Risk (Monitor/Nurture)
0258-NOKBL,No,0.6033383433496525,3,90.4,Month-to-month,Fiber optic,Electronic check,Medium Risk (Monitor/Nurture)
3050-GBUSH,No,0.6020997710963935,3,34.8,Month-to-month,DSL,Credit card (automatic),Medium Risk (Monitor/Nurture)
4195-NZGTA,No,0.6019530798830182,1,25.25,Month-to-month,DSL,Electronic check,Medium Risk (Monitor/Nurture)
4480-QQRHC,No,0.6010417358181839,8,74.05,Month-to-month,Fiber optic,Bank transfer (automatic),Medium Risk (Monitor/Nurture)
9054-FOWNV,No,0.6002190278407339,22,88.75,Month-to-month,Fiber optic,Electronic check,Medium Risk (Monitor/Nurture)
3496-LFSZU,No,0.6000380979434108,4,70.5,Month-to-month,Fiber optic,Electronic check,Medium Risk (Monitor/Nurture)
8224-DWCKX,No,0.5998398614180135,12,73.3,Month-to-month,Fiber optic,Credit card (automatic),Medium Risk (Monitor/Nurture)
0581-BXBUB,No,0.5995369381587712,4,72.75,Month-to-month,Fiber optic,Electronic check,Medium Risk (Monitor/Nurture)
9494-MRNYX,No,0.5994334296407281,10,75.05,Month-to-month,Fiber optic,Electronic check,Medium Risk (Monitor/Nurture)
2959-FENLU,No,0.5992850430118054,9,85.3,Month-to-month,Fiber optic,Credit card (automatic),Medium Risk (Monitor/Nurture)
2187-PKZAY,No,0.5986855707517067,12,79.95,Month-to-month,Fiber optic,Bank transfer (automatic),Medium Risk (Monitor/Nurture)
3644-QXEHN,No,0.5986167539303423,13,97.0,Month-to-month,Fiber optic,Electronic check,Medium Risk (Monitor/Nurture)
6137-NICCO,No,0.5979224005141821,6,94.05,Month-to-month,Fiber optic,Mailed check,Medium Risk (Monitor/Nurture)
4367-NHWMM,No,0.5971998228846298,1,24.9,Month-to-month,DSL,Mailed check,Medium Risk (Monitor/Nurture)
0674-DGMAQ,No,0.5969956818250143,32,93.5,Month-to-month,Fiber optic,Electronic check,Medium Risk (Monitor/Nurture)
1658-TJVOA,No,0.5968861480553276,6,74.1,Month-to-month,Fiber optic,Electronic check,Medium Risk (Monitor/Nurture)
8132-YPVBX,No,0.5967151307689349,6,85.95,Month-to-month,Fiber optic,Mailed check,Medium Risk (Monitor/Nurture)
7537-RBWEA,No,0.5965702294205375,1,25.15,Month-to-month,DSL,Mailed check,Medium Risk (Monitor/Nurture)
7284-BUYEC,No,0.5963124279131655,5,50.95,Month-to-month,DSL,Credit card (automatic),Medium Risk (Monitor/Nurture)
4647-MUZON,No,0.5954321071517723,18,95.95,Month-to-month,Fiber optic,Credit card (automatic),Medium Risk (Monitor/Nurture)
6267-DCFFZ,No,0.5953923460333757,30,90.05,Month-to-month,Fiber optic,Electronic check,Medium Risk (Monitor/Nurture)
0196-JTUQI,No,0.5952176480098575,9,75.2,Month-to-month,Fiber optic,Credit card (automatic),Medium Risk (Monitor/Nurture)
3703-KBKZP,No,0.595034046304152,16,74.45,Month-to-month,Fiber optic,Bank transfer (automatic),Medium Risk (Monitor/Nurture)
2800-VEQXM,No,0.5939616420696522,3,74.75,Month-to-month,Fiber optic,Mailed check,Medium Risk (Monitor/Nurture)
4059-IIEBK,No,0.5931116155343135,7,78.55,Month-to-month,Fiber optic,Bank transfer (automatic),Medium Risk (Monitor/Nurture)
4998-IKFSE,No,0.5927687788744798,30,100.45,Month-to-month,Fiber optic,Electronic check,Medium Risk (Monitor/Nurture)
9506-UXUSK,No,0.5923168930109693,13,70.15,Month-to-month,Fiber optic,Electronic check,Medium Risk (Monitor/Nurture)
4236-UJPWO,No,0.592146750621555,2,24.5,Month-to-month,DSL,Electronic check,Medium Risk (Monitor/Nurture)
2080-CAZNM,No,0.5920005581891604,41,104.4,Month-to-month,Fiber optic,Electronic check,Medium Risk (Monitor/Nurture)
0848-ZGQIJ,No,0.5918040722762664,16,94.65,Month-to-month,Fiber optic,Bank transfer (automatic),Medium Risk (Monitor/Nurture)
7072-MBHEV,No,0.5913317940898178,11,78.1,Month-to-month,Fiber optic,Credit card (automatic),Medium Risk (Monitor/Nurture)
5044-LRQAQ,No,0.5911805633369355,7,69.2,Month-to-month,Fiber optic,Bank transfer (automatic),Medium Risk (Monitor/Nurture)
4983-CCWMC,No,0.5909405068453716,3,69.6,Month-to-month,Fiber optic,Mailed check,Medium Risk (Monitor/Nurture)
9822-OAOVB,No,0.590640373665436,1,55.45,Month-to-month,DSL,Electronic check,Medium Risk (Monitor/Nurture)
0491-KAPQG,No,0.5901149456486369,21,73.7,Month-to-month,Fiber optic,Electronic check,Medium Risk (Monitor/Nurture)
4029-HPFVY,No,0.5899987412255622,3,70.3,Month-to-month,Fiber optic,Mailed check,Medium Risk (Monitor/Nurture)
6088-BXMRG,No,0.5882885259694056,32,98.85,Month-to-month,Fiber optic,Electronic check,Medium Risk (Monitor/Nurture)
0315-LVCRK,No,0.588185266485435,11,84.8,Month-to-month,Fiber optic,Electronic check,Medium Risk (Monitor/Nurture)
5215-LNLDJ,No,0.5868522187828881,7,24.7,Month-to-month,DSL,Electronic check,Medium Risk (Monitor/Nurture)
0248-IPDFW,No,0.5856995338499421,1,50.1,Month-to-month,DSL,Electronic check,Medium Risk (Monitor/Nurture)
7748-UMTRK,No,0.5835524817777432,30,101.3,Month-to-month,Fiber optic,Electronic check,Medium Risk (Monitor/Nurture)
4686-UXDML,No,0.5835215283187924,21,99.85,Month-to-month,Fiber optic,Credit card (automatic),Medium Risk (Monitor/Nurture)
4450-DLLMH,No,0.5828313012104173,2,71.3,Month-to-month,Fiber optic,Credit card (automatic),Medium Risk (Monitor/Nurture)
0147-ESWWR,No,0.5828149835160991,39,101.25,Month-to-month,Fiber optic,Electronic check,Medium Risk (Monitor/Nurture)
3588-WSTTJ,No,0.5820142031883583,35,99.05,Month-to-month,Fiber optic,Electronic check,Medium Risk (Monitor/Nurture)
2325-NBPZG,No,0.582009154980035,3,74.55,Month-to-month,Fiber optic,Electronic check,Medium Risk (Monitor/Nurture)
0447-RXSGD,No,0.5815706270364068,24,99.65,Month-to-month,Fiber optic,Bank transfer (automatic),Medium Risk (Monitor/Nurture)
5666-CYCYZ,No,0.581101560639049,24,89.55,Month-to-month,Fiber optic,Electronic check,Medium Risk (Monitor/Nurture)
2135-DQWAQ,No,0.5808817842612963,5,85.3,Month-to-month,Fiber optic,Mailed check,Medium Risk (Monitor/Nurture)
2824-MYYBN,No,0.5808402687139761,37,95.25,Month-to-month,Fiber optic,Electronic check,Medium Risk (Monitor/Nurture)
4299-SIMNS,No,0.5807688408000092,9,81.15,Month-to-month,Fiber optic,Electronic check,Medium Risk (Monitor/Nurture)
9779-DPNEJ,No,0.5805201710535468,22,80.15,Month-to-month,Fiber optic,Electronic check,Medium Risk (Monitor/Nurture)
9840-EFJQB,No,0.579909428766385,1,74.35,Month-to-month,Fiber optic,Electronic check,Medium Risk (Monitor/Nurture)
5605-IYGFG,No,0.578826037244904,7,69.85,Month-to-month,Fiber optic,Bank transfer (automatic),Medium Risk (Monitor/Nurture)
4581-LNWUM,No,0.5788035597754382,13,49.15,Month-to-month,DSL,Electronic check,Medium Risk (Monitor/Nurture)
5501-TVMGM,No,0.5786652800437456,1,55.25,Month-to-month,DSL,Electronic check,Medium Risk (Monitor/Nurture)
8118-TJAFG,No,0.5785615677806779,9,101.5,Month-to-month,Fiber optic,Electronic check,Medium Risk (Monitor/Nurture)
2460-NGXBJ,No,0.5784377539081409,11,75.2,Month-to-month,Fiber optic,Credit card (automatic),Medium Risk (Monitor/Nurture)
5339-PXDVH,No,0.5782088730636984,4,90.65,Month-to-month,Fiber optic,Electronic check,Medium Risk (Monitor/Nurture)
5091-HFAZW,No,0.57811263629743,2,91.15,Month-to-month,Fiber optic,Electronic check,Medium Risk (Monitor/Nurture)
9133-AYJZG,No,0.5773101562056684,23,98.7,Month-to-month,Fiber optic,Credit card (automatic),Medium Risk (Monitor/Nurture)
0921-OHLVP,No,0.5772255730886086,22,83.05,Month-to-month,Fiber optic,Electronic check,Medium Risk (Monitor/Nurture)
2761-XECQW,No,0.5761518499477621,8,43.35,Month-to-month,DSL,Mailed check,Medium Risk (Monitor/Nurture)
1335-NTIUC,No,0.5761390625123038,9,24.95,Month-to-month,DSL,Electronic check,Medium Risk (Monitor/Nurture)
6923-JHPMP,No,0.5752459543605655,2,80.45,Month-to-month,Fiber optic,Electronic check,Medium Risk (Monitor/Nurture)
8818-DOPVL,No,0.5748696719391385,46,104.45,Month-to-month,Fiber optic,Electronic check,Medium Risk (Monitor/Nurture)
3365-SAIGS,No,0.5741485222094664,17,83.55,Month-to-month,Fiber optic,Electronic check,Medium Risk (Monitor/Nurture)
5533-NHFRF,No,0.5738302006465353,7,44.4,Month-to-month,DSL,Electronic check,Medium Risk (Monitor/Nurture)
1730-ZMAME,No,0.5736712628138861,32,79.5,Month-to-month,Fiber optic,Electronic check,Medium Risk (Monitor/Nurture)
8160-HOWOX,No,0.5733579574597679,7,66.85,Month-to-month,DSL,Electronic check,Medium Risk (Monitor/Nurture)
4881-JVQOD,No,0.5732680252708988,10,34.55,Month-to-month,DSL,Bank transfer (automatic),Medium Risk (Monitor/Nurture)
2740-TVLFN,No,0.5730441569006054,1,50.15,Month-to-month,DSL,Electronic check,Medium Risk (Monitor/Nurture)
2041-JIJCI,No,0.5729663659780772,5,64.0,Month-to-month,DSL,Electronic check,Medium Risk (Monitor/Nurture)
9796-BPKIW,No,0.572916927645949,8,69.95,Month-to-month,Fiber optic,Credit card (automatic),Medium Risk (Monitor/Nurture)
7278-CKDNC,No,0.5728784487485507,24,80.5,Month-to-month,Fiber optic,Electronic check,Medium Risk (Monitor/Nurture)
9572-WUKSB,No,0.5723350034542587,3,29.9,Month-to-month,DSL,Electronic check,Medium Risk (Monitor/Nurture)
4716-HHKQH,No,0.5719035488553391,20,107.05,Month-to-month,Fiber optic,Electronic check,Medium Risk (Monitor/Nurture)
8104-OSKWT,No,0.5715445676709071,12,79.8,Month-to-month,Fiber optic,Electronic check,Medium Risk (Monitor/Nurture)
8617-ENBDS,No,0.5704536140234763,3,73.6,Month-to-month,Fiber optic,Credit card (automatic),Medium Risk (Monitor/Nurture)
1932-UEDCX,No,0.5701966747513247,33,100.6,Month-to-month,Fiber optic,Bank transfer (automatic),Medium Risk (Monitor/Nurture)
7426-RHZGU,No,0.5700633822162866,9,95.9,Month-to-month,Fiber optic,Bank transfer (automatic),Medium Risk (Monitor/Nurture)
0434-CSFON,No,0.5699443199425102,47,100.5,Month-to-month,Fiber optic,Electronic check,Medium Risk (Monitor/Nurture)
3003-CMDUU,No,0.5696637890376733,25,95.15,Month-to-month,Fiber optic,Electronic check,Medium Risk (Monitor/Nurture)
5692-ICXLW,No,0.5694275144222373,31,90.7,Month-to-month,Fiber optic,Electronic check,Medium Risk (Monitor/Nurture)
0093-EXYQL,No,0.5691637516200876,40,91.55,Month-to-month,Fiber optic,Electronic check,Medium Risk (Monitor/Nurture)
0958-YHXGP,No,0.5690650278574256,7,69.9,Month-to-month,Fiber optic,Mailed check,Medium Risk (Monitor/Nurture)
0899-LIIBW,No,0.5684172343017097,34,100.85,Month-to-month,Fiber optic,Electronic check,Medium Risk (Monitor/Nurture)
0674-EYYZV,No,0.5681105560491728,1,54.65,Month-to-month,DSL,Electronic check,Medium Risk (Monitor/Nurture)
6645-MXQJT,No,0.5677431586019087,2,97.1,Month-to-month,Fiber optic,Electronic check,Medium Risk (Monitor/Nurture)
2920-RNCEZ,No,0.5673668226396469,1,69.95,Month-to-month,Fiber optic,Credit card (automatic),Medium Risk (Monitor/Nurture)
9743-DQKQW,No,0.5669913076798647,3,25.1,Month-to-month,DSL,Electronic check,Medium Risk (Monitor/Nurture)
2739-CACDQ,No,0.5668793745224304,17,82.65,Month-to-month,Fiber optic,Credit card (automatic),Medium Risk (Monitor/Nurture)
4183-MYFRB,No,0.5665290321848185,21,90.05,Month-to-month,Fiber optic,Electronic check,Medium Risk (Monitor/Nurture)
9167-APMXZ,No,0.5664346813297312,22,84.15,Month-to-month,Fiber optic,Bank transfer (automatic),Medium Risk (Monitor/Nurture)
0112-QAWRZ,No,0.5662787534942474,16,90.8,Month-to-month,Fiber optic,Bank transfer (automatic),Medium Risk (Monitor/Nurture)
6637-KYRCV,No,0.5650168363314392,5,30.5,Month-to-month,DSL,Electronic check,Medium Risk (Monitor/Nurture)
2582-FFFZR,No,0.5649604804415039,22,50.6,Month-to-month,DSL,Electronic check,Medium Risk (Monitor/Nurture)
6175-IRFIT,No,0.5637004203817267,5,78.75,Month-to-month,Fiber optic,Mailed check,Medium Risk (Monitor/Nurture)
5144-TVGLP,No,0.5633978678406125,38,94.75,Month-to-month,Fiber optic,Electronic check,Medium Risk (Monitor/Nurture)
6551-GNYDG,No,0.5632221671313039,14,80.9,Month-to-month,Fiber optic,Bank transfer (automatic),Medium Risk (Monitor/Nurture)
0650-BWOZN,No,0.562850907024664,18,73.55,Month-to-month,Fiber optic,Electronic check,Medium Risk (Monitor/Nurture)
6103-BOCOU,No,0.5626382921438469,26,80.7,Month-to-month,Fiber optic,Electronic check,Medium Risk (Monitor/Nurture)
9129-UXERG,No,0.5625500096470225,18,103.6,Month-to-month,Fiber optic,Credit card (automatic),Medium Risk (Monitor/Nurture)
2424-WVHPL,No,0.5624929495675225,1,74.7,Month-to-month,Fiber optic,Electronic check,Medium Risk (Monitor/Nurture)
3211-AAPKX,No,0.5610274049313232,20,98.55,Month-to-month,Fiber optic,Mailed check,Medium Risk (Monitor/Nurture)
8990-ZXLSU,No,0.5607513905623404,9,69.05,Month-to-month,Fiber optic,Electronic check,Medium Risk (Monitor/Nurture)
5960-MVTUK,No,0.5596637219435843,3,29.75,Month-to-month,DSL,Electronic check,Medium Risk (Monitor/Nurture)
9638-JIQYA,No,0.5593558286249408,2,24.9,Month-to-month,DSL,Credit card (automatic),Medium Risk (Monitor/Nurture)
6243-OZGFH,No,0.5592456168992862,23,44.95,Month-to-month,DSL,Electronic check,Medium Risk (Monitor/Nurture)
7924-GJZFI,No,0.5592242253079942,25,69.3,Month-to-month,Fiber optic,Electronic check,Medium Risk (Monitor/Nurture)
0620-DLSLK,No,0.5588562920098752,13,81.9,Month-to-month,Fiber optic,Mailed check,Medium Risk (Monitor/Nurture)
8630-FJLIB,No,0.5587266844277129,18,69.8,Month-to-month,Fiber optic,Electronic check,Medium Risk (Monitor/Nurture)
0224-RLWWD,No,0.5580036958787584,2,44.3,Month-to-month,DSL,Electronic check,Medium Risk (Monitor/Nurture)
2080-GKCWQ,No,0.5575975957701796,2,74.95,Month-to-month,Fiber optic,Electronic check,Medium Risk (Monitor/Nurture)
1769-GRUIK,No,0.5570774331724783,18,71.1,Month-to-month,Fiber optic,Electronic check,Medium Risk (Monitor/Nurture)
8120-JDCAM,No,0.5565743645166823,4,69.55,Month-to-month,Fiber optic,Mailed check,Medium Risk (Monitor/Nurture)
4257-GAESD,No,0.5565106814496299,6,45.0,Month-to-month,DSL,Credit card (automatic),Medium Risk (Monitor/Nurture)
3956-MGXOG,No,0.5563885631330758,28,80.6,Month-to-month,Fiber optic,Electronic check,Medium Risk (Monitor/Nurture)
7853-OETYL,No,0.5563525809098128,4,29.05,Month-to-month,DSL,Electronic check,Medium Risk (Monitor/Nurture)
9432-VOFYX,No,0.5558844925189816,17,70.8,Month-to-month,Fiber optic,Electronic check,Medium Risk (Monitor/Nurture)
0439-IFYUN,No,0.5553444397726586,18,74.7,Month-to-month,Fiber optic,Electronic check,Medium Risk (Monitor/Nurture)
2373-NTKOD,No,0.5549103457188195,8,66.25,Month-to-month,DSL,Electronic check,Medium Risk (Monitor/Nurture)
7422-WNBTY,No,0.5531662987759077,33,93.35,Month-to-month,Fiber optic,Electronic check,Medium Risk (Monitor/Nurture)
9773-PEQBZ,No,0.5530436655543244,10,79.85,Month-to-month,Fiber optic,Electronic check,Medium Risk (Monitor/Nurture)
9093-FPDLG,No,0.5527278782188537,11,94.2,Month-to-month,Fiber optic,Electronic check,Medium Risk (Monitor/Nurture)
7379-FNIUJ,No,0.5522482810377755,2,100.2,Month-to-month,Fiber optic,Electronic check,Medium Risk (Monitor/Nurture)
5119-KEPFY,No,0.5516902293480627,36,95.0,Month-to-month,Fiber optic,Bank transfer (automatic),Medium Risk (Monitor/Nurture)
8645-KWHJO,No,0.5494588138545046,14,55.0,Month-to-month,DSL,Electronic check,Medium Risk (Monitor/Nurture)
6994-KERXL,No,0.5491591381412894,4,55.9,Month-to-month,DSL,Electronic check,Medium Risk (Monitor/Nurture)
3916-NRPAP,No,0.5487106140458455,3,85.7,Month-to-month,Fiber optic,Credit card (automatic),Medium Risk (Monitor/Nurture)
3966-HRMZA,No,0.5484111167703966,3,75.05,Month-to-month,Fiber optic,Mailed check,Medium Risk (Monitor/Nurture)
0988-JRWWP,No,0.5482152192461683,3,54.2,Month-to-month,DSL,Electronic check,Medium Risk (Monitor/Nurture)
5899-OUVKV,No,0.5479230814218566,31,94.5,Month-to-month,Fiber optic,Electronic check,Medium Risk (Monitor/Nurture)
7892-QVYKW,No,0.5478377652446161,23,85.6,Month-to-month,Fiber optic,Electronic check,Medium Risk (Monitor/Nurture)
7318-EIVKO,No,0.5470368265842254,8,59.25,Month-to-month,DSL,Electronic check,Medium Risk (Monitor/Nurture)
1580-BMCMR,No,0.5466562751664549,19,87.3,Month-to-month,Fiber optic,Electronic check,Medium Risk (Monitor/Nurture)
7895-VONWT,No,0.5458523588448463,25,48.25,Month-to-month,DSL,Electronic check,Medium Risk (Monitor/Nurture)
5233-AOZUF,No,0.5458303780033843,29,74.95,Month-to-month,Fiber optic,Electronic check,Medium Risk (Monitor/Nurture)
6599-SFQVE,No,0.5442194419115497,6,55.0,Month-to-month,DSL,Electronic check,Medium Risk (Monitor/Nurture)
0771-WLCLA,No,0.5440591021598444,16,112.95,Month-to-month,Fiber optic,Electronic check,Medium Risk (Monitor/Nurture)
9058-MJLZC,No,0.5433836561113718,24,94.6,Month-to-month,Fiber optic,Electronic check,Medium Risk (Monitor/Nurture)
8189-XRIKE,No,0.5431380932157284,32,90.95,Month-to-month,Fiber optic,Electronic check,Medium Risk (Monitor/Nurture)
2603-HVKCG,No,0.5428693732133847,31,101.4,Month-to-month,Fiber optic,Electronic check,Medium Risk (Monitor/Nurture)
1212-GLHMD,No,0.5425769735261121,3,86.05,Month-to-month,Fiber optic,Mailed check,Medium Risk (Monitor/Nurture)
6652-YFFJO,No,0.5423022049916469,11,64.9,Month-to-month,DSL,Electronic check,Medium Risk (Monitor/Nurture)
3384-CTMSF,No,0.5422390218532849,47,104.1,Month-to-month,Fiber optic,Electronic check,Medium Risk (Monitor/Nurture)
6818-DJXAA,No,0.5419199551232136,10,91.1,Month-to-month,Fiber optic,Electronic check,Medium Risk (Monitor/Nurture)
2832-KJCRD,No,0.5417649851937867,38,103.65,Month-to-month,Fiber optic,Electronic check,Medium Risk (Monitor/Nurture)
8356-WUAOJ,No,0.540458866083699,1,45.0,Month-to-month,DSL,Electronic check,Medium Risk (Monitor/Nurture)
5022-KVDQT,No,0.5403028995599767,27,81.3,Month-to-month,Fiber optic,Electronic check,Medium Risk (Monitor/Nurture)
3771-PZOBW,No,0.540201277533666,20,90.7,Month-to-month,Fiber optic,Credit card (automatic),Medium Risk (Monitor/Nurture)
7855-DIWPO,No,0.5399031380027425,21,68.65,Month-to-month,Fiber optic,Electronic check,Medium Risk (Monitor/Nurture)
8981-FJGLA,No,0.539136769072645,11,78.0,Month-to-month,Fiber optic,Mailed check,Medium Risk (Monitor/Nurture)
5183-SNMJQ,No,0.5389512915181183,10,95.1,Month-to-month,Fiber optic,Credit card (automatic),Medium Risk (Monitor/Nurture)
4536-PLEQY,No,0.5388051840771895,12,85.05,Month-to-month,Fiber optic,Credit card (automatic),Medium Risk (Monitor/Nurture)
2252-ISRNH,No,0.5373659295099893,9,90.35,One year,Fiber optic,Electronic check,Medium Risk (Monitor/Nurture)
6260-ONULR,No,0.537178131685284,1,62.8,Month-to-month,DSL,Mailed check,Medium Risk (Monitor/Nurture)
1307-ATKGB,No,0.5369251961936157,24,89.55,Month-to-month,Fiber optic,Electronic check,Medium Risk (Monitor/Nurture)
8903-WMRNW,No,0.5368061599693114,15,101.75,Month-to-month,Fiber optic,Electronic check,Medium Risk (Monitor/Nurture)
0114-PEGZZ,No,0.5365414412071511,33,107.55,Month-to-month,Fiber optic,Electronic check,Medium Risk (Monitor/Nurture)
4546-FOKWR,No,0.5363376958060019,16,74.75,Month-to-month,Fiber optic,Credit card (automatic),Medium Risk (Monitor/Nurture)
8040-MNRTF,No,0.5352653821489943,1,71.1,Month-to-month,Fiber optic,Mailed check,Medium Risk (Monitor/Nurture)
4360-PNRQB,No,0.534973008301207,18,75.6,Month-to-month,Fiber optic,Bank transfer (automatic),Medium Risk (Monitor/Nurture)
3196-NVXLZ,No,0.5345064589587144,25,84.6,Month-to-month,Fiber optic,Mailed check,Medium Risk (Monitor/Nurture)
2070-XYMFH,No,0.5335034919177969,23,79.35,Month-to-month,Fiber optic,Mailed check,Medium Risk (Monitor/Nurture)
2018-PZKMU,No,0.5333604232076564,9,103.1,Month-to-month,Fiber optic,Electronic check,Medium Risk (Monitor/Nurture)
8445-DNBAE,No,0.5331572782423388,1,50.05,Month-to-month,DSL,Electronic check,Medium Risk (Monitor/Nurture)
8778-LMWTJ,No,0.5329210237623287,9,74.85,Month-to-month,Fiber optic,Electronic check,Medium Risk (Monitor/Nurture)
6559-PDZLR,No,0.5323439484112412,26,98.65,Month-to-month,Fiber optic,Electronic check,Medium Risk (Monitor/Nurture)
9026-LHEVG,No,0.5322501582008718,9,40.75,Month-to-month,DSL,Electronic check,Medium Risk (Monitor/Nurture)
4128-ETESU,No,0.5320411000124564,47,99.7,Month-to-month,Fiber optic,Electronic check,Medium Risk (Monitor/Nurture)
8059-UDZFY,No,0.5320222707426352,33,105.35,Month-to-month,Fiber optic,Bank transfer (automatic),Medium Risk (Monitor/Nurture)
6719-OXYBR,No,0.5308975245684786,15,85.3,Month-to-month,Fiber optic,Electronic check,Medium Risk (Monitor/Nurture)
0212-ISBBF,No,0.5303757262969274,22,50.35,Month-to-month,DSL,Electronic check,Medium Risk (Monitor/Nurture)
5857-TYBCJ,No,0.530373574225868,44,89.2,Month-to-month,Fiber optic,Electronic check,Medium Risk (Monitor/Nurture)
2823-LKABH,No,0.5300092581039902,18,95.05,Month-to-month,Fiber optic,Bank transfer (automatic),Medium Risk (Monitor/Nurture)
9588-OZDMQ,No,0.5299524224163221,2,45.0,Month-to-month,DSL,Electronic check,Medium Risk (Monitor/Nurture)
7952-OBOYL,No,0.5294824819246985,3,89.85,Month-to-month,Fiber optic,Mailed check,Medium Risk (Monitor/Nurture)
8903-XEBGX,No,0.5285766621691084,2,55.3,Month-to-month,DSL,Electronic check,Medium Risk (Monitor/Nurture)
4137-BTIKL,No,0.5284696998513027,2,90.75,Month-to-month,Fiber optic,Mailed check,Medium Risk (Monitor/Nurture)
7634-WSWDB,No,0.5283115533251261,8,38.5,Month-to-month,DSL,Electronic check,Medium Risk (Monitor/Nurture)
6212-ATMLK,No,0.5282187934265601,50,95.7,Month-to-month,Fiber optic,Electronic check,Medium Risk (Monitor/Nurture)
5482-VXSXJ,No,0.5281460320634757,22,93.2,Month-to-month,Fiber optic,Mailed check,Medium Risk (Monitor/Nurture)
9643-AVVWI,No,0.5265311043577913,3,80.0,Month-to-month,Fiber optic,Electronic check,Medium Risk (Monitor/Nurture)
8800-ZKRFW,No,0.5264964627660956,30,107.5,Month-to-month,Fiber optic,Electronic check,Medium Risk (Monitor/Nurture)
3853-LYGAM,No,0.5264886183246439,17,95.65,Month-to-month,Fiber optic,Bank transfer (automatic),Medium Risk (Monitor/Nurture)
5439-WIKXB,No,0.525620331215408,41,94.55,Month-to-month,Fiber optic,Electronic check,Medium Risk (Monitor/Nurture)
2501-XWWTZ,No,0.5253000425719804,11,70.2,Month-to-month,Fiber optic,Electronic check,Medium Risk (Monitor/Nurture)
9365-SRSZE,No,0.525034667978986,27,70.55,Month-to-month,Fiber optic,Electronic check,Medium Risk (Monitor/Nurture)
8687-BAFGU,No,0.5245840641742573,1,74.0,Month-to-month,Fiber optic,Electronic check,Medium Risk (Monitor/Nurture)
1391-UBDAR,No,0.5240924495137042,11,72.9,Month-to-month,Fiber optic,Electronic check,Medium Risk (Monitor/Nurture)
3002-WQZWT,No,0.5234684452274775,29,74.2,Month-to-month,Fiber optic,Electronic check,Medium Risk (Monitor/Nurture)
0581-MDMPW,No,0.5234284692347944,24,88.95,Month-to-month,Fiber optic,Credit card (automatic),Medium Risk (Monitor/Nurture)
4718-DHSMV,No,0.5228028159180413,11,35.8,Month-to-month,DSL,Mailed check,Medium Risk (Monitor/Nurture)
2209-XADXF,No,0.5227840349798663,1,25.25,Month-to-month,DSL,Bank transfer (automatic),Medium Risk (Monitor/Nurture)
5543-QDCRY,No,0.5224954555284655,4,56.4,Month-to-month,DSL,Electronic check,Medium Risk (Monitor/Nurture)
8695-ARGXZ,No,0.5224024239519296,34,75.55,Month-to-month,Fiber optic,Electronic check,Medium Risk (Monitor/Nurture)
9971-ZWPBF,No,0.5219154475893868,34,108.9,Month-to-month,Fiber optic,Electronic check,Medium Risk (Monitor/Nurture)
7901-TBKJX,No,0.5212312373976088,56,101.05,Month-to-month,Fiber optic,Electronic check,Medium Risk (Monitor/Nurture)
5022-JNQEQ,No,0.5193464726956812,9,75.85,Month-to-month,Fiber optic,Electronic check,Medium Risk (Monitor/Nurture)
1399-UBQIU,No,0.5192875317128052,11,69.35,Month-to-month,DSL,Electronic check,Medium Risk (Monitor/Nurture)
4238-JSSWH,No,0.5190203854816829,35,102.05,Month-to-month,Fiber optic,Bank transfer (automatic),Medium Risk (Monitor/Nurture)
6557-BZXLQ,No,0.5181948126463374,16,69.65,Month-to-month,Fiber optic,Electronic check,Medium Risk (Monitor/Nurture)
2468-SJFLM,No,0.517945777406102,1,74.3,Month-to-month,Fiber optic,Mailed check,Medium Risk (Monitor/Nurture)
3312-UUMZW,No,0.5177229062839338,32,98.85,Month-to-month,Fiber optic,Credit card (automatic),Medium Risk (Monitor/Nurture)
0682-USIXD,No,0.5169773778822819,21,86.05,Month-to-month,Fiber optic,Electronic check,Medium Risk (Monitor/Nurture)
9895-VFOXH,No,0.5164387781380926,1,24.4,Month-to-month,DSL,Mailed check,Medium Risk (Monitor/Nurture)
2692-BUCFV,No,0.5160373515574649,29,101.45,Month-to-month,Fiber optic,Bank transfer (automatic),Medium Risk (Monitor/Nurture)
2027-CWDNU,No,0.5157962552062251,18,85.6,Month-to-month,Fiber optic,Electronic check,Medium Risk (Monitor/Nurture)
0817-HSUSE,No,0.5157001406014451,1,75.5,Month-to-month,DSL,Electronic check,Medium Risk (Monitor/Nurture)
5630-IXDXV,No,0.5155689332170214,47,106.35,Month-to-month,Fiber optic,Electronic check,Medium Risk (Monitor/Nurture)
7718-RXDGG,No,0.5155395187804036,15,68.6,Month-to-month,Fiber optic,Bank transfer (automatic),Medium Risk (Monitor/Nurture)
4373-VVHQL,No,0.5147243698270054,1,44.75,Month-to-month,DSL,Electronic check,Medium Risk (Monitor/Nurture)
6519-CFDBX,No,0.5146751541025242,2,45.4,Month-to-month,DSL,Electronic check,Medium Risk (Monitor/Nurture)
8705-WZCYL,No,0.5145936512804337,1,44.8,Month-to-month,DSL,Electronic check,Medium Risk (Monitor/Nurture)
3717-OEAUQ,No,0.513914551521638,2,70.7,Month-to-month,Fiber optic,Mailed check,Medium Risk (Monitor/Nurture)
7562-UXTPG,No,0.5139124865589009,13,70.15,Month-to-month,Fiber optic,Mailed check,Medium Risk (Monitor/Nurture)
8456-QDAVC,No,0.5138855229797958,19,78.7,Month-to-month,Fiber optic,Bank transfer (automatic),Medium Risk (Monitor/Nurture)
1194-HVAIF,No,0.5137432941202922,27,95.0,Month-to-month,Fiber optic,Credit card (automatic),Medium Risk (Monitor/Nurture)
8584-KMVXD,No,0.5136450319812972,8,75.6,Month-to-month,Fiber optic,Electronic check,Medium Risk (Monitor/Nurture)
0221-WMXNQ,No,0.5135765497323169,4,75.35,Month-to-month,Fiber optic,Electronic check,Medium Risk (Monitor/Nurture)
1746-TGTWV,No,0.5129250802247228,1,75.35,Month-to-month,Fiber optic,Credit card (automatic),Medium Risk (Monitor/Nurture)
4741-WWJQZ,No,0.5128227420177838,2,80.15,Month-to-month,Fiber optic,Electronic check,Medium Risk (Monitor/Nurture)
0139-IVFJG,No,0.5127427122651363,2,90.35,Month-to-month,Fiber optic,Electronic check,Medium Risk (Monitor/Nurture)
5019-GQVCR,No,0.5126597829891668,43,84.85,Month-to-month,Fiber optic,Electronic check,Medium Risk (Monitor/Nurture)
6778-YSNIH,No,0.5119168685043273,2,59.0,Month-to-month,DSL,Electronic check,Medium Risk (Monitor/Nurture)
6481-ESCNL,No,0.5114461961305888,29,100.55,Month-to-month,Fiber optic,Bank transfer (automatic),Medium Risk (Monitor/Nurture)
1608-GMEWB,No,0.5111447735643946,45,93.9,Month-to-month,Fiber optic,Bank transfer (automatic),Medium Risk (Monitor/Nurture)
7508-SMHXL,No,0.5110789438579322,15,89.0,Month-to-month,Fiber optic,Credit card (automatic),Medium Risk (Monitor/Nurture)
7389-KBFIT,No,0.5107012219957912,2,30.25,Month-to-month,DSL,Mailed check,Medium Risk (Monitor/Nurture)
2697-NQBPF,No,0.5105542515535981,34,105.35,Month-to-month,Fiber optic,Electronic check,Medium Risk (Monitor/Nurture)
4690-PKDQG,No,0.5105183176266229,42,95.55,Month-to-month,Fiber optic,Electronic check,Medium Risk (Monitor/Nurture)
5453-AXEPF,No,0.5097093328971941,17,80.5,Month-to-month,Fiber optic,Bank transfer (automatic),Medium Risk (Monitor/Nurture)
9274-UARKJ,No,0.5085058941919799,15,83.2,Month-to-month,Fiber optic,Bank transfer (automatic),Medium Risk (Monitor/Nurture)
8486-AYEQH,No,0.5075149898586153,31,76.05,Month-to-month,Fiber optic,Electronic check,Medium Risk (Monitor/Nurture)
3955-JBZZM,No,0.5074235933578867,20,78.8,Month-to-month,Fiber optic,Electronic check,Medium Risk (Monitor/Nurture)
0082-OQIQY,No,0.5062567687308887,29,94.2,Month-to-month,Fiber optic,Electronic check,Medium Risk (Monitor/Nurture)
7978-DKUQH,No,0.5061144856740016,25,74.6,Month-to-month,Fiber optic,Electronic check,Medium Risk (Monitor/Nurture)
3665-JATSN,No,0.5060840717515331,19,39.7,Month-to-month,DSL,Electronic check,Medium Risk (Monitor/Nurture)
5950-AAAGJ,No,0.5051667546105935,18,84.3,Month-to-month,Fiber optic,Bank transfer (automatic),Medium Risk (Monitor/Nurture)
8490-BXHEO,No,0.5049464520424055,18,80.55,Month-to-month,Fiber optic,Credit card (automatic),Medium Risk (Monitor/Nurture)
8404-GFGCZ,No,0.504104453014773,4,65.6,Month-to-month,DSL,Electronic check,Medium Risk (Monitor/Nurture)
3439-GVUSX,No,0.5035921586290656,1,24.4,Month-to-month,DSL,Mailed check,Medium Risk (Monitor/Nurture)
1845-CSBRZ,No,0.5030746288884781,22,85.35,Month-to-month,Fiber optic,Bank transfer (automatic),Medium Risk (Monitor/Nurture)
3088-LHEFH,No,0.5022507706675684,11,79.0,Month-to-month,Fiber optic,Bank transfer (automatic),Medium Risk (Monitor/Nurture)
7018-WBJNK,No,0.5016624842290547,13,78.3,Month-to-month,Fiber optic,Credit card (automatic),Medium Risk (Monitor/Nurture)
9921-QFQUL,No,0.5014901687112521,23,90.15,Month-to-month,Fiber optic,Mailed check,Medium Risk (Monitor/Nurture)
6158-HDPXZ,No,0.5011064295773877,1,25.35,Month-to-month,DSL,Mailed check,Medium Risk (Monitor/Nurture)
5647-FXOTP,No,0.5008737914021456,60,105.9,Month-to-month,Fiber optic,Electronic check,Medium Risk (Monitor/Nurture)
3312-ZWLGF,No,0.5005291349987763,29,79.3,Month-to-month,Fiber optic,Electronic check,Medium Risk (Monitor/Nurture)
2507-QZPQS,No,0.5004795986119606,15,95.7,Month-to-month,Fiber optic,Electronic check,Medium Risk (Monitor/Nurture)
2786-GCDPI,No,0.5003182226524893,50,104.95,Month-to-month,Fiber optic,Electronic check,Medium Risk (Monitor/Nurture)
5760-FXFVO,No,0.4998675409680079,6,78.95,Month-to-month,Fiber optic,Electronic check,Medium Risk (Monitor/Nurture)
9529-OFXHY,No,0.49985603694745173,15,87.75,Month-to-month,Fiber optic,Bank transfer (automatic),Medium Risk (Monitor/Nurture)
2203-GHNWN,No,0.49915365650672944,24,79.65,Month-to-month,Fiber optic,Mailed check,Medium Risk (Monitor/Nurture)
6704-UTUKK,No,0.4990632335909516,29,45.9,Month-to-month,DSL,Electronic check,Medium Risk (Monitor/Nurture)
5606-AMZBO,No,0.4977934592405317,10,78.15,Month-to-month,Fiber optic,Credit card (automatic),Medium Risk (Monitor/Nurture)
3914-FDRHP,No,0.49769454706990773,9,86.25,Month-to-month,Fiber optic,Electronic check,Medium Risk (Monitor/Nurture)
2800-QQUSO,No,0.49767165077984155,42,100.3,Month-to-month,Fiber optic,Electronic check,Medium Risk (Monitor/Nurture)
2916-BQZLN,No,0.4974859969253984,19,84.75,Month-to-month,Fiber optic,Electronic check,Medium Risk (Monitor/Nurture)
9944-AEXBM,No,0.4971088671910195,32,85.65,Month-to-month,Fiber optic,Bank transfer (automatic),Medium Risk (Monitor/Nurture)
0570-BFQHT,No,0.49689466203453864,9,80.55,Month-to-month,Fiber optic,Electronic check,Medium Risk (Monitor/Nurture)
5982-FPVQN,No,0.4967876083822201,37,95.15,Month-to-month,Fiber optic,Electronic check,Medium Risk (Monitor/Nurture)
7351-KYHQH,No,0.49602186152312056,7,64.95,Month-to-month,DSL,Electronic check,Medium Risk (Monitor/Nurture)
6339-DKLMK,No,0.4953955421268076,13,31.65,Month-to-month,DSL,Electronic check,Medium Risk (Monitor/Nurture)
6034-YMTOB,No,0.4951375199858133,5,75.65,Month-to-month,Fiber optic,Mailed check,Medium Risk (Monitor/Nurture)
2811-POVEX,No,0.4949737607871284,23,88.45,Month-to-month,Fiber optic,Bank transfer (automatic),Medium Risk (Monitor/Nurture)
1384-RCUXW,No,0.49491886936246116,16,80.55,Month-to-month,Fiber optic,Mailed check,Medium Risk (Monitor/Nurture)
7901-HXJVA,No,0.49439633929175847,14,76.45,Month-to-month,Fiber optic,Electronic check,Medium Risk (Monitor/Nurture)
7586-ZATGZ,No,0.4942306205471274,40,84.9,Month-to-month,Fiber optic,Electronic check,Medium Risk (Monitor/Nurture)
8849-AYPTR,No,0.49408896021583126,33,91.25,Month-to-month,Fiber optic,Electronic check,Medium Risk (Monitor/Nurture)
4947-DSMXK,No,0.4938464124627078,34,97.7,Month-to-month,Fiber optic,Bank transfer (automatic),Medium Risk (Monitor/Nurture)
1100-DDVRV,No,0.49357021544563595,17,49.8,Month-to-month,DSL,Mailed check,Medium Risk (Monitor/Nurture)
9904-EHEVJ,No,0.49207357353451064,32,91.35,Month-to-month,Fiber optic,Mailed check,Medium Risk (Monitor/Nurture)
6542-LWGXJ,No,0.4919964779437324,3,25.0,Month-to-month,DSL,Mailed check,Medium Risk (Monitor/Nurture)
8212-DJRCH,No,0.49196055507363007,5,90.35,Month-to-month,Fiber optic,Mailed check,Medium Risk (Monitor/Nurture)
4619-EVPHY,No,0.4914019720535737,20,91.0,One year,Fiber optic,Bank transfer (automatic),Medium Risk (Monitor/Nurture)
3518-PZXZQ,No,0.4912754180608625,1,55.3,Month-to-month,DSL,Mailed check,Medium Risk (Monitor/Nurture)
1777-JYQPJ,No,0.49116109686179193,2,24.3,Month-to-month,DSL,Mailed check,Medium Risk (Monitor/Nurture)
0564-MUUQK,No,0.49098843902031164,20,95.5,Month-to-month,Fiber optic,Bank transfer (automatic),Medium Risk (Monitor/Nurture)
0428-IKYCP,No,0.4909419892717726,22,87.0,Month-to-month,Fiber optic,Bank transfer (automatic),Medium Risk (Monitor/Nurture)
9885-AIBVB,No,0.4908410365107471,29,85.8,Month-to-month,Fiber optic,Electronic check,Medium Risk (Monitor/Nurture)
3167-SNQPL,No,0.4903400264667249,38,101.15,Month-to-month,Fiber optic,Electronic check,Medium Risk (Monitor/Nurture)
7296-PIXQY,No,0.49010901786895367,14,70.2,Month-to-month,Fiber optic,Electronic check,Medium Risk (Monitor/Nurture)
2322-VCZHZ,No,0.4900180543354025,23,90.0,Month-to-month,Fiber optic,Electronic check,Medium Risk (Monitor/Nurture)
5600-KTXFM,No,0.4899540486622779,2,69.95,Month-to-month,Fiber optic,Mailed check,Medium Risk (Monitor/Nurture)
5226-NOZFC,No,0.48982616225207526,26,85.75,Month-to-month,Fiber optic,Electronic check,Medium Risk (Monitor/Nurture)
4879-GZLFH,No,0.4896289822268782,42,92.15,Month-to-month,Fiber optic,Electronic check,Medium Risk (Monitor/Nurture)
8012-SOUDQ,No,0.489082102361243,43,90.25,Month-to-month,Fiber optic,Electronic check,Medium Risk (Monitor/Nurture)
2675-DHUTR,No,0.488933543748608,58,98.9,Month-to-month,Fiber optic,Electronic check,Medium Risk (Monitor/Nurture)
3055-MJDSB,No,0.4884858875573636,9,24.6,Month-to-month,DSL,Mailed check,Medium Risk (Monitor/Nurture)
5222-IMUKT,No,0.4882324522639075,32,91.05,Month-to-month,Fiber optic,Electronic check,Medium Risk (Monitor/Nurture)
8212-CRQXP,No,0.487981032868471,22,80.0,Month-to-month,Fiber optic,Credit card (automatic),Medium Risk (Monitor/Nurture)
0599-XNYDO,No,0.486889549206401,20,69.8,Month-to-month,Fiber optic,Bank transfer (automatic),Medium Risk (Monitor/Nurture)
2694-CIUMO,No,0.48683686814022226,12,79.55,Month-to-month,Fiber optic,Credit card (automatic),Medium Risk (Monitor/Nurture)
5294-DMSFH,No,0.4865540146171758,29,87.8,Month-to-month,Fiber optic,Credit card (automatic),Medium Risk (Monitor/Nurture)
2495-KZNFB,No,0.48637124351289257,33,90.65,Month-to-month,Fiber optic,Electronic check,Medium Risk (Monitor/Nurture)
6464-KEXXH,No,0.4861444679200968,8,25.25,Month-to-month,DSL,Credit card (automatic),Medium Risk (Monitor/Nurture)
3995-WFCSM,No,0.48602515481229397,2,60.85,Month-to-month,DSL,Electronic check,Medium Risk (Monitor/Nurture)
8563-OYMQY,No,0.4857005589202252,17,90.95,Month-to-month,Fiber optic,Credit card (automatic),Medium Risk (Monitor/Nurture)
5626-MGTUK,No,0.48512028748449315,20,89.1,Month-to-month,Fiber optic,Bank transfer (automatic),Medium Risk (Monitor/Nurture)
0869-PAPRP,No,0.48511624171698126,26,85.7,Month-to-month,Fiber optic,Credit card (automatic),Medium Risk (Monitor/Nurture)
3545-CNWRG,No,0.483532047523715,49,98.35,Month-to-month,Fiber optic,Electronic check,Medium Risk (Monitor/Nurture)
8993-IZEUX,No,0.4833373119187392,7,69.15,Month-to-month,Fiber optic,Bank transfer (automatic),Medium Risk (Monitor/Nurture)
8378-LKJAF,No,0.48277592688865334,38,101.15,Month-to-month,Fiber optic,Credit card (automatic),Medium Risk (Monitor/Nurture)
9752-ZNQUT,No,0.4821133174130261,1,48.6,Month-to-month,DSL,Electronic check,Medium Risk (Monitor/Nurture)
1173-NOEYG,No,0.48175349114698146,27,90.15,Month-to-month,Fiber optic,Bank transfer (automatic),Medium Risk (Monitor/Nurture)
7020-OZKXZ,No,0.4815745317812517,9,75.5,Month-to-month,Fiber optic,Credit card (automatic),Medium Risk (Monitor/Nurture)
2831-EBWRN,No,0.48141771533946426,4,45.9,Month-to-month,DSL,Electronic check,Medium Risk (Monitor/Nurture)
9800-ONTFE,No,0.4809756754553639,22,75.8,Month-to-month,Fiber optic,Bank transfer (automatic),Medium Risk (Monitor/Nurture)
9505-SQFSW,No,0.480792605395319,3,40.3,Month-to-month,DSL,Mailed check,Medium Risk (Monitor/Nurture)
7567-ECMCM,No,0.48031379990053213,24,79.85,Month-to-month,Fiber optic,Credit card (automatic),Medium Risk (Monitor/Nurture)
6522-YRBXD,No,0.4801698211023379,35,94.55,Month-to-month,Fiber optic,Electronic check,Medium Risk (Monitor/Nurture)
9620-ENEJV,No,0.47970726453981793,6,70.55,Month-to-month,Fiber optic,Credit card (automatic),Medium Risk (Monitor/Nurture)
1818-ESQMW,No,0.47939832258060094,27,89.2,Month-to-month,Fiber optic,Electronic check,Medium Risk (Monitor/Nurture)
4062-HBMOS,No,0.479167743668662,52,103.05,Month-to-month,Fiber optic,Electronic check,Medium Risk (Monitor/Nurture)
9979-RGMZT,No,0.47789769749486705,7,94.05,One year,Fiber optic,Mailed check,Medium Risk (Monitor/Nurture)
7729-JTEEC,No,0.4778881944867944,2,44.5,Month-to-month,DSL,Electronic check,Medium Risk (Monitor/Nurture)
7460-ITWWP,No,0.4776948985958683,45,86.1,Month-to-month,Fiber optic,Electronic check,Medium Risk (Monitor/Nurture)
6078-VESFR,No,0.4765846017869124,13,70.45,Month-to-month,Fiber optic,Bank transfer (automatic),Medium Risk (Monitor/Nurture)
9518-XXBXE,No,0.4764518971912586,10,75.3,Month-to-month,Fiber optic,Electronic check,Medium Risk (Monitor/Nurture)
3174-RKMOW,No,0.4763620730033735,35,109.95,Month-to-month,Fiber optic,Electronic check,Medium Risk (Monitor/Nurture)
5035-BVCXS,No,0.4761789943134003,11,75.9,Month-to-month,Fiber optic,Mailed check,Medium Risk (Monitor/Nurture)
5122-CYFXA,No,0.4761420779594635,3,75.3,Month-to-month,DSL,Electronic check,Medium Risk (Monitor/Nurture)
1472-TNCWL,No,0.47572312740830475,36,94.7,Month-to-month,Fiber optic,Electronic check,Medium Risk (Monitor/Nurture)
3798-EPWRR,No,0.4756162358471278,2,43.95,Month-to-month,DSL,Electronic check,Medium Risk (Monitor/Nurture)
2538-OIMXF,No,0.475054252153779,1,24.7,Month-to-month,DSL,Mailed check,Medium Risk (Monitor/Nurture)
5650-YLIBA,No,0.47437514320113794,31,81.15,Month-to-month,Fiber optic,Electronic check,Medium Risk (Monitor/Nurture)
8167-GJLRN,No,0.47388519004193935,3,30.4,Month-to-month,DSL,Electronic check,Medium Risk (Monitor/Nurture)
8272-ONJLV,No,0.4738580928661129,12,95.7,One year,Fiber optic,Electronic check,Medium Risk (Monitor/Nurture)
8720-RQSBJ,No,0.4734488706062174,1,44.0,Month-to-month,DSL,Electronic check,Medium Risk (Monitor/Nurture)
6486-LHTMA,No,0.47329872583703847,31,90.7,One year,Fiber optic,Electronic check,Medium Risk (Monitor/Nurture)
2672-TGEFF,No,0.47327859635472863,37,88.8,Month-to-month,Fiber optic,Electronic check,Medium Risk (Monitor/Nurture)
6729-GDNGC,No,0.4727557445728107,20,80.7,Month-to-month,Fiber optic,Bank transfer (automatic),Medium Risk (Monitor/Nurture)
2971-SGAFL,No,0.47250850057391997,13,78.75,Month-to-month,DSL,Electronic check,Medium Risk (Monitor/Nurture)
3524-WQDSG,No,0.472472797102695,43,99.3,Month-to-month,Fiber optic,Bank transfer (automatic),Medium Risk (Monitor/Nurture)
0141-YEAYS,No,0.4724274671654591,27,86.45,Month-to-month,Fiber optic,Bank transfer (automatic),Medium Risk (Monitor/Nurture)
7339-POGZN,No,0.47208374544202064,4,50.7,Month-to-month,DSL,Electronic check,Medium Risk (Monitor/Nurture)
8543-MSDMF,No,0.47206877390255353,3,77.4,Month-to-month,DSL,Electronic check,Medium Risk (Monitor/Nurture)
1035-IPQPU,No,0.47176032854286276,63,103.5,Month-to-month,Fiber optic,Electronic check,Medium Risk (Monitor/Nurture)
5153-RTHKF,No,0.47171632401164443,34,85.35,Month-to-month,Fiber optic,Electronic check,Medium Risk (Monitor/Nurture)
2038-LLMLM,No,0.47134356099099367,48,103.85,Month-to-month,Fiber optic,Electronic check,Medium Risk (Monitor/Nurture)
7442-YGZFK,No,0.4713235779688961,1,49.8,Month-to-month,DSL,Credit card (automatic),Medium Risk (Monitor/Nurture)
9508-ILZDG,No,0.47115457486911466,34,96.35,Month-to-month,Fiber optic,Electronic check,Medium Risk (Monitor/Nurture)
1482-OXZSY,No,0.470934259969708,30,100.4,Month-to-month,Fiber optic,Bank transfer (automatic),Medium Risk (Monitor/Nurture)
4706-DGAHW,No,0.470318865642156,1,45.2,Month-to-month,DSL,Electronic check,Medium Risk (Monitor/Nurture)
6458-CYIDZ,No,0.4700870398553851,5,80.7,Month-to-month,Fiber optic,Electronic check,Medium Risk (Monitor/Nurture)
7967-HYCDE,No,0.47003911338322685,8,70.7,Month-to-month,Fiber optic,Bank transfer (automatic),Medium Risk (Monitor/Nurture)
7421-ZLUPA,No,0.46973153670339,8,29.25,Month-to-month,DSL,Mailed check,Medium Risk (Monitor/Nurture)
4828-FAZPK,No,0.469730806364394,16,79.95,Month-to-month,Fiber optic,Credit card (automatic),Medium Risk (Monitor/Nurture)
9842-EFSYY,No,0.4696453898373268,4,57.2,Month-to-month,DSL,Mailed check,Medium Risk (Monitor/Nurture)
6692-YQHXC,No,0.4688246981724563,16,69.95,Month-to-month,Fiber optic,Credit card (automatic),Medium Risk (Monitor/Nurture)
8108-UXRQN,No,0.4684959257588723,11,50.55,Month-to-month,DSL,Electronic check,Medium Risk (Monitor/Nurture)
3587-PMCOY,No,0.46788076994719047,10,98.9,One year,Fiber optic,Electronic check,Medium Risk (Monitor/Nurture)
0537-QYZZN,No,0.4677207046230125,24,79.85,Month-to-month,Fiber optic,Electronic check,Medium Risk (Monitor/Nurture)
3352-ALMCK,No,0.4676046151004268,40,102.65,Month-to-month,Fiber optic,Mailed check,Medium Risk (Monitor/Nurture)
6185-TASNN,No,0.4674517377347623,1,46.3,Month-to-month,DSL,Electronic check,Medium Risk (Monitor/Nurture)
2782-LFZVW,No,0.4673767336330174,11,58.95,Month-to-month,DSL,Mailed check,Medium Risk (Monitor/Nurture)
0096-BXERS,No,0.4662807856866298,6,50.35,Month-to-month,DSL,Electronic check,Medium Risk (Monitor/Nurture)
7129-CAKJW,No,0.46487366274100644,17,80.05,Month-to-month,Fiber optic,Bank transfer (automatic),Medium Risk (Monitor/Nurture)
4553-DVPZG,No,0.4646460228576805,62,101.35,Month-to-month,Fiber optic,Electronic check,Medium Risk (Monitor/Nurture)
9168-INPSZ,No,0.46422591103758076,44,104.15,Month-to-month,Fiber optic,Electronic check,Medium Risk (Monitor/Nurture)
5351-QESIO,No,0.46355410342606623,1,24.2,Month-to-month,DSL,Mailed check,Medium Risk (Monitor/Nurture)
7658-UYUQS,No,0.4630910372652052,21,86.55,Month-to-month,Fiber optic,Bank transfer (automatic),Medium Risk (Monitor/Nurture)
0277-BKSQP,No,0.4629813925801718,8,54.4,Month-to-month,DSL,Electronic check,Medium Risk (Monitor/Nurture)
8064-RAVOH,No,0.46279551145620385,1,49.85,Month-to-month,DSL,Electronic check,Medium Risk (Monitor/Nurture)
6127-IYJOZ,No,0.4627866378660795,1,45.85,Month-to-month,DSL,Mailed check,Medium Risk (Monitor/Nurture)
8676-OOQEJ,No,0.4625111437283841,4,30.5,Month-to-month,DSL,Electronic check,Medium Risk (Monitor/Nurture)
6048-QBXKL,No,0.4618276914200147,2,56.55,Month-to-month,DSL,Credit card (automatic),Medium Risk (Monitor/Nurture)
6402-EJMWF,No,0.4618229126559597,4,55.3,Month-to-month,DSL,Mailed check,Medium Risk (Monitor/Nurture)
1833-TCXKK,No,0.4617655774784116,45,107.75,Month-to-month,Fiber optic,Bank transfer (automatic),Medium Risk (Monitor/Nurture)
8819-IMISP,No,0.461559353470077,31,80.45,Month-to-month,Fiber optic,Electronic check,Medium Risk (Monitor/Nurture)
2911-WDXMV,No,0.46136999708889126,18,80.55,Month-to-month,Fiber optic,Credit card (automatic),Medium Risk (Monitor/Nurture)
6377-WHAOX,No,0.46093038664415215,60,106.15,Month-to-month,Fiber optic,Electronic check,Medium Risk (Monitor/Nurture)
5016-IBERQ,No,0.4609168305655161,23,84.25,Month-to-month,Fiber optic,Electronic check,Medium Risk (Monitor/Nurture)
7126-RBHSD,No,0.46069582151745764,17,78.9,Month-to-month,Fiber optic,Electronic check,Medium Risk (Monitor/Nurture)
9389-ACWBI,No,0.4601470352938704,5,69.95,Month-to-month,Fiber optic,Credit card (automatic),Medium Risk (Monitor/Nurture)
2874-YXVVA,No,0.4597320573882697,34,105.1,Month-to-month,Fiber optic,Electronic check,Medium Risk (Monitor/Nurture)
7404-JLKQG,No,0.4595754791834815,3,57.55,Month-to-month,DSL,Electronic check,Medium Risk (Monitor/Nurture)
3370-GQEAL,No,0.4594009601248966,30,85.45,Month-to-month,Fiber optic,Electronic check,Medium Risk (Monitor/Nurture)
1304-BCCFO,No,0.4589958238263284,9,70.05,Month-to-month,DSL,Mailed check,Medium Risk (Monitor/Nurture)
0376-OIWME,No,0.458412994538208,36,93.6,Month-to-month,Fiber optic,Electronic check,Medium Risk (Monitor/Nurture)
2523-EWWZL,No,0.45807521100025106,27,76.1,Month-to-month,Fiber optic,Electronic check,Medium Risk (Monitor/Nurture)
5895-QSXOD,No,0.4568584108679493,9,70.05,Month-to-month,Fiber optic,Mailed check,Medium Risk (Monitor/Nurture)
1346-UFHAX,No,0.45669898206054604,13,80.0,Month-to-month,Fiber optic,Credit card (automatic),Medium Risk (Monitor/Nurture)
3780-YVMFA,No,0.4566969981556897,8,68.55,Month-to-month,DSL,Electronic check,Medium Risk (Monitor/Nurture)
6537-QLGEX,No,0.45661730842776016,16,38.9,Month-to-month,DSL,Electronic check,Medium Risk (Monitor/Nurture)
7483-IQWIB,No,0.45654178374844495,37,92.95,Month-to-month,Fiber optic,Electronic check,Medium Risk (Monitor/Nurture)
7268-IGMFD,No,0.4564151070442397,18,93.9,Month-to-month,Fiber optic,Bank transfer (automatic),Medium Risk (Monitor/Nurture)
1436-ZMJAN,No,0.4564088925806253,10,67.8,Month-to-month,DSL,Credit card (automatic),Medium Risk (Monitor/Nurture)
2122-YWVYA,No,0.45537318363144325,18,75.4,Month-to-month,Fiber optic,Electronic check,Medium Risk (Monitor/Nurture)
6180-YBIQI,No,0.45455113308617434,5,24.3,Month-to-month,DSL,Mailed check,Medium Risk (Monitor/Nurture)
9552-TGUZV,No,0.45446453213441457,8,75.0,Month-to-month,Fiber optic,Mailed check,Medium Risk (Monitor/Nurture)
7048-GXDAY,No,0.45402576144873935,39,106.4,Month-to-month,Fiber optic,Electronic check,Medium Risk (Monitor/Nurture)
2227-JRSJX,No,0.4539600048302704,21,99.15,Month-to-month,Fiber optic,Bank transfer (automatic),Medium Risk (Monitor/Nurture)
2974-GGUXS,No,0.4533337334410054,36,91.95,Month-to-month,Fiber optic,Credit card (automatic),Medium Risk (Monitor/Nurture)
9053-EJUNL,No,0.4530369320742725,41,89.2,Month-to-month,Fiber optic,Electronic check,Medium Risk (Monitor/Nurture)
1329-VHWNP,No,0.45288157325596623,7,25.05,Month-to-month,DSL,Bank transfer (automatic),Medium Risk (Monitor/Nurture)
3845-JHAMY,No,0.4527760631760083,16,35.5,Month-to-month,DSL,Credit card (automatic),Medium Risk (Monitor/Nurture)
9626-WEQRM,No,0.4523037484456884,4,29.15,Month-to-month,DSL,Mailed check,Medium Risk (Monitor/Nurture)
1101-SSWAG,No,0.4522157189351742,15,51.1,Month-to-month,DSL,Electronic check,Medium Risk (Monitor/Nurture)
1320-REHCS,No,0.45179839260087834,52,110.75,Month-to-month,Fiber optic,Electronic check,Medium Risk (Monitor/Nurture)
0111-KLBQG,No,0.45166681230171274,32,93.95,Month-to-month,Fiber optic,Mailed check,Medium Risk (Monitor/Nurture)
1261-FWTTE,No,0.4511531533497549,23,34.65,Month-to-month,DSL,Bank transfer (automatic),Medium Risk (Monitor/Nurture)
3071-VBYPO,No,0.4511246437304426,3,89.85,Month-to-month,Fiber optic,Electronic check,Medium Risk (Monitor/Nurture)
1452-KIOVK,No,0.4511075011304171,22,89.1,Month-to-month,Fiber optic,Credit card (automatic),Medium Risk (Monitor/Nurture)
3058-WQDRE,No,0.4509091007783922,13,25.15,Month-to-month,DSL,Bank transfer (automatic),Medium Risk (Monitor/Nurture)
1013-QCWAM,No,0.45087408409261187,66,100.8,Month-to-month,Fiber optic,Electronic check,Medium Risk (Monitor/Nurture)
1319-YLZJG,No,0.4507871958826453,12,84.6,Month-to-month,Fiber optic,Electronic check,Medium Risk (Monitor/Nurture)
7852-LECYP,No,0.45001408997946146,13,93.8,Month-to-month,Fiber optic,Credit card (automatic),Medium Risk (Monitor/Nurture)
9278-VZKCD,No,0.4495737414566919,52,109.1,Month-to-month,Fiber optic,Electronic check,Medium Risk (Monitor/Nurture)
7011-CVEUC,No,0.4487754850275025,25,95.7,Month-to-month,Fiber optic,Credit card (automatic),Medium Risk (Monitor/Nurture)
9272-LSVYH,No,0.44842649010786556,10,70.15,Month-to-month,Fiber optic,Mailed check,Medium Risk (Monitor/Nurture)
3714-NTNFO,No,0.4479341403334826,49,84.5,Month-to-month,Fiber optic,Electronic check,Medium Risk (Monitor/Nurture)
9450-TRJUU,No,0.44789403306979636,35,83.15,Month-to-month,Fiber optic,Electronic check,Medium Risk (Monitor/Nurture)
2085-BOJKI,No,0.4476045257624888,17,96.65,One year,Fiber optic,Bank transfer (automatic),Medium Risk (Monitor/Nurture)
9398-MMQTO,No,0.44735594344442003,3,74.45,Month-to-month,Fiber optic,Credit card (automatic),Medium Risk (Monitor/Nurture)
1478-VPOAD,No,0.44695091511608626,1,43.8,Month-to-month,DSL,Electronic check,Medium Risk (Monitor/Nurture)
0804-XBFBV,No,0.44693729236919405,11,25.2,Month-to-month,DSL,Electronic check,Medium Risk (Monitor/Nurture)
7159-FVYPK,No,0.44693460932301243,3,69.15,Month-to-month,DSL,Bank transfer (automatic),Medium Risk (Monitor/Nurture)
3094-JOJAI,No,0.4466718839634623,18,74.15,Month-to-month,Fiber optic,Mailed check,Medium Risk (Monitor/Nurture)
8785-CJSHH,No,0.4464651619546632,60,99.8,Month-to-month,Fiber optic,Electronic check,Medium Risk (Monitor/Nurture)
4570-QHXHL,No,0.44620872901572,9,43.75,Month-to-month,DSL,Electronic check,Medium Risk (Monitor/Nurture)
0975-VOOVL,No,0.4461655309680949,3,29.2,Month-to-month,DSL,Mailed check,Medium Risk (Monitor/Nurture)
2988-PLAHS,No,0.44611216735128545,3,69.95,One year,DSL,Electronic check,Medium Risk (Monitor/Nurture)
6217-TOWGS,No,0.4452242691279028,17,75.4,Month-to-month,DSL,Bank transfer (automatic),Medium Risk (Monitor/Nurture)
7181-OQCUT,No,0.4447489078974074,21,103.85,Month-to-month,Fiber optic,Mailed check,Medium Risk (Monitor/Nurture)
6907-FLBER,No,0.44422679406238286,1,54.3,Month-to-month,DSL,Electronic check,Medium Risk (Monitor/Nurture)
5916-QEWPT,No,0.44418652127365454,2,69.0,Month-to-month,DSL,Credit card (automatic),Medium Risk (Monitor/Nurture)
5331-RGMTT,No,0.44383451780034106,54,99.05,Month-to-month,Fiber optic,Credit card (automatic),Medium Risk (Monitor/Nurture)
9281-OFDMF,No,0.4422140331665859,39,90.7,Month-to-month,Fiber optic,Electronic check,Medium Risk (Monitor/Nurture)
5175-WLYXL,No,0.4421695967698971,22,78.85,Month-to-month,Fiber optic,Mailed check,Medium Risk (Monitor/Nurture)
6693-FRIRW,No,0.4407619607834423,18,101.3,Month-to-month,Fiber optic,Credit card (automatic),Medium Risk (Monitor/Nurture)
3161-GETRM,No,0.44076160607405357,34,90.05,Month-to-month,Fiber optic,Credit card (automatic),Medium Risk (Monitor/Nurture)
9214-EKVXR,No,0.4406429745850532,1,44.0,Month-to-month,DSL,Mailed check,Medium Risk (Monitor/Nurture)
3737-XBQDD,No,0.4405494504223198,24,84.85,Month-to-month,Fiber optic,Bank transfer (automatic),Medium Risk (Monitor/Nurture)
1550-EENBN,No,0.440419799886761,31,104.35,Month-to-month,Fiber optic,Electronic check,Medium Risk (Monitor/Nurture)
5349-AZPEW,No,0.44030825101415494,5,25.05,Month-to-month,DSL,Mailed check,Medium Risk (Monitor/Nurture)
9522-BNTHX,No,0.43924823197913687,34,56.25,Month-to-month,DSL,Electronic check,Medium Risk (Monitor/Nurture)
7636-OWBPG,No,0.43895294796411566,12,29.35,Month-to-month,DSL,Credit card (automatic),Medium Risk (Monitor/Nurture)
5609-IMCGG,No,0.438883268417058,15,84.35,Month-to-month,Fiber optic,Credit card (automatic),Medium Risk (Monitor/Nurture)
7129-ACFOG,No,0.4387380907930536,5,53.8,Month-to-month,DSL,Electronic check,Medium Risk (Monitor/Nurture)
1855-AGAWH,No,0.4387272573928334,31,93.8,One year,Fiber optic,Electronic check,Medium Risk (Monitor/Nurture)
5129-JLPIS,No,0.4386018730544017,25,105.5,Month-to-month,Fiber optic,Electronic check,Medium Risk (Monitor/Nurture)
1866-OBPNR,No,0.4372267992246354,1,74.6,Month-to-month,Fiber optic,Credit card (automatic),Medium Risk (Monitor/Nurture)
2275-RBYQS,No,0.43703453609309606,1,45.4,Month-to-month,DSL,Mailed check,Medium Risk (Monitor/Nurture)
2675-OTVVJ,No,0.43689022728715066,31,89.45,Month-to-month,Fiber optic,Electronic check,Medium Risk (Monitor/Nurture)
6650-VJONK,No,0.4368205197689333,1,43.85,Month-to-month,DSL,Bank transfer (automatic),Medium Risk (Monitor/Nurture)
2378-VTKDH,No,0.4364939392002163,65,104.35,Month-to-month,Fiber optic,Electronic check,Medium Risk (Monitor/Nurture)
3961-SXAXY,No,0.43630561974196685,1,44.05,Month-to-month,DSL,Bank transfer (automatic),Medium Risk (Monitor/Nurture)
5716-LIBJC,No,0.43575813031280936,13,104.15,One year,Fiber optic,Credit card (automatic),Medium Risk (Monitor/Nurture)
8982-NHAVY,No,0.4356697077927153,27,100.5,One year,Fiber optic,Bank transfer (automatic),Medium Risk (Monitor/Nurture)
5697-GOMBF,No,0.4351556459618696,28,35.9,Month-to-month,DSL,Electronic check,Medium Risk (Monitor/Nurture)
2587-EKXTS,No,0.43512908994711474,44,111.5,Month-to-month,Fiber optic,Electronic check,Medium Risk (Monitor/Nurture)
3234-VKACU,No,0.43504657429195837,2,70.3,Month-to-month,DSL,Electronic check,Medium Risk (Monitor/Nurture)
1536-HBSWP,No,0.43501393219116835,1,49.9,Month-to-month,DSL,Electronic check,Medium Risk (Monitor/Nurture)
0410-IPFTY,No,0.43478570502460545,31,83.85,Month-to-month,Fiber optic,Bank transfer (automatic),Medium Risk (Monitor/Nurture)
1728-BQDMA,No,0.43441713826067296,2,44.45,Month-to-month,DSL,Electronic check,Medium Risk (Monitor/Nurture)
0430-IHCDJ,No,0.43427794406987347,15,49.0,Month-to-month,DSL,Electronic check,Medium Risk (Monitor/Nurture)
4801-JZAZL,No,0.43423382011202255,11,29.6,Month-to-month,DSL,Electronic check,Medium Risk (Monitor/Nurture)
2277-DJJDL,No,0.434172112070652,60,99.0,Month-to-month,Fiber optic,Electronic check,Medium Risk (Monitor/Nurture)
7813-ZGGAW,No,0.43401104714557687,31,96.6,Month-to-month,Fiber optic,Bank transfer (automatic),Medium Risk (Monitor/Nurture)
6259-WJQLC,No,0.43393428678332846,32,81.1,Month-to-month,Fiber optic,Credit card (automatic),Medium Risk (Monitor/Nurture)
0177-PXBAT,No,0.43381279369145437,33,109.9,Month-to-month,Fiber optic,Bank transfer (automatic),Medium Risk (Monitor/Nurture)
1942-OQFRW,No,0.43376624264580976,1,44.0,Month-to-month,DSL,Electronic check,Medium Risk (Monitor/Nurture)
2931-FSOHN,No,0.4336329268574737,13,59.9,Month-to-month,DSL,Electronic check,Medium Risk (Monitor/Nurture)
4459-BBGHE,No,0.4335756325231483,30,44.5,Month-to-month,DSL,Electronic check,Medium Risk (Monitor/Nurture)
5356-CSVSQ,No,0.4333774623127936,3,64.6,Month-to-month,DSL,Electronic check,Medium Risk (Monitor/Nurture)
5651-YLPRD,No,0.43331293095943063,32,86.1,Month-to-month,Fiber optic,Electronic check,Medium Risk (Monitor/Nurture)
0708-LGSMF,No,0.43298551839712096,13,65.85,Month-to-month,DSL,Electronic check,Medium Risk (Monitor/Nurture)
4948-WBBKL,No,0.4321782993824241,36,74.9,Month-to-month,Fiber optic,Bank transfer (automatic),Medium Risk (Monitor/Nurture)
5312-UXESG,No,0.4319771652707038,41,98.05,Month-to-month,Fiber optic,Bank transfer (automatic),Medium Risk (Monitor/Nurture)
3987-KQDDU,No,0.4319557575809347,9,75.6,Month-to-month,Fiber optic,Electronic check,Medium Risk (Monitor/Nurture)
4537-DKTAL,No,0.4316316112084929,2,45.55,Month-to-month,DSL,Electronic check,Medium Risk (Monitor/Nurture)
2476-YGEFM,No,0.4313774463983703,29,76.0,Month-to-month,Fiber optic,Credit card (automatic),Medium Risk (Monitor/Nurture)
8313-KTIHG,No,0.4313376445821733,4,61.3,Month-to-month,DSL,Electronic check,Medium Risk (Monitor/Nurture)
3082-VQXNH,No,0.4312520457871354,3,29.8,Month-to-month,DSL,Credit card (automatic),Medium Risk (Monitor/Nurture)
4465-VDKIQ,No,0.4307598688077871,18,77.8,Month-to-month,Fiber optic,Electronic check,Medium Risk (Monitor/Nurture)
7982-VCELR,No,0.42989222549196665,36,94.8,Month-to-month,Fiber optic,Credit card (automatic),Medium Risk (Monitor/Nurture)
4526-ZJJTM,No,0.4297511775247609,25,88.4,Month-to-month,Fiber optic,Bank transfer (automatic),Medium Risk (Monitor/Nurture)
2921-XWDJH,No,0.4294675960355729,38,83.45,Month-to-month,Fiber optic,Electronic check,Medium Risk (Monitor/Nurture)
3688-FTHLT,No,0.42943357705997925,16,63.05,Month-to-month,DSL,Bank transfer (automatic),Medium Risk (Monitor/Nurture)
7077-XJMET,No,0.42938951869746034,12,74.15,Month-to-month,DSL,Electronic check,Medium Risk (Monitor/Nurture)
1767-TGTKO,No,0.42901285008249795,8,45.45,Month-to-month,DSL,Electronic check,Medium Risk (Monitor/Nurture)
9793-WECQC,No,0.42851373034916324,23,95.3,Month-to-month,Fiber optic,Mailed check,Medium Risk (Monitor/Nurture)
8058-DMYRU,No,0.4282322055600754,54,90.05,Month-to-month,Fiber optic,Electronic check,Medium Risk (Monitor/Nurture)
2347-WKKAE,No,0.42790947123953926,42,94.4,Month-to-month,Fiber optic,Electronic check,Medium Risk (Monitor/Nurture)
3969-GYXEL,No,0.4277395204341398,11,76.4,Month-to-month,Fiber optic,Electronic check,Medium Risk (Monitor/Nurture)
0701-RFGFI,No,0.4275628386021365,49,95.4,Month-to-month,Fiber optic,Bank transfer (automatic),Medium Risk (Monitor/Nurture)
2637-FKFSY,No,0.42750340297980827,3,46.1,Month-to-month,DSL,Mailed check,Medium Risk (Monitor/Nurture)
0082-LDZUE,No,0.42724440299101907,1,44.3,Month-to-month,DSL,Mailed check,Medium Risk (Monitor/Nurture)
1910-FMXJM,No,0.4268727382837993,36,80.4,Month-to-month,Fiber optic,Electronic check,Medium Risk (Monitor/Nurture)
4220-TINQT,No,0.42682578531989057,61,106.35,Month-to-month,Fiber optic,Electronic check,Medium Risk (Monitor/Nurture)
5365-LLFYV,No,0.4265435781081745,2,45.85,Month-to-month,DSL,Mailed check,Medium Risk (Monitor/Nurture)
2277-VWCNI,No,0.4262811912284543,4,48.75,Month-to-month,DSL,Mailed check,Medium Risk (Monitor/Nurture)
3278-FSIXX,No,0.4259776646762934,2,45.25,Month-to-month,DSL,Mailed check,Medium Risk (Monitor/Nurture)
1406-PUQVY,No,0.42577789663043925,1,49.9,Month-to-month,DSL,Electronic check,Medium Risk (Monitor/Nurture)
8710-YGLWG,No,0.4257083796266453,1,44.9,Month-to-month,DSL,Mailed check,Medium Risk (Monitor/Nurture)
8950-MTZNV,No,0.4255804419543234,1,44.95,Month-to-month,DSL,Mailed check,Medium Risk (Monitor/Nurture)
8180-AKMJV,No,0.4254696257809893,1,44.55,Month-to-month,DSL,Credit card (automatic),Medium Risk (Monitor/Nurture)
9643-YBLUR,No,0.42510210658308945,9,69.05,Month-to-month,DSL,Credit card (automatic),Medium Risk (Monitor/Nurture)
6741-EGCBI,No,0.42492128716287136,30,90.5,Month-to-month,Fiber optic,Credit card (automatic),Medium Risk (Monitor/Nurture)
3323-CPBWR,No,0.4249140343729118,23,96.9,Month-to-month,Fiber optic,Credit card (automatic),Medium Risk (Monitor/Nurture)
7798-JVXYM,No,0.4240528726566504,14,69.65,Month-to-month,DSL,Electronic check,Medium Risk (Monitor/Nurture)
3566-HJGPK,No,0.4240459718147972,1,45.55,Month-to-month,DSL,Mailed check,Medium Risk (Monitor/Nurture)
3716-UVSPD,No,0.42395631907810744,1,49.3,Month-to-month,DSL,Electronic check,Medium Risk (Monitor/Nurture)
3130-ICDUP,No,0.4235801156564344,2,80.55,Month-to-month,Fiber optic,Credit card (automatic),Medium Risk (Monitor/Nurture)
5133-POWUA,No,0.4234070394681672,1,45.8,Month-to-month,DSL,Mailed check,Medium Risk (Monitor/Nurture)
0374-IOEGQ,No,0.42335261364058485,3,44.6,Month-to-month,DSL,Electronic check,Medium Risk (Monitor/Nurture)
9927-DSWDF,No,0.42334830890813385,22,104.6,Month-to-month,Fiber optic,Electronic check,Medium Risk (Monitor/Nurture)
4840-ORQXB,No,0.42330326018124526,56,104.75,Month-to-month,Fiber optic,Electronic check,Medium Risk (Monitor/Nurture)
1853-ARAAQ,No,0.4229469221440472,26,50.35,Month-to-month,DSL,Credit card (automatic),Medium Risk (Monitor/Nurture)
8158-WPEZG,No,0.42277261061153387,11,35.65,Month-to-month,DSL,Electronic check,Medium Risk (Monitor/Nurture)
5404-GGUKR,No,0.4226748733040974,5,51.35,Month-to-month,DSL,Electronic check,Medium Risk (Monitor/Nurture)
4468-KAZHE,No,0.42237582089889275,20,60.0,Month-to-month,DSL,Electronic check,Medium Risk (Monitor/Nurture)
0064-YIJGF,No,0.4223736893436371,27,75.75,Month-to-month,Fiber optic,Bank transfer (automatic),Medium Risk (Monitor/Nurture)
2178-PMGCJ,No,0.42190170603873645,22,69.7,Month-to-month,Fiber optic,Mailed check,Medium Risk (Monitor/Nurture)
9708-HPXWZ,No,0.42178522446747063,5,45.4,Month-to-month,DSL,Credit card (automatic),Medium Risk (Monitor/Nurture)
6656-JWRQX,No,0.4215447797885407,1,30.55,Month-to-month,DSL,Mailed check,Medium Risk (Monitor/Nurture)
0666-UXTJO,No,0.421144336774381,34,85.2,Month-to-month,Fiber optic,Credit card (automatic),Medium Risk (Monitor/Nurture)
1216-JWVUX,No,0.4207281134055932,25,75.5,Month-to-month,Fiber optic,Electronic check,Medium Risk (Monitor/Nurture)
6135-OZQVA,No,0.4205478197122873,7,53.65,Month-to-month,DSL,Electronic check,Medium Risk (Monitor/Nurture)
3137-LUPIX,No,0.4201560177895869,4,64.4,Month-to-month,DSL,Mailed check,Medium Risk (Monitor/Nurture)
7233-DRTRF,No,0.42001080596365176,63,102.4,Month-to-month,Fiber optic,Electronic check,Medium Risk (Monitor/Nurture)
9576-SYUHJ,No,0.41943027734253213,37,91.15,Month-to-month,Fiber optic,Electronic check,Medium Risk (Monitor/Nurture)
1355-KUSBG,No,0.41925836641872105,7,48.8,Month-to-month,DSL,Electronic check,Medium Risk (Monitor/Nurture)
5968-VXZLG,No,0.41920003811699585,2,46.6,Month-to-month,DSL,Bank transfer (automatic),Medium Risk (Monitor/Nurture)
8384-FZBJK,No,0.4191500107530772,57,100.6,Month-to-month,Fiber optic,Electronic check,Medium Risk (Monitor/Nurture)
7410-OIEDU,No,0.41900718982229784,10,79.85,Month-to-month,Fiber optic,Mailed check,Medium Risk (Monitor/Nurture)
1469-LBJQJ,No,0.41870944070097976,66,105.2,Month-to-month,Fiber optic,Electronic check,Medium Risk (Monitor/Nurture)
1442-BQPVU,No,0.41727446499115406,13,29.15,Month-to-month,DSL,Electronic check,Medium Risk (Monitor/Nurture)
2573-GYRUU,No,0.41657886625250984,48,91.05,Month-to-month,Fiber optic,Credit card (automatic),Medium Risk (Monitor/Nurture)
8096-LOIST,No,0.4165751198112318,19,56.2,Month-to-month,DSL,Electronic check,Medium Risk (Monitor/Nurture)
6988-CJEYV,No,0.4164017638294497,49,98.7,Month-to-month,Fiber optic,Electronic check,Medium Risk (Monitor/Nurture)
1228-ZLNBX,No,0.4159559954054033,21,75.3,Month-to-month,Fiber optic,Mailed check,Medium Risk (Monitor/Nurture)
4811-JBUVU,No,0.4159118499597331,30,89.9,Month-to-month,Fiber optic,Credit card (automatic),Medium Risk (Monitor/Nurture)
1230-QAJDW,No,0.4158144742303579,3,65.25,Month-to-month,DSL,Mailed check,Medium Risk (Monitor/Nurture)
9699-UBQFS,No,0.41454174148130146,43,94.5,Month-to-month,Fiber optic,Electronic check,Medium Risk (Monitor/Nurture)
1310-QRITU,No,0.4145049580341408,18,50.3,Month-to-month,DSL,Electronic check,Medium Risk (Monitor/Nurture)
5886-VLQVU,No,0.41445426937889035,35,89.85,Month-to-month,Fiber optic,Bank transfer (automatic),Medium Risk (Monitor/Nurture)
2359-KLTEK,No,0.41426231208908226,41,94.9,Month-to-month,Fiber optic,Bank transfer (automatic),Medium Risk (Monitor/Nurture)
0829-XXPLX,No,0.4136174155450194,20,89.4,Month-to-month,Fiber optic,Bank transfer (automatic),Medium Risk (Monitor/Nurture)
9469-WEJBT,No,0.41338596444532366,37,90.35,Month-to-month,Fiber optic,Electronic check,Medium Risk (Monitor/Nurture)
4680-KUTAJ,No,0.41315436682114987,11,55.6,Month-to-month,DSL,Electronic check,Medium Risk (Monitor/Nurture)
5977-CKHON,No,0.4126970489870025,43,92.55,Month-to-month,Fiber optic,Bank transfer (automatic),Medium Risk (Monitor/Nurture)
7277-OZCGZ,No,0.4126615776094303,22,89.05,Month-to-month,Fiber optic,Electronic check,Medium Risk (Monitor/Nurture)
1816-FLZDK,No,0.412608585896816,1,29.15,Month-to-month,DSL,Mailed check,Medium Risk (Monitor/Nurture)
8782-LKFPK,No,0.4120602219134098,44,90.4,Month-to-month,Fiber optic,Mailed check,Medium Risk (Monitor/Nurture)
0577-WHMEV,No,0.41190274824585704,16,90.7,Month-to-month,Fiber optic,Electronic check,Medium Risk (Monitor/Nurture)
4931-TRZWN,No,0.4117537655334646,13,71.95,Month-to-month,DSL,Electronic check,Medium Risk (Monitor/Nurture)
7682-AZNDK,No,0.41121550868051987,34,89.85,Month-to-month,Fiber optic,Electronic check,Medium Risk (Monitor/Nurture)
9332-GYWLO,No,0.4111838270384382,6,54.85,Month-to-month,DSL,Electronic check,Medium Risk (Monitor/Nurture)
5392-AKEMH,No,0.410625075837316,12,45.05,Month-to-month,DSL,Electronic check,Medium Risk (Monitor/Nurture)
3481-JHUZH,No,0.41026233463092254,41,80.25,Month-to-month,Fiber optic,Electronic check,Medium Risk (Monitor/Nurture)
9408-HRXRK,No,0.4101508779355858,45,105.15,Month-to-month,Fiber optic,Electronic check,Medium Risk (Monitor/Nurture)
2049-BAFNW,No,0.40985737779006354,1,35.9,Month-to-month,DSL,Mailed check,Medium Risk (Monitor/Nurture)
3787-TRIAL,No,0.40979761522496705,21,26.05,Month-to-month,DSL,Electronic check,Medium Risk (Monitor/Nurture)
2105-PHWON,No,0.4096867701328846,33,95.0,Month-to-month,Fiber optic,Credit card (automatic),Medium Risk (Monitor/Nurture)
5515-RUGKN,No,0.40942107908811026,8,54.75,Month-to-month,DSL,Credit card (automatic),Medium Risk (Monitor/Nurture)
6233-HXJMX,No,0.4092752650979272,45,89.3,Month-to-month,Fiber optic,Credit card (automatic),Medium Risk (Monitor/Nurture)
9169-BSVIN,No,0.40918929210560623,12,74.75,Month-to-month,DSL,Bank transfer (automatic),Medium Risk (Monitor/Nurture)
5649-RXQTV,No,0.4089847010037298,51,99.0,Month-to-month,Fiber optic,Electronic check,Medium Risk (Monitor/Nurture)
6416-YJTTB,No,0.4087629403236817,11,79.5,Month-to-month,Fiber optic,Bank transfer (automatic),Medium Risk (Monitor/Nurture)
5461-QKNTN,No,0.4085288158301726,43,94.3,Month-to-month,Fiber optic,Electronic check,Medium Risk (Monitor/Nurture)
7030-NJVDP,No,0.4082735569427161,24,89.25,Month-to-month,Fiber optic,Electronic check,Medium Risk (Monitor/Nurture)
6080-TCMYC,No,0.4079800741178927,40,81.2,Month-to-month,Fiber optic,Electronic check,Medium Risk (Monitor/Nurture)
2014-MKGMH,No,0.4078621067232654,46,101.1,One year,Fiber optic,Electronic check,Medium Risk (Monitor/Nurture)
2720-FVBQP,No,0.4076767019125848,6,48.95,Month-to-month,DSL,Credit card (automatic),Medium Risk (Monitor/Nurture)
0468-YRPXN,No,0.40766238118127274,29,98.8,Month-to-month,Fiber optic,Credit card (automatic),Medium Risk (Monitor/Nurture)
4727-MCYZG,No,0.40713154599745915,1,55.55,Month-to-month,DSL,Mailed check,Medium Risk (Monitor/Nurture)
3932-IJWDZ,No,0.4067165361216572,45,103.65,Month-to-month,Fiber optic,Bank transfer (automatic),Medium Risk (Monitor/Nurture)
6075-SLNIL,No,0.4063640300340918,38,95.1,Month-to-month,Fiber optic,Credit card (automatic),Medium Risk (Monitor/Nurture)
6862-CQUMB,No,0.4061871136549897,37,96.1,Month-to-month,Fiber optic,Credit card (automatic),Medium Risk (Monitor/Nurture)
2903-YYTBW,No,0.40605928903472155,1,44.55,Month-to-month,DSL,Electronic check,Medium Risk (Monitor/Nurture)
5156-UMKOW,No,0.40471098925403515,3,29.65,Month-to-month,DSL,Mailed check,Medium Risk (Monitor/Nurture)
9584-EXCDZ,No,0.40417044260098456,17,70.5,Month-to-month,Fiber optic,Bank transfer (automatic),Medium Risk (Monitor/Nurture)
0463-ZSDNT,No,0.40402137180611186,10,56.75,Month-to-month,DSL,Bank transfer (automatic),Medium Risk (Monitor/Nurture)
2519-ERQOJ,No,0.40398773123280085,33,54.6,Month-to-month,DSL,Electronic check,Medium Risk (Monitor/Nurture)
7504-UWHNB,No,0.403827124602308,25,69.75,Month-to-month,Fiber optic,Electronic check,Medium Risk (Monitor/Nurture)
5999-LCXAO,No,0.4035039740760466,1,29.9,Month-to-month,DSL,Mailed check,Medium Risk (Monitor/Nurture)
8631-WUXGY,No,0.40257684254247655,46,99.8,Month-to-month,Fiber optic,Electronic check,Medium Risk (Monitor/Nurture)
3197-ARFOY,No,0.4020021329433336,19,105.0,Month-to-month,Fiber optic,Mailed check,Medium Risk (Monitor/Nurture)
2432-TFSMK,No,0.40177428215351296,18,89.6,One year,Fiber optic,Credit card (automatic),Medium Risk (Monitor/Nurture)
8124-NZVGJ,No,0.40171723904412454,6,49.25,One year,DSL,Mailed check,Medium Risk (Monitor/Nurture)
7529-ZDFXI,No,0.40169569489969814,57,89.85,Month-to-month,Fiber optic,Electronic check,Medium Risk (Monitor/Nurture)
1785-BPHTP,No,0.4016203644817039,28,85.45,Month-to-month,Fiber optic,Electronic check,Medium Risk (Monitor/Nurture)
0380-NEAVX,No,0.4015871955517537,34,99.85,One year,Fiber optic,Electronic check,Medium Risk (Monitor/Nurture)
2103-ZRXFN,No,0.4008341714661635,1,50.75,Month-to-month,DSL,Mailed check,Medium Risk (Monitor/Nurture)
6646-JPPHA,No,0.39992994828080264,14,78.85,Month-to-month,Fiber optic,Electronic check,Medium Risk (Monitor/Nurture)
9714-EDSUC,No,0.3998074685947223,4,94.9,Month-to-month,Fiber optic,Mailed check,Medium Risk (Monitor/Nurture)
9667-TKTVZ,No,0.3988958615789061,2,54.35,Month-to-month,DSL,Mailed check,Medium Risk (Monitor/Nurture)
1685-BQULA,No,0.398656403523809,40,93.4,Month-to-month,Fiber optic,Bank transfer (automatic),Medium Risk (Monitor/Nurture)
0015-UOCOJ,No,0.3985502711598708,7,48.2,Month-to-month,DSL,Electronic check,Medium Risk (Monitor/Nurture)
4760-THGOT,No,0.39793152635273554,43,94.1,Month-to-month,Fiber optic,Electronic check,Medium Risk (Monitor/Nurture)
4065-JJAVA,No,0.3978904487321782,1,49.5,Month-to-month,DSL,Electronic check,Medium Risk (Monitor/Nurture)
1471-GIQKQ,No,0.3967626214793924,1,49.95,Month-to-month,DSL,Electronic check,Medium Risk (Monitor/Nurture)
8123-QBNAZ,No,0.3967587747769153,36,104.5,Month-to-month,Fiber optic,Credit card (automatic),Medium Risk (Monitor/Nurture)
3692-JHONH,No,0.39610006456500724,52,106.5,One year,Fiber optic,Electronic check,Medium Risk (Monitor/Nurture)
0265-PSUAE,No,0.3960869747141008,16,100.7,Month-to-month,Fiber optic,Bank transfer (automatic),Medium Risk (Monitor/Nurture)
6022-KOUQO,No,0.39537271615323777,2,29.05,Month-to-month,DSL,Bank transfer (automatic),Medium Risk (Monitor/Nurture)
6029-CSMJE,No,0.3952377567658173,17,25.65,Month-to-month,DSL,Mailed check,Medium Risk (Monitor/Nurture)
0365-GXEZS,No,0.39520557250746063,18,78.2,Month-to-month,Fiber optic,Electronic check,Medium Risk (Monitor/Nurture)
5419-JKZNQ,No,0.39476723352051823,30,77.9,Month-to-month,Fiber optic,Mailed check,Medium Risk (Monitor/Nurture)
0282-NVSJS,No,0.3944280629033261,12,29.3,Month-to-month,DSL,Mailed check,Medium Risk (Monitor/Nurture)
5522-JBWMO,No,0.39436371511699503,1,44.0,Month-to-month,DSL,Electronic check,Medium Risk (Monitor/Nurture)
9470-XCCEM,No,0.3940245012329196,35,89.65,Month-to-month,Fiber optic,Bank transfer (automatic),Medium Risk (Monitor/Nurture)
5882-CMAZQ,No,0.39391704134382877,5,34.25,Month-to-month,DSL,Electronic check,Medium Risk (Monitor/Nurture)
9029-FEGVJ,No,0.39375852535322486,32,79.3,Month-to-month,Fiber optic,Mailed check,Medium Risk (Monitor/Nurture)
3733-LSYCE,No,0.39361178658472784,15,75.35,Month-to-month,Fiber optic,Bank transfer (automatic),Medium Risk (Monitor/Nurture)
0003-MKNFE,No,0.3934973916746955,9,59.9,Month-to-month,DSL,Mailed check,Medium Risk (Monitor/Nurture)
3761-FLYZI,No,0.393261673650845,65,108.8,Month-to-month,Fiber optic,Bank transfer (automatic),Medium Risk (Monitor/Nurture)
1907-YLNYW,No,0.39319872156635255,8,66.7,Month-to-month,DSL,Electronic check,Medium Risk (Monitor/Nurture)
2712-SYWAY,No,0.3931769233033807,1,25.7,Month-to-month,No,Electronic check,Medium Risk (Monitor/Nurture)
7401-RUBNK,No,0.3928771976171437,18,74.8,Month-to-month,Fiber optic,Electronic check,Medium Risk (Monitor/Nurture)
4522-AKYLR,No,0.3926194937785658,13,54.8,Month-to-month,DSL,Electronic check,Medium Risk (Monitor/Nurture)
0089-IIQKO,No,0.3922458283039096,39,99.95,Month-to-month,Fiber optic,Credit card (automatic),Medium Risk (Monitor/Nurture)
6133-OZILE,No,0.39224196207527773,18,35.2,Month-to-month,DSL,Electronic check,Medium Risk (Monitor/Nurture)
9261-WDCAF,No,0.392134712113075,3,54.65,Month-to-month,DSL,Mailed check,Medium Risk (Monitor/Nurture)
8887-IPQNC,No,0.39176179352846235,7,44.25,Month-to-month,DSL,Mailed check,Medium Risk (Monitor/Nurture)
1025-FALIX,No,0.3915582267495722,26,69.05,Month-to-month,Fiber optic,Credit card (automatic),Medium Risk (Monitor/Nurture)
3413-BMNZE,No,0.3913126421690663,1,45.25,Month-to-month,DSL,Bank transfer (automatic),Medium Risk (Monitor/Nurture)
8450-UYIBU,No,0.39130294771666063,35,39.85,Month-to-month,DSL,Electronic check,Medium Risk (Monitor/Nurture)
6859-RKMZJ,No,0.3911975651896639,11,55.05,Month-to-month,DSL,Bank transfer (automatic),Medium Risk (Monitor/Nurture)
8468-EHYJA,No,0.3910182336311769,57,99.65,Month-to-month,Fiber optic,Electronic check,Medium Risk (Monitor/Nurture)
1849-RJYIG,No,0.39063162085733083,8,60.0,Month-to-month,DSL,Electronic check,Medium Risk (Monitor/Nurture)
0541-FITGH,No,0.39046371179286565,2,62.15,Month-to-month,DSL,Mailed check,Medium Risk (Monitor/Nurture)
9777-WJJPR,No,0.39033146906305966,31,88.65,Month-to-month,Fiber optic,Credit card (automatic),Medium Risk (Monitor/Nurture)
9631-XEYKE,No,0.3895454566170146,3,50.4,Month-to-month,DSL,Bank transfer (automatic),Medium Risk (Monitor/Nurture)
4391-LNRXK,No,0.38859080210668434,22,94.95,Month-to-month,Fiber optic,Bank transfer (automatic),Medium Risk (Monitor/Nurture)
0943-ZQPXH,No,0.38596748509519624,44,92.95,Month-to-month,Fiber optic,Bank transfer (automatic),Medium Risk (Monitor/Nurture)
6710-HSJRD,No,0.385834566261463,61,114.1,Month-to-month,Fiber optic,Electronic check,Medium Risk (Monitor/Nurture)
7272-QDCKA,No,0.3854672112102981,28,100.2,One year,Fiber optic,Electronic check,Medium Risk (Monitor/Nurture)
8069-YQQAJ,No,0.3853105254011298,14,31.1,Month-to-month,DSL,Mailed check,Medium Risk (Monitor/Nurture)
2826-DXLQO,No,0.38523275907164645,7,29.8,Month-to-month,DSL,Bank transfer (automatic),Medium Risk (Monitor/Nurture)
9812-GHVRI,No,0.3846907278502288,40,83.85,Month-to-month,Fiber optic,Bank transfer (automatic),Medium Risk (Monitor/Nurture)
1635-FJFCC,No,0.3846387864670345,5,44.05,Month-to-month,DSL,Credit card (automatic),Medium Risk (Monitor/Nurture)
4860-IJUDE,No,0.384601774874216,13,73.75,Month-to-month,Fiber optic,Credit card (automatic),Medium Risk (Monitor/Nurture)
5046-NUHWD,No,0.38459690167161137,29,45.0,Month-to-month,DSL,Electronic check,Medium Risk (Monitor/Nurture)
5712-AHQNN,No,0.3844400130522905,43,91.65,Month-to-month,Fiber optic,Electronic check,Medium Risk (Monitor/Nurture)
5213-TWWJU,No,0.3837841386981245,28,91.0,Month-to-month,Fiber optic,Electronic check,Medium Risk (Monitor/Nurture)
3569-EDBPQ,No,0.3837040740930952,24,84.35,Month-to-month,Fiber optic,Electronic check,Medium Risk (Monitor/Nurture)
3005-TYFRD,No,0.38370172269204095,55,103.65,Month-to-month,Fiber optic,Credit card (automatic),Medium Risk (Monitor/Nurture)
6128-AQBMT,No,0.3836507314672027,41,53.95,Month-to-month,DSL,Electronic check,Medium Risk (Monitor/Nurture)
0481-SUMCB,No,0.38353340315151285,45,102.15,One year,Fiber optic,Bank transfer (automatic),Medium Risk (Monitor/Nurture)
5934-TSSAU,No,0.3833474744511856,23,75.3,Month-to-month,Fiber optic,Credit card (automatic),Medium Risk (Monitor/Nurture)
7929-DMBCV,No,0.3829390513876296,20,81.0,Month-to-month,Fiber optic,Mailed check,Medium Risk (Monitor/Nurture)
3583-KRKMD,No,0.382494656357934,18,75.9,Month-to-month,Fiber optic,Bank transfer (automatic),Medium Risk (Monitor/Nurture)
7064-FRRSW,No,0.38204717051738535,48,99.0,One year,Fiber optic,Electronic check,Medium Risk (Monitor/Nurture)
9348-YVOMK,No,0.3818055855483066,4,44.8,Month-to-month,DSL,Credit card (automatic),Medium Risk (Monitor/Nurture)
0641-EVBOJ,No,0.3814013380436162,3,82.3,Month-to-month,Fiber optic,Mailed check,Medium Risk (Monitor/Nurture)
0118-JPNOY,No,0.3806603020156494,26,85.8,Month-to-month,Fiber optic,Credit card (automatic),Medium Risk (Monitor/Nurture)
1559-DTODC,No,0.38054169059149007,19,25.15,Month-to-month,DSL,Bank transfer (automatic),Medium Risk (Monitor/Nurture)
4993-JCRGJ,No,0.38034870575996876,26,84.3,Month-to-month,Fiber optic,Mailed check,Medium Risk (Monitor/Nurture)
6537-OTKMY,No,0.380255794302392,15,50.75,One year,DSL,Electronic check,Medium Risk (Monitor/Nurture)
3162-KKZXO,No,0.37995631538205066,55,100.15,One year,Fiber optic,Electronic check,Medium Risk (Monitor/Nurture)
6625-UTXEW,No,0.3798241557905247,12,51.25,Month-to-month,DSL,Electronic check,Medium Risk (Monitor/Nurture)
0422-UXFAP,No,0.37952828578761466,51,98.85,One year,Fiber optic,Electronic check,Medium Risk (Monitor/Nurture)
6218-KNUBD,No,0.37923451528985824,6,59.45,Month-to-month,DSL,Electronic check,Medium Risk (Monitor/Nurture)
5302-BDJNT,No,0.3792137223297546,35,95.5,Month-to-month,Fiber optic,Electronic check,Medium Risk (Monitor/Nurture)
5981-ZVXOT,No,0.3789862336393972,35,108.35,One year,Fiber optic,Electronic check,Medium Risk (Monitor/Nurture)
9732-EQMWY,No,0.37893785439805994,49,99.4,Month-to-month,Fiber optic,Electronic check,Medium Risk (Monitor/Nurture)
1845-ZLLIG,No,0.3784958314652421,1,50.15,Month-to-month,DSL,Mailed check,Medium Risk (Monitor/Nurture)
8725-JEDFD,No,0.3782223870054304,27,69.05,Month-to-month,Fiber optic,Mailed check,Medium Risk (Monitor/Nurture)
1728-CXQBE,No,0.37793865194737775,64,94.25,Month-to-month,Fiber optic,Electronic check,Medium Risk (Monitor/Nurture)
0811-GSDTP,No,0.3774859403767908,13,30.15,Month-to-month,DSL,Electronic check,Medium Risk (Monitor/Nurture)
5839-SUYVZ,No,0.3770934797331576,16,74.55,Month-to-month,Fiber optic,Credit card (automatic),Medium Risk (Monitor/Nurture)
2604-IJPDU,No,0.375712845081475,20,96.55,Month-to-month,Fiber optic,Electronic check,Medium Risk (Monitor/Nurture)
6635-CPNUN,No,0.37555418246062966,28,96.6,Month-to-month,Fiber optic,Credit card (automatic),Medium Risk (Monitor/Nurture)
0319-QZTCO,No,0.3753272054647686,3,58.7,Month-to-month,DSL,Credit card (automatic),Medium Risk (Monitor/Nurture)
5146-CBVOE,No,0.3749014103625257,16,75.1,Month-to-month,Fiber optic,Bank transfer (automatic),Medium Risk (Monitor/Nurture)
2480-SQIOB,No,0.37467090192842195,4,44.8,Month-to-month,DSL,Electronic check,Medium Risk (Monitor/Nurture)
2792-LSHWX,No,0.3745546411478183,1,83.4,Month-to-month,Fiber optic,Mailed check,Medium Risk (Monitor/Nurture)
8242-JSVBO,No,0.37442941689515336,7,44.65,Month-to-month,DSL,Bank transfer (automatic),Medium Risk (Monitor/Nurture)
6847-KJLTS,No,0.3737288771932534,58,100.4,Month-to-month,Fiber optic,Bank transfer (automatic),Medium Risk (Monitor/Nurture)
4636-JGAAI,No,0.37370261624307616,34,88.85,Month-to-month,Fiber optic,Mailed check,Medium Risk (Monitor/Nurture)
0106-GHRQR,No,0.3731901227939805,16,71.4,Month-to-month,DSL,Bank transfer (automatic),Medium Risk (Monitor/Nurture)
4660-IRIBM,No,0.3727035991544221,18,87.9,Month-to-month,Fiber optic,Mailed check,Medium Risk (Monitor/Nurture)
2960-NKRSO,No,0.372433063757404,24,85.95,Month-to-month,Fiber optic,Electronic check,Medium Risk (Monitor/Nurture)
5816-SCGFC,No,0.37238204327599606,7,51.3,Month-to-month,DSL,Mailed check,Medium Risk (Monitor/Nurture)
3351-NGXYI,No,0.37228123367690535,16,54.1,Month-to-month,DSL,Electronic check,Medium Risk (Monitor/Nurture)
6789-HJBWG,No,0.3716783744373371,12,49.4,Month-to-month,DSL,Electronic check,Medium Risk (Monitor/Nurture)
1465-LNTLJ,No,0.37162260712617196,8,64.4,Month-to-month,DSL,Credit card (automatic),Medium Risk (Monitor/Nurture)
8329-UTMVM,No,0.3706546662518398,27,104.65,One year,Fiber optic,Bank transfer (automatic),Medium Risk (Monitor/Nurture)
9233-PSYHO,No,0.3705236816052682,45,100.15,One year,Fiber optic,Bank transfer (automatic),Medium Risk (Monitor/Nurture)
3452-ABWRL,No,0.3699272457908536,47,86.05,Month-to-month,Fiber optic,Credit card (automatic),Medium Risk (Monitor/Nurture)
1427-VERSM,No,0.36987755218341467,56,98.7,Month-to-month,Fiber optic,Electronic check,Medium Risk (Monitor/Nurture)
6985-HAYWX,No,0.3697713620442063,26,79.3,Month-to-month,Fiber optic,Bank transfer (automatic),Medium Risk (Monitor/Nurture)
6745-JEFZB,No,0.36968925753318055,35,91.5,Month-to-month,Fiber optic,Credit card (automatic),Medium Risk (Monitor/Nurture)
2208-UGTGR,No,0.3692921563893511,56,98.6,Month-to-month,Fiber optic,Electronic check,Medium Risk (Monitor/Nurture)
5055-MGMGF,No,0.36927160008474447,65,105.05,Month-to-month,Fiber optic,Electronic check,Medium Risk (Monitor/Nurture)
8623-ULFNQ,No,0.36922534325808576,26,66.05,Month-to-month,DSL,Electronic check,Medium Risk (Monitor/Nurture)
3014-WJKSM,No,0.3690684565465079,29,75.3,Month-to-month,Fiber optic,Credit card (automatic),Medium Risk (Monitor/Nurture)
0311-QYWSS,No,0.3687461252005416,6,49.45,Month-to-month,DSL,Electronic check,Medium Risk (Monitor/Nurture)
2027-WKXMW,No,0.36863562658428856,63,108.75,Month-to-month,Fiber optic,Electronic check,Medium Risk (Monitor/Nurture)
6145-NNPNO,No,0.36840358677432805,1,44.15,Month-to-month,DSL,Bank transfer (automatic),Medium Risk (Monitor/Nurture)
9992-UJOEL,No,0.36809778412493127,2,50.3,Month-to-month,DSL,Mailed check,Medium Risk (Monitor/Nurture)
9112-WSNPU,No,0.36787684155683326,35,70.55,Month-to-month,Fiber optic,Electronic check,Medium Risk (Monitor/Nurture)
3956-CJUST,No,0.3678648724262067,23,75.4,Month-to-month,Fiber optic,Bank transfer (automatic),Medium Risk (Monitor/Nurture)
4343-EJVQB,No,0.36739086762701806,7,74.35,Month-to-month,Fiber optic,Mailed check,Medium Risk (Monitor/Nurture)
2325-WINES,No,0.3673378323561216,32,104.05,One year,Fiber optic,Credit card (automatic),Medium Risk (Monitor/Nurture)
5568-DMXZS,No,0.36703412382549994,8,65.45,Month-to-month,DSL,Electronic check,Medium Risk (Monitor/Nurture)
4480-MBMLB,No,0.36604766311697073,36,104.8,One year,Fiber optic,Bank transfer (automatic),Medium Risk (Monitor/Nurture)
7964-VEXDG,No,0.3660288721251893,21,80.35,Month-to-month,Fiber optic,Electronic check,Medium Risk (Monitor/Nurture)
6168-YBYNP,No,0.36558262979342115,59,111.35,Month-to-month,Fiber optic,Electronic check,Medium Risk (Monitor/Nurture)
9921-EZKBY,No,0.3651061499323918,33,95.3,Month-to-month,Fiber optic,Bank transfer (automatic),Medium Risk (Monitor/Nurture)
5671-UUNXD,No,0.364910244498896,50,100.65,One year,Fiber optic,Electronic check,Medium Risk (Monitor/Nurture)
4821-SJHJV,No,0.3646706118357849,32,89.6,Month-to-month,Fiber optic,Electronic check,Medium Risk (Monitor/Nurture)
0999-QXNSA,No,0.3645542833878774,7,45.75,Month-to-month,DSL,Mailed check,Medium Risk (Monitor/Nurture)
2040-VZIKE,No,0.36443813494561633,49,100.85,Month-to-month,Fiber optic,Mailed check,Medium Risk (Monitor/Nurture)
4223-WOZCM,No,0.36442520045310184,2,49.95,Month-to-month,DSL,Mailed check,Medium Risk (Monitor/Nurture)
8544-GOQSH,No,0.3640120728877009,14,80.05,Month-to-month,Fiber optic,Credit card (automatic),Medium Risk (Monitor/Nurture)
4439-YRNVD,No,0.36372337648268066,10,36.25,Month-to-month,DSL,Electronic check,Medium Risk (Monitor/Nurture)
1049-FYSYG,No,0.3637201025425986,17,35.65,Month-to-month,DSL,Credit card (automatic),Medium Risk (Monitor/Nurture)
3694-DELSO,No,0.36335463348347774,4,38.55,Month-to-month,DSL,Credit card (automatic),Medium Risk (Monitor/Nurture)
3192-LNKRK,No,0.36297693468207065,34,84.05,Month-to-month,Fiber optic,Mailed check,Medium Risk (Monitor/Nurture)
7576-JMYWV,No,0.36292809575669316,46,110.2,Month-to-month,Fiber optic,Electronic check,Medium Risk (Monitor/Nurture)
4976-LNFVV,No,0.36247654158634973,19,34.3,Month-to-month,DSL,Credit card (automatic),Medium Risk (Monitor/Nurture)
2853-CWQFQ,No,0.3624407018132797,1,59.55,Month-to-month,DSL,Mailed check,Medium Risk (Monitor/Nurture)
0274-JKUJR,No,0.36212545070571633,7,58.85,Month-to-month,DSL,Mailed check,Medium Risk (Monitor/Nurture)
9137-UIYPG,No,0.3619156194896816,35,106.9,Month-to-month,Fiber optic,Electronic check,Medium Risk (Monitor/Nurture)
3349-ANQNH,No,0.36178137758666207,59,99.5,One year,Fiber optic,Electronic check,Medium Risk (Monitor/Nurture)
9659-QEQSY,No,0.3616951594523273,45,115.65,Month-to-month,Fiber optic,Electronic check,Medium Risk (Monitor/Nurture)
8654-DHAOW,No,0.36141176649395035,2,54.15,Month-to-month,DSL,Mailed check,Medium Risk (Monitor/Nurture)
9415-TPKRV,No,0.36129139865285237,8,55.75,Month-to-month,DSL,Electronic check,Medium Risk (Monitor/Nurture)
5173-WXOQV,No,0.361091699434636,2,64.2,Month-to-month,DSL,Mailed check,Medium Risk (Monitor/Nurture)
6362-QHAFM,No,0.36107934900359806,42,108.3,One year,Fiber optic,Electronic check,Medium Risk (Monitor/Nurture)
7075-BNDVQ,No,0.3606723834215228,4,35.0,Month-to-month,DSL,Mailed check,Medium Risk (Monitor/Nurture)
9495-SKLKD,No,0.36001709677314375,45,95.95,Month-to-month,Fiber optic,Bank transfer (automatic),Medium Risk (Monitor/Nurture)
3466-RITXD,No,0.3599863608567774,26,92.4,Month-to-month,Fiber optic,Credit card (automatic),Medium Risk (Monitor/Nurture)
7876-BEUTG,No,0.359918041521095,15,48.8,Month-to-month,DSL,Mailed check,Medium Risk (Monitor/Nurture)
1174-FGIFN,No,0.3592399163871252,28,90.45,One year,Fiber optic,Electronic check,Medium Risk (Monitor/Nurture)
6429-SHBCB,No,0.35918867119093967,19,69.6,Month-to-month,DSL,Mailed check,Medium Risk (Monitor/Nurture)
2672-OJQZP,No,0.3590088897326744,1,44.75,Month-to-month,DSL,Mailed check,Medium Risk (Monitor/Nurture)
2207-QPJED,No,0.3584746035205867,37,90.0,Month-to-month,Fiber optic,Electronic check,Medium Risk (Monitor/Nurture)
7975-TZMLR,No,0.3584545141280123,47,103.1,One year,Fiber optic,Electronic check,Medium Risk (Monitor/Nurture)
4067-HLYQI,No,0.35819222754256075,33,70.4,Month-to-month,Fiber optic,Bank transfer (automatic),Medium Risk (Monitor/Nurture)
7252-NTGSS,No,0.35804603460684054,1,45.15,Month-to-month,DSL,Mailed check,Medium Risk (Monitor/Nurture)
7909-FIOIY,No,0.35793990806703313,19,24.85,Month-to-month,DSL,Mailed check,Medium Risk (Monitor/Nurture)
6582-OIVSP,No,0.35768525847080024,1,45.3,Month-to-month,DSL,Mailed check,Medium Risk (Monitor/Nurture)
2452-KDRRH,No,0.35765407500115104,67,101.4,Month-to-month,Fiber optic,Credit card (automatic),Medium Risk (Monitor/Nurture)
7754-IXRMC,No,0.3575650355600612,1,45.35,Month-to-month,DSL,Mailed check,Medium Risk (Monitor/Nurture)
3069-SSVSN,No,0.3569787811721628,1,25.85,One year,DSL,Mailed check,Medium Risk (Monitor/Nurture)
6549-NNDYT,No,0.3569634960684098,13,30.85,Month-to-month,DSL,Bank transfer (automatic),Medium Risk (Monitor/Nurture)
6624-JDRDS,No,0.356946185317436,6,29.45,Month-to-month,DSL,Bank transfer (automatic),Medium Risk (Monitor/Nurture)
0531-ZZJWQ,No,0.3568898204056366,55,74.0,Month-to-month,Fiber optic,Electronic check,Medium Risk (Monitor/Nurture)
3509-GWQGF,No,0.35682283159738565,24,70.0,Month-to-month,Fiber optic,Credit card (automatic),Medium Risk (Monitor/Nurture)
5522-NYKPB,No,0.3565305410151239,25,85.9,Month-to-month,Fiber optic,Electronic check,Medium Risk (Monitor/Nurture)
2067-QYTCF,No,0.35530733579064355,64,111.15,Month-to-month,Fiber optic,Electronic check,Medium Risk (Monitor/Nurture)
4657-FWVFY,No,0.35507826827355804,40,96.35,Month-to-month,Fiber optic,Credit card (automatic),Medium Risk (Monitor/Nurture)
2074-GUHPQ,No,0.35507722260830016,17,92.7,Month-to-month,Fiber optic,Credit card (automatic),Medium Risk (Monitor/Nurture)
3446-QDSZF,No,0.3550276195536696,4,55.5,Month-to-month,DSL,Credit card (automatic),Medium Risk (Monitor/Nurture)
5118-MUEYH,No,0.35489425508063493,48,105.1,Month-to-month,Fiber optic,Credit card (automatic),Medium Risk (Monitor/Nurture)
4329-YPDDQ,No,0.3541519022621576,20,108.2,Month-to-month,Fiber optic,Bank transfer (automatic),Medium Risk (Monitor/Nurture)
4307-KWMXE,No,0.354145035683575,10,35.75,Month-to-month,DSL,Electronic check,Medium Risk (Monitor/Nurture)
1047-NNCBF,No,0.35363574772390705,20,70.55,Month-to-month,Fiber optic,Credit card (automatic),Medium Risk (Monitor/Nurture)
7916-VCCPB,No,0.3533923163578162,16,73.25,Month-to-month,Fiber optic,Bank transfer (automatic),Medium Risk (Monitor/Nurture)
2360-RDGRO,No,0.3528313636266286,65,104.25,Month-to-month,Fiber optic,Electronic check,Medium Risk (Monitor/Nurture)
8535-SFUTN,No,0.3523034391969792,61,106.45,Month-to-month,Fiber optic,Electronic check,Medium Risk (Monitor/Nurture)
9819-FBNSV,No,0.3517242130749118,37,72.25,Month-to-month,Fiber optic,Bank transfer (automatic),Medium Risk (Monitor/Nurture)
9626-VFRGG,No,0.35101372192039887,41,88.5,Month-to-month,Fiber optic,Bank transfer (automatic),Medium Risk (Monitor/Nurture)
8344-WFMFH,No,0.3502605605966859,9,50.1,Month-to-month,DSL,Electronic check,Medium Risk (Monitor/Nurture)
4226-KKDON,No,0.35009686408899376,8,66.65,Month-to-month,DSL,Electronic check,Medium Risk (Monitor/Nurture)
5816-QVHRX,No,0.3496680497783622,37,100.3,Month-to-month,Fiber optic,Credit card (automatic),Medium Risk (Monitor/Nurture)
0730-KOAVE,No,0.34936254537707556,30,94.3,Month-to-month,Fiber optic,Credit card (automatic),Medium Risk (Monitor/Nurture)
5172-MIGPM,No,0.34915983360954567,4,65.55,Month-to-month,DSL,Mailed check,Medium Risk (Monitor/Nurture)
1357-MVDOZ,No,0.34855774357130587,11,59.65,Month-to-month,DSL,Bank transfer (automatic),Medium Risk (Monitor/Nurture)
6668-CNMFP,No,0.3483691395825115,19,89.35,One year,Fiber optic,Bank transfer (automatic),Medium Risk (Monitor/Nurture)
2386-OWURY,No,0.34826816254849285,58,95.3,Month-to-month,Fiber optic,Electronic check,Medium Risk (Monitor/Nurture)
1895-QTKDO,No,0.348112770377836,1,43.95,Month-to-month,DSL,Credit card (automatic),Medium Risk (Monitor/Nurture)
3173-NVMPX,No,0.34797915982818256,9,55.3,Month-to-month,DSL,Mailed check,Medium Risk (Monitor/Nurture)
5858-EAFCZ,No,0.3479781389119728,1,44.45,Month-to-month,DSL,Mailed check,Medium Risk (Monitor/Nurture)
4146-SVFUD,No,0.3476220140418155,1,44.6,Month-to-month,DSL,Mailed check,Medium Risk (Monitor/Nurture)
1919-RTPQD,No,0.3474873813964025,7,44.75,Month-to-month,DSL,Electronic check,Medium Risk (Monitor/Nurture)
6817-WTYHE,No,0.3464689016933226,2,44.9,Month-to-month,DSL,Bank transfer (automatic),Medium Risk (Monitor/Nurture)
0356-ERHVT,No,0.34627229152781797,11,45.9,Month-to-month,DSL,Bank transfer (automatic),Medium Risk (Monitor/Nurture)
7130-YXBRO,No,0.34623223232678757,48,111.45,Month-to-month,Fiber optic,Bank transfer (automatic),Medium Risk (Monitor/Nurture)
2436-QBZFP,No,0.3457970224255967,22,39.2,Month-to-month,DSL,Electronic check,Medium Risk (Monitor/Nurture)
9244-ZVAPM,No,0.34525221685404767,1,45.6,Month-to-month,DSL,Mailed check,Medium Risk (Monitor/Nurture)
9795-VOWON,No,0.3452380599349379,7,24.35,One year,DSL,Credit card (automatic),Medium Risk (Monitor/Nurture)
9780-FKVVF,No,0.3449742436420947,6,59.15,Month-to-month,DSL,Bank transfer (automatic),Medium Risk (Monitor/Nurture)
1258-YMZNM,No,0.3443593722301921,27,110.5,One year,Fiber optic,Bank transfer (automatic),Medium Risk (Monitor/Nurture)
4950-BDEUX,No,0.3442552170726484,35,49.2,Month-to-month,DSL,Electronic check,Medium Risk (Monitor/Nurture)
9700-ISPUP,No,0.3441843066673303,10,65.5,Month-to-month,DSL,Electronic check,Medium Risk (Monitor/Nurture)
6591-QGOYB,No,0.3441768780802118,17,106.65,Month-to-month,Fiber optic,Bank transfer (automatic),Medium Risk (Monitor/Nurture)
1215-VFYVK,No,0.34392874872079177,4,48.25,Month-to-month,DSL,Mailed check,Medium Risk (Monitor/Nurture)
8751-EDEKA,No,0.343869782291651,28,89.9,Month-to-month,Fiber optic,Credit card (automatic),Medium Risk (Monitor/Nurture)
3589-PPVKW,No,0.34362518066127845,9,44.4,Month-to-month,DSL,Mailed check,Medium Risk (Monitor/Nurture)
0623-GDISB,No,0.3430095346966664,1,48.45,Month-to-month,DSL,Bank transfer (automatic),Medium Risk (Monitor/Nurture)
4109-CYRBD,No,0.34287531012443123,29,51.6,Month-to-month,DSL,Electronic check,Medium Risk (Monitor/Nurture)
1307-TVUFB,No,0.3427398809859018,42,79.35,Month-to-month,Fiber optic,Bank transfer (automatic),Medium Risk (Monitor/Nurture)
5924-IFQTT,No,0.34244316704103095,13,72.8,Month-to-month,DSL,Electronic check,Medium Risk (Monitor/Nurture)
6202-DYYFX,No,0.34237773582507053,22,76.0,One year,Fiber optic,Credit card (automatic),Medium Risk (Monitor/Nurture)
1357-BIJKI,No,0.34162451232595314,50,98.25,One year,Fiber optic,Electronic check,Medium Risk (Monitor/Nurture)
2272-UOINI,No,0.34149141838150215,7,78.5,Month-to-month,DSL,Electronic check,Medium Risk (Monitor/Nurture)
4824-GUCBY,No,0.3413379094299117,22,81.7,Month-to-month,Fiber optic,Electronic check,Medium Risk (Monitor/Nurture)
5424-RLQLC,No,0.3410095519731658,10,59.65,Month-to-month,DSL,Mailed check,Medium Risk (Monitor/Nurture)
7850-VWJUU,No,0.3408222795140219,23,75.0,Month-to-month,Fiber optic,Bank transfer (automatic),Medium Risk (Monitor/Nurture)
8660-BUETV,No,0.34067414325996687,3,44.75,Month-to-month,DSL,Mailed check,Medium Risk (Monitor/Nurture)
8016-NCFVO,No,0.33965172457638854,55,116.5,Month-to-month,Fiber optic,Electronic check,Medium Risk (Monitor/Nurture)
0585-EGDDA,No,0.3396424124244411,40,80.0,Month-to-month,Fiber optic,Electronic check,Medium Risk (Monitor/Nurture)
4989-LIXVT,No,0.3381118788627584,68,95.9,Month-to-month,Fiber optic,Electronic check,Medium Risk (Monitor/Nurture)
9281-PKKZE,No,0.33777869485915746,46,43.95,Month-to-month,DSL,Electronic check,Medium Risk (Monitor/Nurture)
9873-MNDKV,No,0.3377636053231156,11,44.65,Month-to-month,DSL,Mailed check,Medium Risk (Monitor/Nurture)
7950-XWOVN,No,0.3369180329963961,11,34.7,Month-to-month,DSL,Mailed check,Medium Risk (Monitor/Nurture)
0374-AACSZ,No,0.3365828717639427,1,50.15,Month-to-month,DSL,Electronic check,Medium Risk (Monitor/Nurture)
3808-HFKDE,No,0.3365056902886003,20,44.35,Month-to-month,DSL,Electronic check,Medium Risk (Monitor/Nurture)
6173-GOLSU,No,0.33647320803097575,67,94.65,Month-to-month,Fiber optic,Credit card (automatic),Medium Risk (Monitor/Nurture)
0080-OROZO,No,0.33638080107344637,35,99.25,One year,Fiber optic,Electronic check,Medium Risk (Monitor/Nurture)
5433-KYGHE,No,0.336361562210767,14,86.0,Month-to-month,Fiber optic,Mailed check,Medium Risk (Monitor/Nurture)
1548-FEHVL,No,0.33619393858370467,61,106.2,Month-to-month,Fiber optic,Electronic check,Medium Risk (Monitor/Nurture)
7905-TVXTA,No,0.3356426957504417,5,64.35,Month-to-month,DSL,Electronic check,Medium Risk (Monitor/Nurture)
1600-DILPE,No,0.3356129747624271,12,45.0,Month-to-month,DSL,Bank transfer (automatic),Medium Risk (Monitor/Nurture)
9003-CPATH,No,0.33466637636149515,42,79.9,Month-to-month,Fiber optic,Electronic check,Medium Risk (Monitor/Nurture)
2519-LBNQL,No,0.3345657101295319,60,104.35,One year,Fiber optic,Electronic check,Medium Risk (Monitor/Nurture)
3345-PBBFH,No,0.33448620284033564,8,49.55,Month-to-month,DSL,Bank transfer (automatic),Medium Risk (Monitor/Nurture)
9089-UOWJG,No,0.334231613387538,12,58.35,Month-to-month,DSL,Credit card (automatic),Medium Risk (Monitor/Nurture)
2770-NSVDG,No,0.33391753642079947,24,29.1,Month-to-month,DSL,Electronic check,Medium Risk (Monitor/Nurture)
2139-FQHLM,No,0.33389480697184654,19,89.95,Month-to-month,Fiber optic,Mailed check,Medium Risk (Monitor/Nurture)
6253-WRFHY,No,0.3336408057141889,13,64.75,One year,DSL,Electronic check,Medium Risk (Monitor/Nurture)
5018-GWURO,No,0.332980222000188,56,85.6,Month-to-month,Fiber optic,Bank transfer (automatic),Medium Risk (Monitor/Nurture)
1928-BXYIV,No,0.3329617238928663,1,61.15,Month-to-month,DSL,Electronic check,Medium Risk (Monitor/Nurture)
8564-LDKFL,No,0.3326121444274189,40,106.0,One year,Fiber optic,Bank transfer (automatic),Medium Risk (Monitor/Nurture)
9644-UMGQA,No,0.33201268409812523,6,49.15,Month-to-month,DSL,Electronic check,Medium Risk (Monitor/Nurture)
7766-CLTIC,No,0.33194974240782665,10,60.95,Month-to-month,DSL,Mailed check,Medium Risk (Monitor/Nurture)
0856-NAOES,No,0.33184314481220023,6,60.9,Month-to-month,DSL,Mailed check,Medium Risk (Monitor/Nurture)
2615-YVMYX,No,0.33181233364149043,71,107.5,Month-to-month,Fiber optic,Electronic check,Medium Risk (Monitor/Nurture)
8149-AIQCG,No,0.3317269015172769,39,73.15,Month-to-month,Fiber optic,Credit card (automatic),Medium Risk (Monitor/Nurture)
7669-LCRSD,No,0.33147137118908254,12,56.3,Month-to-month,DSL,Mailed check,Medium Risk (Monitor/Nurture)
0013-MHZWF,No,0.33119570399009224,9,69.4,Month-to-month,DSL,Credit card (automatic),Medium Risk (Monitor/Nurture)
8417-GSODA,No,0.3311838528895603,28,92.2,One year,Fiber optic,Bank transfer (automatic),Medium Risk (Monitor/Nurture)
1552-AAGRX,No,0.3310022364279259,30,106.4,Month-to-month,Fiber optic,Bank transfer (automatic),Medium Risk (Monitor/Nurture)
6917-IAYHD,No,0.3309529003818876,1,33.6,Month-to-month,DSL,Mailed check,Medium Risk (Monitor/Nurture)
1791-PQHBB,No,0.3307916627114255,2,61.2,Month-to-month,DSL,Credit card (automatic),Medium Risk (Monitor/Nurture)
0327-WFZSY,No,0.33077433396385997,39,100.0,One year,Fiber optic,Electronic check,Medium Risk (Monitor/Nurture)
2474-LCNUE,No,0.33031018691233,23,73.65,Month-to-month,DSL,Credit card (automatic),Medium Risk (Monitor/Nurture)
8286-AFUYI,No,0.3302746255094717,1,47.95,Month-to-month,DSL,Electronic check,Medium Risk (Monitor/Nurture)
6921-OZMFH,No,0.32993989424893344,5,55.7,Month-to-month,DSL,Mailed check,Medium Risk (Monitor/Nurture)
4320-QMLLA,No,0.32967788324053376,7,54.85,Month-to-month,DSL,Mailed check,Medium Risk (Monitor/Nurture)
1421-HCERK,No,0.329597107393765,30,105.7,Month-to-month,Fiber optic,Bank transfer (automatic),Medium Risk (Monitor/Nurture)
2883-ILGWO,No,0.32924957371366576,57,104.9,Month-to-month,Fiber optic,Bank transfer (automatic),Medium Risk (Monitor/Nurture)
9919-YLNNG,No,0.32863438861489025,42,103.8,Month-to-month,Fiber optic,Bank transfer (automatic),Medium Risk (Monitor/Nurture)
9862-KJTYK,No,0.32849584698485645,19,25.35,Month-to-month,DSL,Credit card (automatic),Medium Risk (Monitor/Nurture)
0980-PVMRC,No,0.3284690343084502,40,50.85,Month-to-month,DSL,Electronic check,Medium Risk (Monitor/Nurture)
9761-XUJWD,No,0.3284400681363605,5,65.6,Month-to-month,DSL,Bank transfer (automatic),Medium Risk (Monitor/Nurture)
2133-TSRRM,No,0.3284363364327956,34,105.35,Month-to-month,Fiber optic,Bank transfer (automatic),Medium Risk (Monitor/Nurture)
2101-RANCD,No,0.3281250414240813,55,73.1,Month-to-month,Fiber optic,Electronic check,Medium Risk (Monitor/Nurture)
1956-YIFGE,No,0.3276435444532095,22,100.05,One year,Fiber optic,Mailed check,Medium Risk (Monitor/Nurture)
0867-LDTTC,No,0.32750443073924046,5,75.15,Month-to-month,DSL,Bank transfer (automatic),Medium Risk (Monitor/Nurture)
4061-UKJWL,No,0.3271739074574456,3,45.45,Month-to-month,DSL,Mailed check,Medium Risk (Monitor/Nurture)
5778-BVOFB,No,0.32665316454049703,9,59.5,Month-to-month,DSL,Bank transfer (automatic),Medium Risk (Monitor/Nurture)
6908-VVYHM,No,0.32642846355032346,65,90.65,Month-to-month,Fiber optic,Electronic check,Medium Risk (Monitor/Nurture)
7312-XSBAT,No,0.3261208229563706,1,49.75,Month-to-month,DSL,Electronic check,Medium Risk (Monitor/Nurture)
7789-HKSBS,No,0.32611658131625854,42,105.2,One year,Fiber optic,Bank transfer (automatic),Medium Risk (Monitor/Nurture)
6726-WEXXK,No,0.3260520329228106,27,85.9,One year,Fiber optic,Electronic check,Medium Risk (Monitor/Nurture)
8552-OBVRU,No,0.3259616327893162,48,104.5,Month-to-month,Fiber optic,Electronic check,Medium Risk (Monitor/Nurture)
1930-WNXSB,No,0.3259483894321026,58,92.85,Month-to-month,Fiber optic,Electronic check,Medium Risk (Monitor/Nurture)
0929-PECLO,No,0.3254380647768755,63,89.6,Month-to-month,Fiber optic,Bank transfer (automatic),Medium Risk (Monitor/Nurture)
6874-SGLHU,No,0.32527691493187083,30,97.0,One year,Fiber optic,Bank transfer (automatic),Medium Risk (Monitor/Nurture)
4176-FXYBO,No,0.32516674719444005,54,109.55,Month-to-month,Fiber optic,Electronic check,Medium Risk (Monitor/Nurture)
7554-AKDQF,No,0.325039228302703,6,45.65,Month-to-month,DSL,Mailed check,Medium Risk (Monitor/Nurture)
3258-SANFR,No,0.32402271012799666,6,44.7,Month-to-month,DSL,Credit card (automatic),Medium Risk (Monitor/Nurture)
0924-BJCRC,No,0.32363812074861414,60,89.45,Month-to-month,Fiber optic,Electronic check,Medium Risk (Monitor/Nurture)
4007-NHVHI,No,0.32323252097715216,56,96.85,Month-to-month,Fiber optic,Electronic check,Medium Risk (Monitor/Nurture)
2985-JUUBZ,No,0.3232088749454566,40,74.55,Month-to-month,DSL,Electronic check,Medium Risk (Monitor/Nurture)
0822-QGCXA,No,0.3223338081190777,27,83.85,Month-to-month,DSL,Electronic check,Medium Risk (Monitor/Nurture)
2257-BOVXD,No,0.32228925387497853,14,66.6,Month-to-month,DSL,Credit card (automatic),Medium Risk (Monitor/Nurture)
5201-USSQZ,No,0.3221463474353316,26,85.9,Month-to-month,Fiber optic,Credit card (automatic),Medium Risk (Monitor/Nurture)
7878-JGDKK,No,0.32213217167716474,4,44.55,Month-to-month,DSL,Mailed check,Medium Risk (Monitor/Nurture)
9909-IDLEK,No,0.3220632816498605,20,96.8,Month-to-month,Fiber optic,Mailed check,Medium Risk (Monitor/Nurture)
0295-QVKPB,No,0.3218404184554426,5,63.95,Month-to-month,DSL,Credit card (automatic),Medium Risk (Monitor/Nurture)
6143-JQKEA,No,0.3211636675616218,10,45.8,Month-to-month,DSL,Credit card (automatic),Medium Risk (Monitor/Nurture)
6614-VBEGU,No,0.32089478535359783,24,69.45,Month-to-month,DSL,Bank transfer (automatic),Medium Risk (Monitor/Nurture)
7055-HNEOJ,No,0.3206367680933132,3,55.8,Month-to-month,DSL,Mailed check,Medium Risk (Monitor/Nurture)
6599-GZWCM,No,0.3205590462450307,13,74.65,One year,Fiber optic,Mailed check,Medium Risk (Monitor/Nurture)
2378-HTWFW,No,0.32044529820928214,35,91.0,Month-to-month,Fiber optic,Credit card (automatic),Medium Risk (Monitor/Nurture)
1658-XUHBX,No,0.32031793456676677,59,88.75,Month-to-month,Fiber optic,Credit card (automatic),Medium Risk (Monitor/Nurture)
4026-SKKHW,No,0.3199078503615192,3,50.25,Month-to-month,DSL,Mailed check,Medium Risk (Monitor/Nurture)
2669-OIDSD,No,0.3196535138409096,48,100.05,Month-to-month,Fiber optic,Credit card (automatic),Medium Risk (Monitor/Nurture)
4280-DLSHD,No,0.3195890944078749,8,54.75,Month-to-month,DSL,Mailed check,Medium Risk (Monitor/Nurture)
1763-WQFUK,No,0.31904778628077374,3,50.5,Month-to-month,DSL,Mailed check,Medium Risk (Monitor/Nurture)
6888-SBYAI,No,0.3188226368500497,1,50.7,Month-to-month,DSL,Mailed check,Medium Risk (Monitor/Nurture)
7794-JASDG,No,0.3187089948595463,1,50.75,Month-to-month,DSL,Mailed check,Medium Risk (Monitor/Nurture)
2455-USLMV,No,0.31868238978116836,31,84.75,Month-to-month,Fiber optic,Credit card (automatic),Medium Risk (Monitor/Nurture)
3845-FXCYS,No,0.31746369483404535,2,19.65,Month-to-month,No,Electronic check,Medium Risk (Monitor/Nurture)
6844-DZKRF,No,0.3171291169379941,2,50.2,Month-to-month,DSL,Credit card (automatic),Medium Risk (Monitor/Nurture)
5133-VRSAB,No,0.31704277461988223,8,29.35,Month-to-month,DSL,Mailed check,Medium Risk (Monitor/Nurture)
3503-TYDAY,No,0.3170157157682379,43,80.45,Month-to-month,Fiber optic,Electronic check,Medium Risk (Monitor/Nurture)
8677-HDZEE,No,0.3163238484189373,56,105.45,Month-to-month,Fiber optic,Bank transfer (automatic),Medium Risk (Monitor/Nurture)
8152-UOBNY,No,0.316014952311109,50,106.8,One year,Fiber optic,Electronic check,Medium Risk (Monitor/Nurture)
1564-HJUVY,No,0.31578479221549555,4,63.75,Month-to-month,DSL,Bank transfer (automatic),Medium Risk (Monitor/Nurture)
4983-CLMLV,No,0.31529562813322654,52,102.7,Month-to-month,Fiber optic,Credit card (automatic),Medium Risk (Monitor/Nurture)
3466-WAESX,No,0.31502362892394314,16,69.1,Month-to-month,DSL,Electronic check,Medium Risk (Monitor/Nurture)
5035-PGZXH,No,0.3149865893641756,56,106.8,One year,Fiber optic,Electronic check,Medium Risk (Monitor/Nurture)
5939-XAIXZ,No,0.3148328082815111,19,56.1,Month-to-month,DSL,Mailed check,Medium Risk (Monitor/Nurture)
5141-ZUVBH,No,0.3147920038443602,9,93.0,Month-to-month,Fiber optic,Bank transfer (automatic),Medium Risk (Monitor/Nurture)
7251-LJBQN,No,0.3145401480982601,40,103.75,One year,Fiber optic,Credit card (automatic),Medium Risk (Monitor/Nurture)
1370-GGAWX,No,0.31402235109207244,46,94.15,One year,Fiber optic,Electronic check,Medium Risk (Monitor/Nurture)
1548-ARAGG,No,0.3135321721640417,4,58.5,Month-to-month,DSL,Mailed check,Medium Risk (Monitor/Nurture)
7009-LGECI,No,0.31336958772192125,4,50.55,Month-to-month,DSL,Bank transfer (automatic),Medium Risk (Monitor/Nurture)
5628-RKIFK,No,0.3132347446823082,49,101.55,Month-to-month,Fiber optic,Credit card (automatic),Medium Risk (Monitor/Nurture)
6199-IWKGC,No,0.3130677674676451,46,100.25,One year,Fiber optic,Electronic check,Medium Risk (Monitor/Nurture)
0774-IFUVM,No,0.3125155685436581,11,65.15,Month-to-month,DSL,Bank transfer (automatic),Medium Risk (Monitor/Nurture)
3606-SBKRY,No,0.3121248769406134,31,50.05,One year,DSL,Electronic check,Medium Risk (Monitor/Nurture)
3898-GUYTS,No,0.3120164912543515,45,97.05,Month-to-month,Fiber optic,Electronic check,Medium Risk (Monitor/Nurture)
2692-PFYTJ,No,0.31190501072293825,1,25.75,Month-to-month,No,Mailed check,Medium Risk (Monitor/Nurture)
2181-UAESM,No,0.31154060153627144,2,53.45,Month-to-month,DSL,Electronic check,Medium Risk (Monitor/Nurture)
9774-NRNAU,No,0.31130799346271454,27,84.8,Month-to-month,DSL,Bank transfer (automatic),Medium Risk (Monitor/Nurture)
6807-SIWJI,No,0.31110785079366776,38,104.85,One year,Fiber optic,Electronic check,Medium Risk (Monitor/Nurture)
7826-VVKWT,No,0.31091504808330794,24,96.55,Two year,Fiber optic,Electronic check,Medium Risk (Monitor/Nurture)
5949-HGVJL,No,0.3107020400268484,26,73.05,Month-to-month,DSL,Electronic check,Medium Risk (Monitor/Nurture)
6288-LBEAR,No,0.3106907119148576,23,79.1,Month-to-month,Fiber optic,Mailed check,Medium Risk (Monitor/Nurture)
4462-CYWMH,No,0.3105807837206563,62,89.8,Month-to-month,Fiber optic,Bank transfer (automatic),Medium Risk (Monitor/Nurture)
0129-KPTWJ,No,0.31053660468407673,72,94.65,Month-to-month,Fiber optic,Electronic check,Medium Risk (Monitor/Nurture)
4819-HJPIW,No,0.3105066961373097,18,25.15,Month-to-month,DSL,Mailed check,Medium Risk (Monitor/Nurture)
8229-MYEJZ,No,0.3100627666516694,10,51.2,Month-to-month,DSL,Electronic check,Medium Risk (Monitor/Nurture)
6257-RJOHI,No,0.30983790060351607,4,50.8,Month-to-month,DSL,Mailed check,Medium Risk (Monitor/Nurture)
2144-BFDSO,No,0.30892607994787585,50,108.75,Month-to-month,Fiber optic,Bank transfer (automatic),Medium Risk (Monitor/Nurture)
8757-TFHHJ,No,0.3087824152218477,1,49.8,Month-to-month,DSL,Credit card (automatic),Medium Risk (Monitor/Nurture)
6713-OKOMC,No,0.30876756857238236,10,29.75,Month-to-month,DSL,Mailed check,Medium Risk (Monitor/Nurture)
8805-JNRAZ,No,0.30845199454400274,2,49.2,Month-to-month,DSL,Mailed check,Medium Risk (Monitor/Nurture)
5438-QMDDL,No,0.3081176625356947,19,59.8,Month-to-month,DSL,Mailed check,Medium Risk (Monitor/Nurture)
9373-WSLOY,No,0.30797628694083523,33,50.0,Month-to-month,DSL,Electronic check,Medium Risk (Monitor/Nurture)
2858-EIMXH,No,0.3078803090177299,53,95.85,One year,Fiber optic,Credit card (automatic),Medium Risk (Monitor/Nurture)
6821-JPCDC,No,0.3073428127492094,48,97.05,One year,Fiber optic,Electronic check,Medium Risk (Monitor/Nurture)
3946-JEWRQ,No,0.3072944542728503,47,95.2,One year,Fiber optic,Credit card (automatic),Medium Risk (Monitor/Nurture)
0734-OXWBT,No,0.30713991447796574,3,70.7,Month-to-month,DSL,Mailed check,Medium Risk (Monitor/Nurture)
2792-VPPET,No,0.3064978351428789,3,20.5,Month-to-month,No,Electronic check,Medium Risk (Monitor/Nurture)
3195-TQDZX,No,0.30614967911770813,3,20.25,Month-to-month,No,Electronic check,Medium Risk (Monitor/Nurture)
3043-TYBNO,No,0.3060843715496528,3,60.65,Month-to-month,DSL,Mailed check,Medium Risk (Monitor/Nurture)
8404-FYDIB,No,0.30567178897800407,26,86.65,Month-to-month,Fiber optic,Credit card (automatic),Medium Risk (Monitor/Nurture)
9356-AXGMP,No,0.30562801248926663,38,110.7,One year,Fiber optic,Electronic check,Medium Risk (Monitor/Nurture)
2842-BCQGE,No,0.30517299589469576,43,75.35,Month-to-month,Fiber optic,Credit card (automatic),Medium Risk (Monitor/Nurture)
7750-EYXWZ,No,0.30505491877756363,12,60.65,One year,DSL,Electronic check,Medium Risk (Monitor/Nurture)
9108-EJFJP,No,0.30476035919319744,1,53.55,Month-to-month,DSL,Mailed check,Medium Risk (Monitor/Nurture)
4987-GQWPO,No,0.304752238300089,17,25.1,Month-to-month,DSL,Credit card (automatic),Medium Risk (Monitor/Nurture)
5402-HTOTQ,No,0.3043804470316712,16,55.3,Month-to-month,DSL,Electronic check,Medium Risk (Monitor/Nurture)
3873-NFTGI,No,0.3038951088964801,14,55.5,Month-to-month,DSL,Credit card (automatic),Medium Risk (Monitor/Nurture)
5149-TGWDZ,No,0.3037950764475086,21,104.55,One year,Fiber optic,Mailed check,Medium Risk (Monitor/Nurture)
2533-TIBIX,No,0.30377581272235815,15,30.2,Month-to-month,DSL,Bank transfer (automatic),Medium Risk (Monitor/Nurture)
7047-FWEYA,No,0.3036587966601716,46,103.15,One year,Fiber optic,Electronic check,Medium Risk (Monitor/Nurture)
0929-HYQEW,No,0.30322457402019526,3,50.15,Month-to-month,DSL,Mailed check,Medium Risk (Monitor/Nurture)
0909-SDHNU,No,0.3030853117253354,7,29.8,Month-to-month,DSL,Mailed check,Medium Risk (Monitor/Nurture)
0178-SZBHO,No,0.30304695845449375,47,87.2,Month-to-month,Fiber optic,Electronic check,Medium Risk (Monitor/Nurture)
6576-FBXOJ,No,0.3028348159017066,17,54.6,One year,DSL,Electronic check,Medium Risk (Monitor/Nurture)
1024-KPRBB,No,0.30272841780507803,38,89.1,One year,Fiber optic,Mailed check,Medium Risk (Monitor/Nurture)
8896-BQTTI,No,0.30263356567387856,1,25.0,Month-to-month,No,Mailed check,Medium Risk (Monitor/Nurture)
1703-MGIAB,No,0.3022678731639598,17,69.0,Month-to-month,DSL,Mailed check,Medium Risk (Monitor/Nurture)
1976-AZZPJ,No,0.3013854727477711,7,34.2,Month-to-month,DSL,Mailed check,Medium Risk (Monitor/Nurture)
5060-TQUQN,No,0.301205771429964,30,83.55,Month-to-month,Fiber optic,Bank transfer (automatic),Medium Risk (Monitor/Nurture)
4097-YODCF,No,0.3008036701533379,34,103.8,One year,Fiber optic,Electronic check,Medium Risk (Monitor/Nurture)
1596-OQSPS,No,0.3006310854687326,11,51.1,Month-to-month,DSL,Electronic check,Medium Risk (Monitor/Nurture)
9481-SFCQY,No,0.3004627440113772,14,59.8,Month-to-month,DSL,Credit card (automatic),Medium Risk (Monitor/Nurture)
7147-AYBAA,No,0.30020113960723077,37,70.35,Month-to-month,Fiber optic,Mailed check,Medium Risk (Monitor/Nurture)
5207-PLSTK,No,0.3001044199491988,1,48.75,Month-to-month,DSL,Mailed check,Medium Risk (Monitor/Nurture)
4012-ZTHBR,No,0.29977927239265645,21,44.95,Month-to-month,DSL,Electronic check,Low Risk (Loyal)
2806-MLNTI,No,0.29964181266373385,52,105.1,One year,Fiber optic,Bank transfer (automatic),Low Risk (Loyal)
7537-CBQUZ,No,0.2994652843826704,63,109.4,Month-to-month,Fiber optic,Bank transfer (automatic),Low Risk (Loyal)
3567-PQTSO,No,0.299463565262943,53,105.25,One year,Fiber optic,Electronic check,Low Risk (Loyal)
4450-YOOHP,No,0.29940931675744614,39,50.65,Month-to-month,DSL,Credit card (automatic),Low Risk (Loyal)
4282-ACRXS,No,0.2992906017586388,38,24.85,Month-to-month,DSL,Electronic check,Low Risk (Loyal)
3594-KADLU,No,0.2991989586906138,3,35.1,Month-to-month,DSL,Mailed check,Low Risk (Loyal)
7596-LDUXP,No,0.29904690422535213,12,85.15,One year,Fiber optic,Credit card (automatic),Low Risk (Loyal)
7693-QPEFS,No,0.29891833204335905,52,72.95,Month-to-month,Fiber optic,Bank transfer (automatic),Low Risk (Loyal)
2674-MLXMN,No,0.29880404832305635,71,99.65,Month-to-month,Fiber optic,Credit card (automatic),Low Risk (Loyal)
9822-WMWVG,No,0.2985265088988772,41,106.5,Month-to-month,Fiber optic,Electronic check,Low Risk (Loyal)
7343-EOBEU,No,0.2980006182258945,3,23.6,Month-to-month,No,Mailed check,Low Risk (Loyal)
4482-FTFFX,No,0.2979923772590653,5,56.15,Month-to-month,DSL,Electronic check,Low Risk (Loyal)
1848-LBZHY,No,0.29773979343142154,7,50.3,Month-to-month,DSL,Bank transfer (automatic),Low Risk (Loyal)
1216-BGTSP,No,0.2977375868233432,45,108.45,Month-to-month,Fiber optic,Credit card (automatic),Low Risk (Loyal)
7521-AFHAB,No,0.29773728614173756,5,44.8,Month-to-month,DSL,Mailed check,Low Risk (Loyal)
5339-TJFEK,No,0.29759904363190587,62,105.5,Month-to-month,Fiber optic,Electronic check,Low Risk (Loyal)
5948-UJZLF,No,0.2970922405399416,2,49.25,Month-to-month,DSL,Mailed check,Low Risk (Loyal)
8033-VCZGH,No,0.296719849820971,50,103.95,One year,Fiber optic,Electronic check,Low Risk (Loyal)
5527-ACHSO,No,0.295917833341748,11,70.5,Month-to-month,DSL,Mailed check,Low Risk (Loyal)
6891-JPYFF,No,0.2958841021197125,48,105.25,Month-to-month,Fiber optic,Credit card (automatic),Low Risk (Loyal)
4080-IIARD,No,0.2957374891897881,13,76.2,Month-to-month,DSL,Electronic check,Low Risk (Loyal)
4396-KLSEH,No,0.2956343068274512,4,19.85,Month-to-month,No,Electronic check,Low Risk (Loyal)
8455-HIRAQ,No,0.29547300817676553,8,44.45,Month-to-month,DSL,Mailed check,Low Risk (Loyal)
3301-LSLWQ,No,0.29541603015571294,29,66.1,Month-to-month,DSL,Electronic check,Low Risk (Loyal)
5780-INQIK,No,0.2947573855362868,8,49.4,Month-to-month,DSL,Electronic check,Low Risk (Loyal)
2240-HSJQD,No,0.29471932872646484,38,81.85,Month-to-month,Fiber optic,Mailed check,Low Risk (Loyal)
1169-WCVAK,No,0.29452552599589515,19,88.8,Month-to-month,Fiber optic,Credit card (automatic),Low Risk (Loyal)
3345-JHUEO,No,0.29442843923540213,4,20.2,Month-to-month,No,Electronic check,Low Risk (Loyal)
0603-OLQDC,No,0.2943879495446252,12,69.85,Month-to-month,DSL,Mailed check,Low Risk (Loyal)
1996-DBMUS,No,0.2943646338889761,48,70.65,Month-to-month,Fiber optic,Bank transfer (automatic),Low Risk (Loyal)
1480-IVEVR,No,0.29423050097707554,35,81.6,One year,Fiber optic,Bank transfer (automatic),Low Risk (Loyal)
7396-VJUZB,No,0.29363744542537284,4,45.25,Month-to-month,DSL,Mailed check,Low Risk (Loyal)
4488-KQFDT,No,0.2935948657391027,61,103.95,One year,Fiber optic,Electronic check,Low Risk (Loyal)
5686-CMAWK,No,0.2930419070626025,17,86.75,One year,Fiber optic,Electronic check,Low Risk (Loyal)
6234-PFPXL,No,0.2929273116730968,22,95.9,Month-to-month,Fiber optic,Credit card (automatic),Low Risk (Loyal)
1208-NBVFH,No,0.2924848518026343,20,49.6,Month-to-month,DSL,Electronic check,Low Risk (Loyal)
1803-BGNBD,No,0.2924395163667046,12,54.3,Month-to-month,DSL,Electronic check,Low Risk (Loyal)
6507-DTJZV,No,0.2924243546627356,13,66.4,Month-to-month,DSL,Credit card (automatic),Low Risk (Loyal)
4452-QIIEB,No,0.2921242903547705,7,43.9,Month-to-month,DSL,Mailed check,Low Risk (Loyal)
9052-VKDUW,No,0.29130017788084345,65,109.4,Month-to-month,Fiber optic,Credit card (automatic),Low Risk (Loyal)
4724-WXVWF,No,0.29121354912220143,48,95.4,Month-to-month,Fiber optic,Electronic check,Low Risk (Loyal)
3062-ICYZQ,No,0.2909850176358215,51,93.8,Month-to-month,Fiber optic,Electronic check,Low Risk (Loyal)
8065-BVEPF,No,0.29095294784859543,65,99.1,Month-to-month,Fiber optic,Bank transfer (automatic),Low Risk (Loyal)
0668-OGMHD,No,0.29073169130733445,21,28.5,Month-to-month,DSL,Electronic check,Low Risk (Loyal)
9688-YGXVR,No,0.29001602835321844,44,88.15,Month-to-month,Fiber optic,Credit card (automatic),Low Risk (Loyal)
2988-GBIVW,No,0.28995270425583514,70,90.85,Month-to-month,Fiber optic,Electronic check,Low Risk (Loyal)
3452-SRFEG,No,0.2897215487055677,49,74.6,Month-to-month,Fiber optic,Bank transfer (automatic),Low Risk (Loyal)
1217-VASWC,No,0.28931467092876795,43,100.55,One year,Fiber optic,Bank transfer (automatic),Low Risk (Loyal)
1089-HDMKP,No,0.2890290077422076,11,54.55,Month-to-month,DSL,Electronic check,Low Risk (Loyal)
8791-GFXLZ,No,0.28899451902074763,12,49.05,Month-to-month,DSL,Bank transfer (automatic),Low Risk (Loyal)
6344-SFJVH,No,0.2888414373080034,20,24.9,Month-to-month,DSL,Credit card (automatic),Low Risk (Loyal)
4647-XXZAM,No,0.28858336520756894,6,45.5,Month-to-month,DSL,Mailed check,Low Risk (Loyal)
9445-ZUEQE,No,0.2885803038156116,27,85.2,Month-to-month,Fiber optic,Credit card (automatic),Low Risk (Loyal)
8388-FYNPZ,No,0.2884808326718324,4,56.75,Month-to-month,DSL,Electronic check,Low Risk (Loyal)
4937-QPZPO,No,0.2884385252492307,61,99.9,One year,Fiber optic,Electronic check,Low Risk (Loyal)
6538-POCHL,No,0.2883301143852528,33,79.0,Month-to-month,Fiber optic,Credit card (automatic),Low Risk (Loyal)
2740-JFBOK,No,0.28831423440476983,10,24.0,Month-to-month,No,Electronic check,Low Risk (Loyal)
1422-DGUBX,No,0.2882850397442254,32,79.25,One year,Fiber optic,Electronic check,Low Risk (Loyal)
8910-LEDAG,No,0.28807871931039425,34,71.55,Month-to-month,Fiber optic,Credit card (automatic),Low Risk (Loyal)
5309-TAIKL,No,0.28800230018271805,7,62.8,Month-to-month,DSL,Bank transfer (automatic),Low Risk (Loyal)
5071-FBJFS,No,0.2878641180201741,4,50.3,Month-to-month,DSL,Electronic check,Low Risk (Loyal)
5336-UFNZP,No,0.28739574945628493,65,107.45,One year,Fiber optic,Electronic check,Low Risk (Loyal)
4238-HFHSN,No,0.2872953431443785,61,82.15,Month-to-month,Fiber optic,Electronic check,Low Risk (Loyal)
2927-QRRQV,No,0.28673521455632617,46,94.65,One year,Fiber optic,Electronic check,Low Risk (Loyal)
6854-EXGSF,No,0.28666772383985745,8,65.5,Month-to-month,DSL,Bank transfer (automatic),Low Risk (Loyal)
7271-AJDTL,No,0.28665398789298163,55,94.45,Month-to-month,Fiber optic,Credit card (automatic),Low Risk (Loyal)
6353-BRMMA,No,0.2866522848018696,54,104.1,Month-to-month,Fiber optic,Bank transfer (automatic),Low Risk (Loyal)
2045-BMBTJ,No,0.28653634770327197,33,59.45,Month-to-month,DSL,Bank transfer (automatic),Low Risk (Loyal)
7966-YOTQW,No,0.28653004064251497,10,54.5,Month-to-month,DSL,Credit card (automatic),Low Risk (Loyal)
4130-MZLCC,No,0.28651536868516214,5,50.55,Month-to-month,DSL,Bank transfer (automatic),Low Risk (Loyal)
8799-OXZMD,No,0.2861259580450192,28,29.75,Month-to-month,DSL,Mailed check,Low Risk (Loyal)
3689-MOZGR,No,0.2858216913021974,29,31.2,Month-to-month,DSL,Electronic check,Low Risk (Loyal)
9681-KYGYB,No,0.28575376360528676,49,88.2,Month-to-month,Fiber optic,Electronic check,Low Risk (Loyal)
8807-ARQET,No,0.2856684267519636,41,40.35,Month-to-month,DSL,Electronic check,Low Risk (Loyal)
6896-SRVYQ,No,0.2856566297107964,44,73.85,Month-to-month,Fiber optic,Electronic check,Low Risk (Loyal)
2190-BCXEC,No,0.2854028015243869,40,78.85,Month-to-month,Fiber optic,Credit card (automatic),Low Risk (Loyal)
8728-SKJLR,No,0.28523387428211205,41,74.25,Month-to-month,Fiber optic,Electronic check,Low Risk (Loyal)
7742-MYPGI,No,0.28517723152500524,6,48.8,Month-to-month,DSL,Mailed check,Low Risk (Loyal)
9327-QSDED,No,0.2849279471105519,8,43.55,Month-to-month,DSL,Mailed check,Low Risk (Loyal)
3097-PYWXL,No,0.2848949272062444,4,19.95,Month-to-month,No,Electronic check,Low Risk (Loyal)
6559-RAKOZ,No,0.2848880973545985,49,97.95,One year,Fiber optic,Electronic check,Low Risk (Loyal)
3511-APPBJ,No,0.2846462788297823,23,99.95,One year,Fiber optic,Credit card (automatic),Low Risk (Loyal)
5600-PDUJF,No,0.2846320158293158,6,49.5,Month-to-month,DSL,Credit card (automatic),Low Risk (Loyal)
0691-NIKRI,No,0.28458015538984405,40,105.95,One year,Fiber optic,Credit card (automatic),Low Risk (Loyal)
6578-KRMAW,No,0.2845437686828952,32,93.4,Month-to-month,Fiber optic,Credit card (automatic),Low Risk (Loyal)
7661-CPURM,No,0.28430293572482385,19,87.7,One year,Fiber optic,Credit card (automatic),Low Risk (Loyal)
4250-WAROZ,No,0.28419091744217373,60,93.25,Month-to-month,Fiber optic,Electronic check,Low Risk (Loyal)
6360-SVNWV,No,0.28418581584052843,31,73.55,Month-to-month,Fiber optic,Credit card (automatic),Low Risk (Loyal)
8201-AAXCB,No,0.2840242712193687,25,60.35,Month-to-month,DSL,Electronic check,Low Risk (Loyal)
7993-NQLJE,No,0.28396654533346133,15,75.1,Month-to-month,Fiber optic,Mailed check,Low Risk (Loyal)
7621-VPNET,No,0.2835497478540507,42,85.9,Month-to-month,Fiber optic,Credit card (automatic),Low Risk (Loyal)
9767-FFLEM,No,0.2833728500003262,38,69.5,Month-to-month,Fiber optic,Credit card (automatic),Low Risk (Loyal)
9489-UTFKA,No,0.2831636323393957,8,60.9,Month-to-month,DSL,Bank transfer (automatic),Low Risk (Loyal)
7245-JMTTQ,No,0.28281155587407036,51,111.5,One year,Fiber optic,Electronic check,Low Risk (Loyal)
9137-NOQKA,No,0.28251679562109766,2,19.2,Month-to-month,No,Electronic check,Low Risk (Loyal)
6954-OOYZZ,No,0.28227805616743423,18,44.35,Month-to-month,DSL,Bank transfer (automatic),Low Risk (Loyal)
7449-HVPIV,No,0.2822735512556657,55,90.4,Month-to-month,Fiber optic,Credit card (automatic),Low Risk (Loyal)
8294-UIMBA,No,0.28222779654353614,30,94.4,One year,Fiber optic,Bank transfer (automatic),Low Risk (Loyal)
1353-LJWEM,No,0.2821523912579611,11,60.9,Month-to-month,DSL,Electronic check,Low Risk (Loyal)
5311-IHLEI,No,0.2820743510202995,12,50.95,Month-to-month,DSL,Bank transfer (automatic),Low Risk (Loyal)
9396-ZSFLL,No,0.2820588263235575,15,48.85,Month-to-month,DSL,Mailed check,Low Risk (Loyal)
8967-SZQAS,No,0.2816879746440151,14,50.45,Month-to-month,DSL,Electronic check,Low Risk (Loyal)
8812-ZRHFP,No,0.2816029846545321,30,86.45,One year,Fiber optic,Electronic check,Low Risk (Loyal)
7814-LEEVE,No,0.2814514481399509,1,20.3,Month-to-month,No,Bank transfer (automatic),Low Risk (Loyal)
9419-IPPBE,No,0.28138907303080923,51,90.15,One year,Fiber optic,Electronic check,Low Risk (Loyal)
3842-QTGDL,No,0.281359992388835,16,80.75,Month-to-month,Fiber optic,Bank transfer (automatic),Low Risk (Loyal)
1784-EZDKJ,No,0.28118465803975196,51,106.8,One year,Fiber optic,Bank transfer (automatic),Low Risk (Loyal)
3657-COGMW,No,0.2811464863742878,52,108.1,Month-to-month,Fiber optic,Credit card (automatic),Low Risk (Loyal)
1456-TWCGB,No,0.280994886432857,4,49.25,Month-to-month,DSL,Mailed check,Low Risk (Loyal)
4291-HYEBC,No,0.2807396145567749,28,39.1,One year,DSL,Electronic check,Low Risk (Loyal)
7587-AOVVU,No,0.28041350499211193,27,100.75,Month-to-month,Fiber optic,Electronic check,Low Risk (Loyal)
5371-VYLSX,No,0.28030378900495434,50,83.4,Month-to-month,Fiber optic,Electronic check,Low Risk (Loyal)
4256-ZWTZI,No,0.2798376971130219,5,51.0,Month-to-month,DSL,Mailed check,Low Risk (Loyal)
5076-YVXCM,No,0.2796898937826888,51,83.4,Month-to-month,Fiber optic,Bank transfer (automatic),Low Risk (Loyal)
9912-OMZDS,No,0.2795397746439357,59,106.15,One year,Fiber optic,Electronic check,Low Risk (Loyal)
0799-DDIHE,No,0.27932612097180015,15,46.3,Month-to-month,DSL,Electronic check,Low Risk (Loyal)
3865-QBWSJ,No,0.27908997886624987,38,80.45,Month-to-month,Fiber optic,Mailed check,Low Risk (Loyal)
9544-PYPSJ,No,0.2788998361690413,62,96.1,Month-to-month,Fiber optic,Credit card (automatic),Low Risk (Loyal)
0326-VDYXE,No,0.2787646573250017,70,97.65,One year,Fiber optic,Electronic check,Low Risk (Loyal)
3522-CDKHF,No,0.2787586083599348,32,75.5,Month-to-month,Fiber optic,Bank transfer (automatic),Low Risk (Loyal)
8205-MQUGY,No,0.2786635184373105,12,49.2,Month-to-month,DSL,Electronic check,Low Risk (Loyal)
4468-YDOVK,No,0.2785821802558296,5,48.65,Month-to-month,DSL,Bank transfer (automatic),Low Risk (Loyal)
7629-WIXZF,No,0.27856479089240443,7,59.1,One year,DSL,Electronic check,Low Risk (Loyal)
5274-XHAKY,No,0.2784473246192356,41,94.3,Month-to-month,Fiber optic,Bank transfer (automatic),Low Risk (Loyal)
8050-WYBND,No,0.278402314059753,22,49.45,One year,DSL,Credit card (automatic),Low Risk (Loyal)
0512-FLFDW,No,0.2783581914595352,60,100.5,One year,Fiber optic,Credit card (automatic),Low Risk (Loyal)
9776-OJUZI,No,0.27835141401639546,65,95.45,Month-to-month,Fiber optic,Bank transfer (automatic),Low Risk (Loyal)
7346-MEDWM,No,0.2780857330463427,59,83.25,Month-to-month,Fiber optic,Electronic check,Low Risk (Loyal)
4324-BZCKL,No,0.27780511873776903,10,55.55,Month-to-month,DSL,Mailed check,Low Risk (Loyal)
3717-LNXKW,No,0.27761907155672233,38,91.7,Month-to-month,Fiber optic,Bank transfer (automatic),Low Risk (Loyal)
2937-FTHUR,No,0.2774656004096988,18,64.8,Month-to-month,DSL,Electronic check,Low Risk (Loyal)
2320-SLKMB,No,0.27696656027789707,26,44.45,Month-to-month,DSL,Credit card (automatic),Low Risk (Loyal)
7351-MHQVU,No,0.27679207167010467,6,50.95,Month-to-month,DSL,Credit card (automatic),Low Risk (Loyal)
4010-YLMVT,No,0.27665524625174787,56,106.6,Month-to-month,Fiber optic,Credit card (automatic),Low Risk (Loyal)
3113-IWHLC,No,0.2763573847053069,5,55.8,Month-to-month,DSL,Mailed check,Low Risk (Loyal)
6351-SCJKT,No,0.27624493489968194,3,41.35,Month-to-month,DSL,Mailed check,Low Risk (Loyal)
2293-IJWPS,No,0.27615574638608237,57,100.75,One year,Fiber optic,Credit card (automatic),Low Risk (Loyal)
4001-TSBTV,No,0.2760886360302243,58,91.55,Month-to-month,Fiber optic,Electronic check,Low Risk (Loyal)
5575-TPIZQ,No,0.27599834557436154,46,89.15,Month-to-month,Fiber optic,Credit card (automatic),Low Risk (Loyal)
8679-LZBMD,No,0.2757664912814865,44,90.65,One year,Fiber optic,Bank transfer (automatic),Low Risk (Loyal)
6791-YBNAK,No,0.27515577872551644,18,25.55,Month-to-month,DSL,Credit card (automatic),Low Risk (Loyal)
4310-KEDTB,No,0.27507141538038904,26,29.8,Month-to-month,DSL,Mailed check,Low Risk (Loyal)
0100-DUVFC,No,0.2750479073253692,70,104.8,One year,Fiber optic,Electronic check,Low Risk (Loyal)
2075-RMJIK,No,0.27488388242159567,5,49.4,Month-to-month,DSL,Mailed check,Low Risk (Loyal)
8095-WANWK,No,0.2747972675242246,10,45.25,Month-to-month,DSL,Mailed check,Low Risk (Loyal)
2623-DRYAM,No,0.27479379434067475,70,101.75,One year,Fiber optic,Electronic check,Low Risk (Loyal)
1360-JYXKQ,No,0.2746122669898038,54,99.1,One year,Fiber optic,Electronic check,Low Risk (Loyal)
0237-YFUTL,No,0.2739347018977588,50,109.65,Month-to-month,Fiber optic,Bank transfer (automatic),Low Risk (Loyal)
2480-JZOSN,No,0.27383459276588307,1,20.65,Month-to-month,No,Mailed check,Low Risk (Loyal)
7594-LZNWR,No,0.2737045445376617,34,69.15,Month-to-month,Fiber optic,Credit card (automatic),Low Risk (Loyal)
3566-VVORZ,No,0.2735879023158519,12,45.9,Month-to-month,DSL,Bank transfer (automatic),Low Risk (Loyal)
3604-WLABM,No,0.27342465622922135,10,54.25,Month-to-month,DSL,Electronic check,Low Risk (Loyal)
8049-WJCLQ,No,0.27337474534668804,10,60.2,Month-to-month,DSL,Mailed check,Low Risk (Loyal)
5553-AOINX,No,0.27310427784186186,66,104.9,One year,Fiber optic,Electronic check,Low Risk (Loyal)
2172-EJXVF,No,0.27302197167949244,71,105.9,One year,Fiber optic,Electronic check,Low Risk (Loyal)
1656-DRSMG,No,0.272786177779809,63,109.85,Month-to-month,Fiber optic,Credit card (automatic),Low Risk (Loyal)
1098-TDVUQ,No,0.2727398670882077,1,19.25,Month-to-month,No,Bank transfer (automatic),Low Risk (Loyal)
9163-GHAYE,No,0.27256882864449206,15,48.85,Month-to-month,DSL,Electronic check,Low Risk (Loyal)
0060-FUALY,No,0.27256580098932326,59,94.75,Month-to-month,Fiber optic,Electronic check,Low Risk (Loyal)
8111-BKVDS,No,0.2725276768246641,10,40.7,Month-to-month,DSL,Bank transfer (automatic),Low Risk (Loyal)
7426-GSWPO,No,0.2721468574268554,64,103.5,Month-to-month,Fiber optic,Bank transfer (automatic),Low Risk (Loyal)
3629-WEAAM,No,0.27206134243087615,8,64.1,Month-to-month,DSL,Mailed check,Low Risk (Loyal)
2195-VVRJF,No,0.27192596711946737,18,59.1,Month-to-month,DSL,Credit card (automatic),Low Risk (Loyal)
4123-FCVCB,No,0.27171102584194723,12,75.85,One year,DSL,Mailed check,Low Risk (Loyal)
2267-WTPYD,No,0.27161385458655196,57,94.0,Month-to-month,Fiber optic,Credit card (automatic),Low Risk (Loyal)
8652-YHIYU,No,0.27145337561508237,16,79.5,One year,Fiber optic,Credit card (automatic),Low Risk (Loyal)
8992-CEUEN,No,0.27141912184512107,1,18.85,Month-to-month,No,Electronic check,Low Risk (Loyal)
9314-QDMDW,No,0.2713666381537009,11,61.25,One year,DSL,Electronic check,Low Risk (Loyal)
8980-WQFWL,No,0.27127484242757566,35,62.1,Month-to-month,DSL,Electronic check,Low Risk (Loyal)
5843-TTHGI,No,0.2711817466173099,18,50.0,Month-to-month,DSL,Mailed check,Low Risk (Loyal)
1575-KRZZE,No,0.2707095005492528,4,55.2,Month-to-month,DSL,Electronic check,Low Risk (Loyal)
4191-XOVOM,No,0.27025374942915814,63,105.4,Month-to-month,Fiber optic,Electronic check,Low Risk (Loyal)
2273-QCKXA,No,0.2701366596205282,1,49.05,Month-to-month,DSL,Mailed check,Low Risk (Loyal)
7501-VTYLJ,No,0.2700388437804598,2,51.55,Month-to-month,DSL,Mailed check,Low Risk (Loyal)
8885-QSQBX,No,0.26998671514065997,1,49.55,Month-to-month,DSL,Bank transfer (automatic),Low Risk (Loyal)
8705-DWKTI,No,0.2698535668786177,52,83.8,Month-to-month,Fiber optic,Credit card (automatic),Low Risk (Loyal)
4608-LCIMN,No,0.2696782513592382,8,44.65,Month-to-month,DSL,Bank transfer (automatic),Low Risk (Loyal)
1156-ZFYDO,No,0.26956035868327194,1,19.75,Month-to-month,No,Electronic check,Low Risk (Loyal)
2625-TRCZQ,No,0.2694386405706193,51,49.65,Month-to-month,DSL,Electronic check,Low Risk (Loyal)
2931-SVLTV,No,0.2693353982771107,40,110.1,Month-to-month,Fiber optic,Credit card (automatic),Low Risk (Loyal)
2604-XVDAM,No,0.2692078277612762,12,43.8,Month-to-month,DSL,Bank transfer (automatic),Low Risk (Loyal)
8495-LJDFO,No,0.2684929073122637,64,108.95,Month-to-month,Fiber optic,Bank transfer (automatic),Low Risk (Loyal)
5804-HYIEZ,No,0.2680032796915664,70,106.05,Month-to-month,Fiber optic,Electronic check,Low Risk (Loyal)
4070-OKWVH,No,0.26791436983341027,52,94.6,Month-to-month,Fiber optic,Bank transfer (automatic),Low Risk (Loyal)
8620-RJPZN,No,0.26760706703720016,1,20.7,Month-to-month,No,Electronic check,Low Risk (Loyal)
7285-KLOTR,No,0.2674874716238394,12,78.85,One year,DSL,Electronic check,Low Risk (Loyal)
5630-AHZIL,No,0.2673885977601309,3,64.5,Month-to-month,DSL,Bank transfer (automatic),Low Risk (Loyal)
7921-LMDFQ,No,0.2667664394872457,51,94.0,One year,Fiber optic,Bank transfer (automatic),Low Risk (Loyal)
5651-CPDND,No,0.26655017054495206,10,46.0,Month-to-month,DSL,Mailed check,Low Risk (Loyal)
3404-JNXAX,No,0.26626245756564626,51,80.75,Month-to-month,Fiber optic,Electronic check,Low Risk (Loyal)
7041-TXQJH,No,0.26603516732275206,37,40.2,Month-to-month,DSL,Credit card (automatic),Low Risk (Loyal)
0471-ARVMX,No,0.2658234732303723,62,104.85,One year,Fiber optic,Electronic check,Low Risk (Loyal)
6366-XIVKZ,No,0.2657403263700433,13,63.15,Month-to-month,DSL,Mailed check,Low Risk (Loyal)
7298-IZWLY,No,0.2656799235299609,1,19.4,Month-to-month,No,Mailed check,Low Risk (Loyal)
8566-YPRGL,No,0.26547577875970363,1,19.5,Month-to-month,No,Mailed check,Low Risk (Loyal)
1622-HSHSF,No,0.2653737439456661,1,19.55,Month-to-month,No,Mailed check,Low Risk (Loyal)
0191-ZHSKZ,No,0.2653015890920894,30,74.75,Month-to-month,DSL,Electronic check,Low Risk (Loyal)
3016-KSVCP,No,0.26471037516411444,29,33.75,Month-to-month,DSL,Mailed check,Low Risk (Loyal)
2828-SLQPF,No,0.26462027976430785,19,45.0,Month-to-month,DSL,Bank transfer (automatic),Low Risk (Loyal)
8755-IWJHN,No,0.2645838781911154,69,95.35,Month-to-month,Fiber optic,Bank transfer (automatic),Low Risk (Loyal)
7869-ZYDST,No,0.2645314099551696,31,59.05,Month-to-month,DSL,Credit card (automatic),Low Risk (Loyal)
3701-SFMUH,No,0.26435840981026926,7,69.7,Month-to-month,DSL,Credit card (automatic),Low Risk (Loyal)
1074-AMIOH,No,0.2643257015284754,53,108.25,Month-to-month,Fiber optic,Bank transfer (automatic),Low Risk (Loyal)
0670-KDOMA,No,0.2639478893331151,1,20.25,Month-to-month,No,Mailed check,Low Risk (Loyal)
7356-IWLFW,No,0.2637725077197742,46,80.0,Month-to-month,Fiber optic,Bank transfer (automatic),Low Risk (Loyal)
4634-JLRJT,No,0.26374459742703754,1,20.35,Month-to-month,No,Mailed check,Low Risk (Loyal)
7595-EHCDL,No,0.2631787886497727,32,50.6,Month-to-month,DSL,Credit card (automatic),Low Risk (Loyal)
8263-OKETD,No,0.26286973178594714,20,68.9,Month-to-month,DSL,Credit card (automatic),Low Risk (Loyal)
2480-EJWYP,No,0.2626240558203231,58,97.8,One year,Fiber optic,Bank transfer (automatic),Low Risk (Loyal)
2279-AXJJK,No,0.26261169947219404,52,95.65,Month-to-month,Fiber optic,Credit card (automatic),Low Risk (Loyal)
6967-QIQRV,No,0.26241391869219766,15,101.9,One year,Fiber optic,Electronic check,Low Risk (Loyal)
4177-JPDFU,No,0.26239710458582793,12,34.0,Month-to-month,DSL,Mailed check,Low Risk (Loyal)
8647-SDTWQ,No,0.26235565437283126,57,74.3,Month-to-month,Fiber optic,Electronic check,Low Risk (Loyal)
2731-GJRDG,No,0.26223355362587036,32,109.55,One year,Fiber optic,Bank transfer (automatic),Low Risk (Loyal)
7291-CDTMJ,No,0.26185250252297637,1,19.65,Month-to-month,No,Bank transfer (automatic),Low Risk (Loyal)
2267-FPIMA,No,0.2612995834378381,50,94.4,Month-to-month,Fiber optic,Credit card (automatic),Low Risk (Loyal)
5002-GCQFH,No,0.2611902762359543,49,93.85,Month-to-month,Fiber optic,Bank transfer (automatic),Low Risk (Loyal)
5651-WYIPH,No,0.2611735962022858,18,49.85,Month-to-month,DSL,Credit card (automatic),Low Risk (Loyal)
2259-OUUSZ,No,0.26071036272853804,7,35.5,One year,DSL,Credit card (automatic),Low Risk (Loyal)
4232-JGKIY,No,0.260666432018665,1,19.2,Month-to-month,No,Electronic check,Low Risk (Loyal)
0575-CUQOV,No,0.26065906255522264,60,97.95,One year,Fiber optic,Electronic check,Low Risk (Loyal)
2832-SCUCO,No,0.2606324638140409,2,19.9,Month-to-month,No,Electronic check,Low Risk (Loyal)
7905-NJMXS,No,0.2604512386128917,7,64.2,Month-to-month,DSL,Electronic check,Low Risk (Loyal)
7617-EYGLW,No,0.26016247434747264,1,19.45,Month-to-month,No,Electronic check,Low Risk (Loyal)
3007-FDPEA,No,0.2601244414172397,2,20.7,Month-to-month,No,Bank transfer (automatic),Low Risk (Loyal)
3577-AMVUX,No,0.2594455285165081,1,55.05,Month-to-month,DSL,Mailed check,Low Risk (Loyal)
2607-FBDFF,No,0.25932960380764525,1,49.0,Month-to-month,DSL,Credit card (automatic),Low Risk (Loyal)
5443-SCMKX,No,0.25924703342658445,58,94.3,One year,Fiber optic,Electronic check,Low Risk (Loyal)
7054-ENNGU,No,0.25876103596972805,9,50.85,Month-to-month,DSL,Mailed check,Low Risk (Loyal)
0419-YAAPX,No,0.2587476978969798,49,85.3,Month-to-month,Fiber optic,Credit card (automatic),Low Risk (Loyal)
5624-RYAMH,No,0.25840142353036344,9,19.5,Month-to-month,No,Electronic check,Low Risk (Loyal)
1215-FIGMP,No,0.2583703227096221,60,89.9,Month-to-month,Fiber optic,Bank transfer (automatic),Low Risk (Loyal)
9825-YCXWZ,No,0.25830577941752847,41,101.1,One year,Fiber optic,Bank transfer (automatic),Low Risk (Loyal)
5136-GFPMB,No,0.2580317673871856,54,89.4,Month-to-month,Fiber optic,Credit card (automatic),Low Risk (Loyal)
6773-LQTVT,No,0.2579959499996831,29,35.65,Month-to-month,DSL,Mailed check,Low Risk (Loyal)
5088-QZLRL,No,0.2577522861271746,1,20.65,Month-to-month,No,Electronic check,Low Risk (Loyal)
7673-LPRNY,No,0.2577425780214936,23,78.55,One year,DSL,Electronic check,Low Risk (Loyal)
4851-BQDNX,No,0.2573923116307635,40,85.05,One year,Fiber optic,Electronic check,Low Risk (Loyal)
4524-QCSSM,No,0.2572616666524705,26,44.65,Month-to-month,DSL,Bank transfer (automatic),Low Risk (Loyal)
9881-VCZEP,No,0.2570440313188138,25,54.1,Month-to-month,DSL,Electronic check,Low Risk (Loyal)
1104-FEJAM,No,0.2569027406572397,28,64.4,Month-to-month,DSL,Electronic check,Low Risk (Loyal)
5973-EJGDP,No,0.2568612106713157,51,87.35,Month-to-month,Fiber optic,Electronic check,Low Risk (Loyal)
6633-SYEUS,No,0.2567994225756836,23,83.2,Month-to-month,Fiber optic,Bank transfer (automatic),Low Risk (Loyal)
6184-DYUOB,No,0.2565910715084573,3,19.6,Month-to-month,No,Mailed check,Low Risk (Loyal)
5423-BHIXO,No,0.2564595746958509,32,54.2,Month-to-month,DSL,Electronic check,Low Risk (Loyal)
7319-VENRZ,No,0.2562103440579879,7,64.3,Month-to-month,DSL,Bank transfer (automatic),Low Risk (Loyal)
8198-RKSZG,No,0.25619834222613674,14,80.45,Month-to-month,DSL,Credit card (automatic),Low Risk (Loyal)
1935-IMVBB,No,0.2558979933406243,56,89.7,Month-to-month,Fiber optic,Mailed check,Low Risk (Loyal)
0058-EVZWM,No,0.25570829533597256,55,89.8,Month-to-month,Fiber optic,Bank transfer (automatic),Low Risk (Loyal)
5906-BFOZT,No,0.25557250713993296,1,19.5,Month-to-month,No,Mailed check,Low Risk (Loyal)
5066-GFJMM,No,0.255472128653684,3,19.9,Month-to-month,No,Mailed check,Low Risk (Loyal)
6815-ABQFQ,No,0.25517176639864975,56,107.25,One year,Fiber optic,Electronic check,Low Risk (Loyal)
2465-BLLEU,No,0.255075000042974,1,19.75,Month-to-month,No,Mailed check,Low Risk (Loyal)
4986-MXSFP,No,0.2550563583664549,2,20.0,Month-to-month,No,Mailed check,Low Risk (Loyal)
0871-OPBXW,No,0.2548668464859492,2,20.05,Month-to-month,No,Mailed check,Low Risk (Loyal)
2233-FAGXV,No,0.2548622522322202,5,24.3,Month-to-month,No,Mailed check,Low Risk (Loyal)
6284-KMNUF,No,0.25485779413791765,56,98.0,One year,Fiber optic,Electronic check,Low Risk (Loyal)
2369-FEVNO,No,0.2547768016447085,1,19.9,Month-to-month,No,Mailed check,Low Risk (Loyal)
4661-NJEUX,No,0.25447883276695943,1,20.05,Month-to-month,No,Mailed check,Low Risk (Loyal)
5337-IIWKZ,No,0.25424756030598245,34,44.85,Month-to-month,DSL,Electronic check,Low Risk (Loyal)
3594-IVHJZ,No,0.25422068097619194,2,20.45,Month-to-month,No,Mailed check,Low Risk (Loyal)
2081-KJSQF,No,0.25408189813790666,1,20.25,Month-to-month,No,Mailed check,Low Risk (Loyal)
2208-NQBCT,No,0.2539572432531061,26,81.95,Month-to-month,Fiber optic,Electronic check,Low Risk (Loyal)
6629-LADHQ,No,0.2538343856113806,2,50.95,Month-to-month,DSL,Mailed check,Low Risk (Loyal)
8262-COGGB,No,0.2536853719659712,1,20.45,Month-to-month,No,Mailed check,Low Risk (Loyal)
5996-DAOQL,No,0.2536853719659712,1,20.45,Month-to-month,No,Mailed check,Low Risk (Loyal)
6942-LBFDP,No,0.2535493707609227,2,20.55,Month-to-month,No,Mailed check,Low Risk (Loyal)
4957-TREIR,No,0.2531546165217069,3,64.4,Month-to-month,DSL,Credit card (automatic),Low Risk (Loyal)
2043-WVTQJ,No,0.25304686829124906,1,55.7,Month-to-month,DSL,Mailed check,Low Risk (Loyal)
2924-KHUVI,No,0.2528439898751493,56,100.55,One year,Fiber optic,Electronic check,Low Risk (Loyal)
1794-SWWKL,No,0.2523010945463565,15,59.65,Month-to-month,DSL,Bank transfer (automatic),Low Risk (Loyal)
7074-STDCN,No,0.2518888286161471,39,40.6,Month-to-month,DSL,Electronic check,Low Risk (Loyal)
6469-QJKZW,No,0.2514587652834874,4,20.15,Month-to-month,No,Electronic check,Low Risk (Loyal)
4693-VWVBO,No,0.2511238187088332,3,19.55,Month-to-month,No,Electronic check,Low Risk (Loyal)
7129-AZJDE,No,0.25109137879757026,34,78.95,One year,Fiber optic,Bank transfer (automatic),Low Risk (Loyal)
4456-RHSNB,No,0.25102028408193694,19,49.6,Month-to-month,DSL,Bank transfer (automatic),Low Risk (Loyal)
9027-YFHQJ,No,0.2509324024363063,7,25.05,Month-to-month,No,Bank transfer (automatic),Low Risk (Loyal)
3756-VNWDH,No,0.2507945738387972,65,100.75,One year,Fiber optic,Electronic check,Low Risk (Loyal)
8597-CWYHH,No,0.2505803956330533,43,94.35,One year,Fiber optic,Mailed check,Low Risk (Loyal)
0959-WHOKV,No,0.2505264758919175,42,99.0,One year,Fiber optic,Electronic check,Low Risk (Loyal)
2522-AHJXR,No,0.250466297172049,60,109.45,Month-to-month,Fiber optic,Bank transfer (automatic),Low Risk (Loyal)
5201-FRKKS,No,0.250161409937055,25,74.3,Month-to-month,Fiber optic,Bank transfer (automatic),Low Risk (Loyal)
8695-WDYEA,No,0.25007545188533475,1,51.25,Month-to-month,DSL,Mailed check,Low Risk (Loyal)
3744-ZBHON,No,0.25006889016158573,3,20.2,Month-to-month,No,Electronic check,Low Risk (Loyal)
6689-VRRTK,No,0.25006758986611827,44,109.8,One year,Fiber optic,Credit card (automatic),Low Risk (Loyal)
4430-YHXGG,No,0.25004553173394384,4,25.45,Month-to-month,No,Mailed check,Low Risk (Loyal)
5370-IIVVL,No,0.250027217507577,37,104.5,One year,Fiber optic,Credit card (automatic),Low Risk (Loyal)
9374-YOLBJ,No,0.24980668418717084,1,19.25,Month-to-month,No,Electronic check,Low Risk (Loyal)
4431-EDMIQ,No,0.24978901162662379,7,75.7,Month-to-month,DSL,Electronic check,Low Risk (Loyal)
3679-XASPY,No,0.24941459908050395,1,19.45,Month-to-month,No,Electronic check,Low Risk (Loyal)
6572-ADKRS,No,0.24867520291304257,46,74.8,Month-to-month,Fiber optic,Credit card (automatic),Low Risk (Loyal)
3807-XHCJH,No,0.24833848550777113,1,20.0,Month-to-month,No,Electronic check,Low Risk (Loyal)
4415-WNGVR,No,0.2481103916193885,12,79.2,One year,DSL,Electronic check,Low Risk (Loyal)
6917-YACBP,No,0.2478937688769556,59,89.75,Month-to-month,Fiber optic,Electronic check,Low Risk (Loyal)
4692-NNQRU,No,0.24754988211102272,21,79.2,One year,Fiber optic,Electronic check,Low Risk (Loyal)
2676-OXPPQ,No,0.24706792304312752,6,55.7,Month-to-month,DSL,Bank transfer (automatic),Low Risk (Loyal)
1685-VAYJF,No,0.2470513073850409,11,45.2,Month-to-month,DSL,Credit card (automatic),Low Risk (Loyal)
8003-EWNDZ,No,0.24692819480984587,10,21.2,Month-to-month,No,Electronic check,Low Risk (Loyal)
3413-DHLPB,No,0.24675646317232366,60,103.75,Month-to-month,Fiber optic,Bank transfer (automatic),Low Risk (Loyal)
2669-QVCRG,No,0.24660497106196747,41,81.3,Month-to-month,Fiber optic,Credit card (automatic),Low Risk (Loyal)
2305-MRGLV,No,0.2462357826374432,28,76.55,Month-to-month,Fiber optic,Bank transfer (automatic),Low Risk (Loyal)
7733-UDMTP,No,0.24622622869270147,57,55.0,Month-to-month,DSL,Electronic check,Low Risk (Loyal)
2782-JEEBU,No,0.24600141750301585,21,36.0,Month-to-month,DSL,Mailed check,Low Risk (Loyal)
2640-LYMOV,No,0.24600034142905178,2,19.65,Month-to-month,No,Mailed check,Low Risk (Loyal)
1423-BMPBQ,No,0.24592065236279811,1,19.0,Month-to-month,No,Mailed check,Low Risk (Loyal)
2393-DIVAI,No,0.2458734232392888,3,20.0,Month-to-month,No,Mailed check,Low Risk (Loyal)
6897-UUBNU,No,0.24573684080631347,29,89.65,Month-to-month,Fiber optic,Mailed check,Low Risk (Loyal)
7103-IPXPJ,No,0.24567234701317314,50,99.4,One year,Fiber optic,Electronic check,Low Risk (Loyal)
9629-NHXFW,No,0.2451451014056356,1,19.4,Month-to-month,No,Mailed check,Low Risk (Loyal)
4767-HZZHQ,No,0.245107998876009,30,82.05,Month-to-month,Fiber optic,Bank transfer (automatic),Low Risk (Loyal)
9500-LTVBP,No,0.24489515895901348,35,80.05,Month-to-month,Fiber optic,Credit card (automatic),Low Risk (Loyal)
4945-RVMTE,No,0.24482335015820522,28,59.55,Month-to-month,DSL,Bank transfer (automatic),Low Risk (Loyal)
8706-HRADD,No,0.24477365390985004,21,43.55,Month-to-month,DSL,Mailed check,Low Risk (Loyal)
7853-WNZSY,No,0.2445718072705804,1,19.75,Month-to-month,No,Credit card (automatic),Low Risk (Loyal)
6300-BWMJX,No,0.24452208331316688,59,93.35,Month-to-month,Fiber optic,Electronic check,Low Risk (Loyal)
1360-RCYRT,No,0.24431252359298652,23,30.35,Month-to-month,DSL,Bank transfer (automatic),Low Risk (Loyal)
0228-MAUWC,No,0.2442351594384329,19,59.55,Month-to-month,DSL,Electronic check,Low Risk (Loyal)
4118-CEVPF,No,0.24421628343396554,35,110.8,One year,Fiber optic,Bank transfer (automatic),Low Risk (Loyal)
2709-UQGNP,No,0.24421603963364655,10,51.65,Month-to-month,DSL,Mailed check,Low Risk (Loyal)
2458-EOMRE,No,0.24404833695225775,11,64.05,Month-to-month,DSL,Bank transfer (automatic),Low Risk (Loyal)
6968-GMKPR,No,0.24390978482725936,55,81.55,Month-to-month,Fiber optic,Electronic check,Low Risk (Loyal)
4672-FOTSD,No,0.2438415844589631,12,67.25,Month-to-month,DSL,Electronic check,Low Risk (Loyal)
7821-DPRQE,No,0.24352402611443844,68,107.7,Month-to-month,Fiber optic,Electronic check,Low Risk (Loyal)
8409-WQJUX,No,0.24339925722777223,25,54.2,One year,DSL,Electronic check,Low Risk (Loyal)
7402-PWYJJ,No,0.24321225446682126,53,91.15,One year,Fiber optic,Electronic check,Low Risk (Loyal)
4646-QZXTF,No,0.24316738556748885,7,81.25,Month-to-month,DSL,Bank transfer (automatic),Low Risk (Loyal)
8259-NFJTV,No,0.24311644428627563,7,34.65,Month-to-month,DSL,Mailed check,Low Risk (Loyal)
6620-JDYNW,No,0.24302127987942806,18,60.6,Month-to-month,DSL,Mailed check,Low Risk (Loyal)
4567-AKPIA,No,0.24296908800221248,41,109.1,One year,Fiber optic,Bank transfer (automatic),Low Risk (Loyal)
0913-XWSCN,No,0.24266458689720216,55,85.5,Month-to-month,Fiber optic,Bank transfer (automatic),Low Risk (Loyal)
0872-JCPIB,No,0.24243889707698485,17,65.75,Month-to-month,DSL,Bank transfer (automatic),Low Risk (Loyal)
4832-VRBMR,No,0.2415243582661743,65,103.15,One year,Fiber optic,Bank transfer (automatic),Low Risk (Loyal)
0701-TJSEF,No,0.2412035946647979,9,68.25,Month-to-month,DSL,Bank transfer (automatic),Low Risk (Loyal)
1335-HQMKX,No,0.2411547691157491,72,101.35,One year,Fiber optic,Electronic check,Low Risk (Loyal)
3307-TLCUD,No,0.2410716397658465,17,34.4,Month-to-month,DSL,Mailed check,Low Risk (Loyal)
0899-WZRSD,No,0.24102942162722377,56,105.35,Month-to-month,Fiber optic,Mailed check,Low Risk (Loyal)
3410-MHHUM,No,0.24095208977588262,44,94.4,One year,Fiber optic,Electronic check,Low Risk (Loyal)
5898-IGSLP,No,0.24085299089166265,31,89.3,Month-to-month,Fiber optic,Electronic check,Low Risk (Loyal)
4781-ZXYGU,No,0.24055885106482763,1,20.15,Month-to-month,No,Bank transfer (automatic),Low Risk (Loyal)
4501-VCPFK,No,0.24041282989246093,26,35.75,Month-to-month,DSL,Electronic check,Low Risk (Loyal)
0516-OOHAR,No,0.2401940671000618,28,100.35,One year,Fiber optic,Bank transfer (automatic),Low Risk (Loyal)
0567-GGCAC,No,0.23993341120204392,7,61.4,Month-to-month,DSL,Electronic check,Low Risk (Loyal)
7251-XFOIL,No,0.23983486521887887,61,89.2,Month-to-month,Fiber optic,Mailed check,Low Risk (Loyal)
8992-OBVDG,No,0.2396457695918108,21,61.65,Month-to-month,DSL,Mailed check,Low Risk (Loyal)
7611-YKYTC,No,0.23963511723620418,22,75.0,Month-to-month,Fiber optic,Bank transfer (automatic),Low Risk (Loyal)
6067-NGCEU,No,0.2395596958096359,65,111.05,Month-to-month,Fiber optic,Credit card (automatic),Low Risk (Loyal)
3780-DDGSE,No,0.23948315736621226,35,76.05,Month-to-month,DSL,Electronic check,Low Risk (Loyal)
2826-UWHIS,No,0.23942806404385739,45,81.4,Month-to-month,Fiber optic,Bank transfer (automatic),Low Risk (Loyal)
9103-CXVOK,No,0.23934265648092945,1,19.75,Month-to-month,No,Electronic check,Low Risk (Loyal)
7550-WIQVA,No,0.23913078732141846,50,108.25,One year,Fiber optic,Electronic check,Low Risk (Loyal)
8868-GAGIO,No,0.239102430040675,45,84.55,Month-to-month,Fiber optic,Mailed check,Low Risk (Loyal)
9138-EFSMO,No,0.23879301789687177,26,78.95,One year,Fiber optic,Bank transfer (automatic),Low Risk (Loyal)
7610-TVOPG,No,0.2386623638631157,15,26.35,Month-to-month,No,Electronic check,Low Risk (Loyal)
0953-LGOVU,No,0.23857037853673121,12,35.5,Month-to-month,DSL,Mailed check,Low Risk (Loyal)
3620-MWJNE,No,0.23833323928801306,2,54.45,Month-to-month,DSL,Mailed check,Low Risk (Loyal)
0423-UDIJQ,No,0.23833301919452846,9,49.2,Month-to-month,DSL,Mailed check,Low Risk (Loyal)
9039-ZVJDC,No,0.2377788151442431,3,19.1,Month-to-month,No,Mailed check,Low Risk (Loyal)
7526-IVLYU,No,0.2374815295395331,3,19.65,Month-to-month,No,Mailed check,Low Risk (Loyal)
7880-XSOJX,No,0.237265770385319,4,42.4,Month-to-month,DSL,Mailed check,Low Risk (Loyal)
1470-PSXNM,No,0.23698463044860324,49,93.65,One year,Fiber optic,Electronic check,Low Risk (Loyal)
8992-VONJD,No,0.2369257836153023,13,56.0,Month-to-month,DSL,Electronic check,Low Risk (Loyal)
0550-DCXLH,No,0.23660750736672334,13,73.35,Month-to-month,DSL,Mailed check,Low Risk (Loyal)
3179-GBRWV,No,0.2365995733550695,21,64.95,Month-to-month,DSL,Bank transfer (automatic),Low Risk (Loyal)
0369-ZGOVK,No,0.2364543779508713,28,70.4,One year,Fiber optic,Bank transfer (automatic),Low Risk (Loyal)
5802-ADBRC,No,0.23637211336944067,50,104.4,One year,Fiber optic,Mailed check,Low Risk (Loyal)
5136-RGMZO,No,0.2363075627669632,31,71.05,Month-to-month,DSL,Electronic check,Low Risk (Loyal)
4338-EYCER,No,0.23619174487949024,21,54.6,Month-to-month,DSL,Bank transfer (automatic),Low Risk (Loyal)
4685-ERGHK,No,0.23580026721803948,57,86.9,One year,Fiber optic,Electronic check,Low Risk (Loyal)
5701-ZIKJE,No,0.2356404316550189,13,50.55,Month-to-month,DSL,Mailed check,Low Risk (Loyal)
7128-GGCNO,No,0.23543056097696907,46,72.8,Month-to-month,Fiber optic,Bank transfer (automatic),Low Risk (Loyal)
2000-MPKCA,No,0.23524406370153633,58,107.75,One year,Fiber optic,Electronic check,Low Risk (Loyal)
6647-ZEDXT,No,0.23520565418193323,30,110.45,One year,Fiber optic,Credit card (automatic),Low Risk (Loyal)
7636-XUHWW,No,0.23501296004471228,2,19.9,Month-to-month,No,Credit card (automatic),Low Risk (Loyal)
1958-RNRKS,No,0.2349733072250341,30,49.9,Month-to-month,DSL,Electronic check,Low Risk (Loyal)
3584-WKTTW,No,0.23491823792975125,51,111.55,One year,Fiber optic,Electronic check,Low Risk (Loyal)
8930-XOTDP,No,0.2348270394992607,18,55.95,Month-to-month,DSL,Mailed check,Low Risk (Loyal)
0887-WBJVH,No,0.2347640973076797,53,93.45,One year,Fiber optic,Electronic check,Low Risk (Loyal)
9350-VLHMB,No,0.23441111204987475,67,89.55,Month-to-month,Fiber optic,Bank transfer (automatic),Low Risk (Loyal)
2585-KTFRE,No,0.23410788583508982,1,70.45,Month-to-month,DSL,Bank transfer (automatic),Low Risk (Loyal)
7398-LXGYX,No,0.23396393616735178,44,84.8,Month-to-month,Fiber optic,Credit card (automatic),Low Risk (Loyal)
6473-ULUHT,No,0.23362798700599144,16,84.9,Month-to-month,DSL,Electronic check,Low Risk (Loyal)
3144-KMTWZ,No,0.23341090781838986,71,93.25,Month-to-month,Fiber optic,Bank transfer (automatic),Low Risk (Loyal)
1091-SOZGA,No,0.23286578778459505,56,99.8,One year,Fiber optic,Credit card (automatic),Low Risk (Loyal)
0898-XCGTF,No,0.2327918969523286,61,96.5,One year,Fiber optic,Bank transfer (automatic),Low Risk (Loyal)
9833-TGFHX,No,0.23252495455467162,42,97.1,One year,Fiber optic,Electronic check,Low Risk (Loyal)
1453-RZFON,No,0.23233466624097618,1,49.9,Month-to-month,DSL,Mailed check,Low Risk (Loyal)
9154-QDGTH,No,0.23233412091432754,43,104.3,One year,Fiber optic,Credit card (automatic),Low Risk (Loyal)
3920-HIHMQ,No,0.23228045198324082,26,49.5,Month-to-month,DSL,Mailed check,Low Risk (Loyal)
3572-UOLYZ,No,0.2320646762402404,46,84.8,Month-to-month,Fiber optic,Bank transfer (automatic),Low Risk (Loyal)
1061-PNTHC,No,0.23197186175268164,56,109.6,Month-to-month,Fiber optic,Mailed check,Low Risk (Loyal)
8190-ZTQFB,No,0.23192619504932083,41,51.35,One year,DSL,Electronic check,Low Risk (Loyal)
5325-UWTWJ,No,0.23180566850833687,31,90.55,Month-to-month,Fiber optic,Credit card (automatic),Low Risk (Loyal)
6345-HOVES,No,0.23151473799070538,34,25.05,Month-to-month,DSL,Bank transfer (automatic),Low Risk (Loyal)
9391-YZEJW,No,0.23143138804142718,62,94.0,One year,Fiber optic,Bank transfer (automatic),Low Risk (Loyal)
8404-VLQFB,No,0.2314244259987483,15,25.25,Month-to-month,No,Electronic check,Low Risk (Loyal)
8023-QHAIO,No,0.2313395870526603,56,76.85,Month-to-month,Fiber optic,Bank transfer (automatic),Low Risk (Loyal)
5018-HEKFO,No,0.23110002561534213,10,24.5,Month-to-month,No,Mailed check,Low Risk (Loyal)
0853-NWIFK,No,0.2309244940231051,45,100.3,One year,Fiber optic,Electronic check,Low Risk (Loyal)
5243-SAOTC,No,0.2307050367151096,54,79.85,Month-to-month,Fiber optic,Bank transfer (automatic),Low Risk (Loyal)
7246-ZGQDF,No,0.23068655269783106,1,54.5,Month-to-month,DSL,Electronic check,Low Risk (Loyal)
9277-JOOMO,No,0.2306448323025832,3,24.6,Month-to-month,No,Mailed check,Low Risk (Loyal)
1485-YDHMM,No,0.23037125335689346,52,93.25,Month-to-month,Fiber optic,Bank transfer (automatic),Low Risk (Loyal)
5131-PONJI,No,0.23022608145632042,49,90.4,Month-to-month,Fiber optic,Credit card (automatic),Low Risk (Loyal)
9537-VHDTA,No,0.22991673212054642,1,51.2,Month-to-month,DSL,Mailed check,Low Risk (Loyal)
9693-XMUOB,No,0.22987743995365698,59,50.25,Month-to-month,DSL,Electronic check,Low Risk (Loyal)
8713-IGZSO,No,0.2295522397308943,2,24.85,Month-to-month,No,Mailed check,Low Risk (Loyal)
9375-MHRRS,No,0.22943224282412036,6,50.05,Month-to-month,DSL,Mailed check,Low Risk (Loyal)
3090-LETTY,No,0.22938011439029082,2,60.95,Month-to-month,DSL,Bank transfer (automatic),Low Risk (Loyal)
5445-GLVOT,No,0.22934721720632933,22,49.8,Month-to-month,DSL,Electronic check,Low Risk (Loyal)
6483-OATDN,No,0.22933510152449568,8,51.3,Month-to-month,DSL,Credit card (automatic),Low Risk (Loyal)
7722-CVFXN,No,0.22924373292184885,54,105.2,One year,Fiber optic,Electronic check,Low Risk (Loyal)
7089-XXAYG,No,0.2289355515900453,25,38.1,One year,DSL,Credit card (automatic),Low Risk (Loyal)
2346-DJQTB,No,0.22873076640259524,35,24.15,Month-to-month,DSL,Electronic check,Low Risk (Loyal)
7799-DSEWS,No,0.22856842099205116,18,68.35,Month-to-month,DSL,Electronic check,Low Risk (Loyal)
8961-QDZZJ,No,0.2282433212567023,57,95.0,One year,Fiber optic,Electronic check,Low Risk (Loyal)
3640-JQGJG,No,0.22820858703542823,13,44.8,Month-to-month,DSL,Bank transfer (automatic),Low Risk (Loyal)
3858-XHYJO,No,0.22808888276840888,40,105.75,One year,Fiber optic,Bank transfer (automatic),Low Risk (Loyal)
8735-IJJEG,No,0.22783185125938404,14,50.2,Month-to-month,DSL,Credit card (automatic),Low Risk (Loyal)
8070-AAWZP,No,0.227740186921819,24,34.25,Month-to-month,DSL,Mailed check,Low Risk (Loyal)
0690-SRQID,No,0.22767556076050077,4,19.65,Month-to-month,No,Mailed check,Low Risk (Loyal)
4918-FYJNT,No,0.22755269401169026,55,90.45,Month-to-month,Fiber optic,Electronic check,Low Risk (Loyal)
5174-ITUMV,No,0.22735841550784897,67,105.4,One year,Fiber optic,Electronic check,Low Risk (Loyal)
2732-ISEZX,No,0.2272902329403926,5,20.5,Month-to-month,No,Mailed check,Low Risk (Loyal)
4377-VDHYI,No,0.22725267782125516,32,90.8,One year,Fiber optic,Electronic check,Low Risk (Loyal)
5897-ZYEKH,No,0.22722196543588735,67,105.6,One year,Fiber optic,Electronic check,Low Risk (Loyal)
7446-YPODE,No,0.22676354343264668,11,60.25,Month-to-month,DSL,Bank transfer (automatic),Low Risk (Loyal)
5188-HGMLP,No,0.22670315320364118,54,74.0,Month-to-month,Fiber optic,Bank transfer (automatic),Low Risk (Loyal)
5144-PQCDZ,No,0.22670296256967062,4,19.95,Month-to-month,No,Mailed check,Low Risk (Loyal)
9069-LGEUL,No,0.22666280630551314,23,59.95,Month-to-month,DSL,Bank transfer (automatic),Low Risk (Loyal)
3308-MHOOC,No,0.226448598198363,1,19.2,Month-to-month,No,Mailed check,Low Risk (Loyal)
7203-OYKCT,No,0.2263163552802048,72,104.95,One year,Fiber optic,Electronic check,Low Risk (Loyal)
1724-IQWNM,No,0.22626530974559728,1,19.3,Month-to-month,No,Mailed check,Low Risk (Loyal)
5828-DWPIL,No,0.2261611055452025,62,89.1,Month-to-month,Fiber optic,Electronic check,Low Risk (Loyal)
4188-FRABG,No,0.22596842772420175,57,103.05,Month-to-month,Fiber optic,Electronic check,Low Risk (Loyal)
5712-VBOXD,No,0.22596366078937896,4,20.15,Month-to-month,No,Credit card (automatic),Low Risk (Loyal)
6281-FKEWS,No,0.2257398402793273,44,49.05,One year,DSL,Electronic check,Low Risk (Loyal)
3537-HPKQT,No,0.22571906584894424,55,77.75,Month-to-month,Fiber optic,Credit card (automatic),Low Risk (Loyal)
0215-BQKGS,No,0.22549073565687258,30,84.3,Month-to-month,Fiber optic,Credit card (automatic),Low Risk (Loyal)
6050-IJRHS,No,0.22545567494277316,70,106.5,One year,Fiber optic,Electronic check,Low Risk (Loyal)
6728-VOIFY,No,0.2253614238801532,63,96.0,One year,Fiber optic,Electronic check,Low Risk (Loyal)
3466-BYAVD,No,0.22535193600875764,15,69.5,Month-to-month,DSL,Mailed check,Low Risk (Loyal)
0463-WZZKO,No,0.22535017482653888,3,20.75,Month-to-month,No,Credit card (automatic),Low Risk (Loyal)
3472-OAOOR,No,0.2251293356839683,19,34.95,Month-to-month,DSL,Mailed check,Low Risk (Loyal)
5868-YTYKS,No,0.2245293074881149,1,20.25,Month-to-month,No,Mailed check,Low Risk (Loyal)
3709-OIJEA,No,0.22431878939635222,26,85.2,One year,Fiber optic,Electronic check,Low Risk (Loyal)
6778-JFCMK,No,0.22404839464262208,24,50.6,One year,DSL,Mailed check,Low Risk (Loyal)
6421-SZVEM,No,0.22354398651747825,28,82.85,One year,Fiber optic,Bank transfer (automatic),Low Risk (Loyal)
4393-RYCRE,No,0.22335786317675502,44,106.05,One year,Fiber optic,Electronic check,Low Risk (Loyal)
8267-KFGYD,No,0.2230747665053045,1,21.05,Month-to-month,No,Mailed check,Low Risk (Loyal)
7746-AWNQW,No,0.22287961467155165,28,35.75,Month-to-month,DSL,Mailed check,Low Risk (Loyal)
3733-ZEECP,No,0.2222071825862199,22,51.1,Month-to-month,DSL,Electronic check,Low Risk (Loyal)
7776-QGYJC,No,0.22215122501353027,39,81.5,Month-to-month,Fiber optic,Bank transfer (automatic),Low Risk (Loyal)
5593-SUAOO,No,0.22200128935408778,24,83.15,One year,Fiber optic,Bank transfer (automatic),Low Risk (Loyal)
2446-ZKVAF,No,0.22187472827910415,18,56.8,Month-to-month,DSL,Credit card (automatic),Low Risk (Loyal)
4098-NAUKP,No,0.22169399072375087,68,84.65,Month-to-month,Fiber optic,Electronic check,Low Risk (Loyal)
2478-EEWWM,No,0.22167513162362992,59,44.3,Month-to-month,DSL,Electronic check,Low Risk (Loyal)
8985-OOPOS,No,0.22161798377345962,1,74.1,One year,DSL,Credit card (automatic),Low Risk (Loyal)
8627-ZYGSZ,No,0.22151748022629666,47,78.9,One year,Fiber optic,Electronic check,Low Risk (Loyal)
5366-OBVMR,No,0.22121169102829,18,50.3,Month-to-month,DSL,Mailed check,Low Risk (Loyal)
4712-AUQZO,No,0.22110258247590162,18,33.6,Month-to-month,DSL,Mailed check,Low Risk (Loyal)
6549-YMFAW,No,0.22107962760479938,9,21.25,Month-to-month,No,Mailed check,Low Risk (Loyal)
2475-MROZF,No,0.2210726097911885,30,95.0,Month-to-month,Fiber optic,Credit card (automatic),Low Risk (Loyal)
3255-GRXMG,No,0.22091704669024503,18,45.65,Month-to-month,DSL,Credit card (automatic),Low Risk (Loyal)
2065-MMKGR,No,0.22091269006063333,29,71.0,One year,DSL,Credit card (automatic),Low Risk (Loyal)
1986-PHGZF,No,0.22050783455761447,18,58.4,Month-to-month,DSL,Credit card (automatic),Low Risk (Loyal)
2087-QAREY,No,0.2200559605664631,22,54.7,Month-to-month,DSL,Mailed check,Low Risk (Loyal)
6476-YHMGA,No,0.21984516315866504,15,76.5,Month-to-month,DSL,Bank transfer (automatic),Low Risk (Loyal)
0303-WMMRN,No,0.21981479829151981,5,19.25,Month-to-month,No,Mailed check,Low Risk (Loyal)
5701-SVCWR,No,0.21948291483126262,1,24.0,Month-to-month,No,Mailed check,Low Risk (Loyal)
2229-VWQJH,No,0.2191750644074147,24,49.3,Month-to-month,DSL,Credit card (automatic),Low Risk (Loyal)
3154-CFSZG,No,0.2191363287858793,47,90.05,Month-to-month,Fiber optic,Electronic check,Low Risk (Loyal)
8082-GHXOP,No,0.2191352139878782,13,44.0,Month-to-month,DSL,Mailed check,Low Risk (Loyal)
1352-VHKAJ,No,0.2187870155708247,27,71.6,Month-to-month,DSL,Bank transfer (automatic),Low Risk (Loyal)
9323-HGFWY,No,0.21877281809109828,27,101.9,One year,Fiber optic,Credit card (automatic),Low Risk (Loyal)
5186-EJEGL,No,0.21867720326461904,9,69.5,Month-to-month,DSL,Mailed check,Low Risk (Loyal)
3807-BPOMJ,No,0.2186457939178519,55,94.75,One year,Fiber optic,Electronic check,Low Risk (Loyal)
7426-WEIJX,No,0.21862411435787935,60,80.95,Month-to-month,Fiber optic,Electronic check,Low Risk (Loyal)
3694-GLTJM,No,0.21857158793379936,5,19.65,Month-to-month,No,Credit card (automatic),Low Risk (Loyal)
1356-MKYSK,No,0.21823203218921536,6,78.65,Month-to-month,DSL,Credit card (automatic),Low Risk (Loyal)
4350-ZTLPI,No,0.21817055951403388,53,108.95,One year,Fiber optic,Bank transfer (automatic),Low Risk (Loyal)
3890-RTCMS,No,0.21813732580050826,16,49.45,Month-to-month,DSL,Mailed check,Low Risk (Loyal)
4003-FUSHP,No,0.21801607555260102,19,61.55,Month-to-month,DSL,Credit card (automatic),Low Risk (Loyal)
0895-LMRSF,No,0.2178012384126987,23,64.9,One year,DSL,Bank transfer (automatic),Low Risk (Loyal)
7409-JURKQ,No,0.21730525349642887,53,111.8,One year,Fiber optic,Bank transfer (automatic),Low Risk (Loyal)
4827-USJHP,No,0.21725744449001236,20,51.8,Month-to-month,DSL,Mailed check,Low Risk (Loyal)
5955-EPOAZ,No,0.21724681904690654,6,20.95,Month-to-month,No,Mailed check,Low Risk (Loyal)
3162-ZJZFU,No,0.2171235810659874,53,92.55,Month-to-month,Fiber optic,Electronic check,Low Risk (Loyal)
2080-SRCDE,No,0.2169830150106019,1,25.4,Month-to-month,No,Mailed check,Low Risk (Loyal)
5542-DHSXL,No,0.21689044378321218,4,54.7,Month-to-month,DSL,Mailed check,Low Risk (Loyal)
7976-CICYS,No,0.21681991139788365,4,20.7,Month-to-month,No,Credit card (automatic),Low Risk (Loyal)
1410-RSCMR,No,0.21662856801511335,7,71.35,Month-to-month,DSL,Credit card (automatic),Low Risk (Loyal)
6898-MDLZW,No,0.2162890187270614,12,53.75,Month-to-month,DSL,Mailed check,Low Risk (Loyal)
3521-MNKLV,No,0.21612367564156917,24,49.7,Month-to-month,DSL,Mailed check,Low Risk (Loyal)
8715-KKTFG,No,0.2160955964408827,61,103.3,One year,Fiber optic,Bank transfer (automatic),Low Risk (Loyal)
0880-FVFWF,No,0.2159389184018198,56,86.4,Month-to-month,Fiber optic,Electronic check,Low Risk (Loyal)
4673-KKSLS,No,0.2158953111812013,31,87.6,Month-to-month,Fiber optic,Electronic check,Low Risk (Loyal)
8217-QYOHV,No,0.21587801152009378,5,55.75,Month-to-month,DSL,Mailed check,Low Risk (Loyal)
7883-ROJOC,No,0.21584987998900554,19,44.9,Month-to-month,DSL,Mailed check,Low Risk (Loyal)
5811-IWXYM,No,0.2155828595342604,52,101.25,One year,Fiber optic,Bank transfer (automatic),Low Risk (Loyal)
9705-IOVQQ,No,0.21555384005436048,61,99.0,One year,Fiber optic,Electronic check,Low Risk (Loyal)
5298-GSTLM,No,0.21548098907213836,60,101.4,One year,Fiber optic,Bank transfer (automatic),Low Risk (Loyal)
6627-CFOSN,No,0.2153360786686735,59,99.45,Month-to-month,Fiber optic,Bank transfer (automatic),Low Risk (Loyal)
8329-GWVPJ,No,0.21530723510675168,50,69.75,Month-to-month,Fiber optic,Bank transfer (automatic),Low Risk (Loyal)
4324-AHJKS,No,0.21530495772955704,5,55.8,Month-to-month,DSL,Credit card (automatic),Low Risk (Loyal)
0187-WZNAB,No,0.21524521310098624,27,74.4,Month-to-month,Fiber optic,Mailed check,Low Risk (Loyal)
8166-ORCHU,No,0.2150962859945897,33,93.55,One year,Fiber optic,Electronic check,Low Risk (Loyal)
7874-ECPQJ,No,0.21457751846785028,4,20.05,Month-to-month,No,Bank transfer (automatic),Low Risk (Loyal)
7130-CTCUS,No,0.21451223810403083,16,54.55,Month-to-month,DSL,Bank transfer (automatic),Low Risk (Loyal)
4869-EPIUS,No,0.21421062982232741,56,80.9,One year,Fiber optic,Electronic check,Low Risk (Loyal)
1169-SAOCL,No,0.21416320918516982,49,106.65,One year,Fiber optic,Bank transfer (automatic),Low Risk (Loyal)
3638-DIMPH,No,0.21397082392044894,13,43.8,One year,DSL,Electronic check,Low Risk (Loyal)
9099-FTUHS,No,0.21388377382943702,23,54.4,Month-to-month,DSL,Electronic check,Low Risk (Loyal)
1448-CYWKC,No,0.21362940155065893,58,105.2,One year,Fiber optic,Credit card (automatic),Low Risk (Loyal)
3097-IDVPU,No,0.2134561417649552,19,50.1,Month-to-month,DSL,Credit card (automatic),Low Risk (Loyal)
7919-ZODZZ,No,0.21297736223486502,10,65.9,One year,DSL,Mailed check,Low Risk (Loyal)
3347-YJZZE,No,0.21270166437290886,29,80.1,Month-to-month,DSL,Credit card (automatic),Low Risk (Loyal)
4194-WHFCB,No,0.2125567699952884,59,96.65,Month-to-month,Fiber optic,Bank transfer (automatic),Low Risk (Loyal)
1814-DKOLC,No,0.21252889788136364,5,25.45,Month-to-month,No,Mailed check,Low Risk (Loyal)
2303-PJYHN,No,0.21222233466042154,2,19.85,Month-to-month,No,Bank transfer (automatic),Low Risk (Loyal)
1394-SUIUH,No,0.21209655855974152,44,85.15,Month-to-month,Fiber optic,Electronic check,Low Risk (Loyal)
1135-HIORI,No,0.2119626313765068,64,111.45,One year,Fiber optic,Electronic check,Low Risk (Loyal)
7266-GSSJX,No,0.2119343449968935,11,20.45,Month-to-month,No,Electronic check,Low Risk (Loyal)
8746-OQQRW,No,0.21190970197298445,4,25.25,Month-to-month,No,Mailed check,Low Risk (Loyal)
8970-ANWXO,No,0.21188061914039188,23,73.75,One year,DSL,Mailed check,Low Risk (Loyal)
4486-EFAEB,No,0.21182597327490618,13,20.4,Month-to-month,No,Electronic check,Low Risk (Loyal)
2272-JKMSI,No,0.21155656486500427,62,110.8,One year,Fiber optic,Electronic check,Low Risk (Loyal)
7017-VFULY,No,0.2113616598521371,2,20.1,Month-to-month,No,Bank transfer (automatic),Low Risk (Loyal)
7109-MFBYV,No,0.21109160342527858,26,45.45,Month-to-month,DSL,Electronic check,Low Risk (Loyal)
7607-QKKTJ,No,0.2109763138357675,45,95.0,One year,Fiber optic,Credit card (automatic),Low Risk (Loyal)
7856-GANIL,No,0.21071296724616714,45,98.7,One year,Fiber optic,Bank transfer (automatic),Low Risk (Loyal)
2654-VBVPB,No,0.21067947830108025,1,19.9,Month-to-month,No,Bank transfer (automatic),Low Risk (Loyal)
9578-FOMUK,No,0.21064048206873565,15,24.8,Month-to-month,No,Electronic check,Low Risk (Loyal)
0096-FCPUF,No,0.21056832248188603,30,64.5,Month-to-month,DSL,Mailed check,Low Risk (Loyal)
9828-QHFBK,No,0.21013317092776698,24,51.15,Month-to-month,DSL,Electronic check,Low Risk (Loyal)
4365-MSDYN,No,0.21008970162305404,8,19.55,Month-to-month,No,Bank transfer (automatic),Low Risk (Loyal)
2673-CXQEU,No,0.2098172701479052,56,110.5,One year,Fiber optic,Electronic check,Low Risk (Loyal)
0365-TRTPY,No,0.20958235820889745,37,91.2,Month-to-month,Fiber optic,Bank transfer (automatic),Low Risk (Loyal)
4544-RXFMG,No,0.20914033247284247,8,43.45,One year,DSL,Mailed check,Low Risk (Loyal)
3407-QGWLG,No,0.20893469074347215,3,20.05,Month-to-month,No,Mailed check,Low Risk (Loyal)
1684-FLBGS,No,0.20883360789695124,23,69.5,Month-to-month,DSL,Credit card (automatic),Low Risk (Loyal)
9817-APLHW,No,0.2088240664895659,12,25.0,Month-to-month,No,Electronic check,Low Risk (Loyal)
0956-ACVZC,No,0.20879608154872642,54,94.1,One year,Fiber optic,Credit card (automatic),Low Risk (Loyal)
5067-XJQFU,No,0.2083764319177507,66,108.45,One year,Fiber optic,Electronic check,Low Risk (Loyal)
5846-QFDFI,No,0.20825523527353512,33,88.6,Month-to-month,Fiber optic,Credit card (automatic),Low Risk (Loyal)
6231-WFGFH,No,0.20819580380464794,4,20.5,Month-to-month,No,Mailed check,Low Risk (Loyal)
6890-PFRQX,No,0.20799648750506375,18,69.5,Month-to-month,DSL,Mailed check,Low Risk (Loyal)
8663-UPDGF,No,0.20788473864990864,26,69.5,Month-to-month,DSL,Bank transfer (automatic),Low Risk (Loyal)
7016-NVRIC,No,0.2078170078844134,29,90.1,One year,Fiber optic,Bank transfer (automatic),Low Risk (Loyal)
3055-OYMSE,No,0.20748008294814402,53,73.8,Month-to-month,Fiber optic,Credit card (automatic),Low Risk (Loyal)
1855-CFULU,No,0.2073831957601737,4,20.05,Month-to-month,No,Mailed check,Low Risk (Loyal)
1698-XFZCI,No,0.20722486342904314,61,107.75,One year,Fiber optic,Electronic check,Low Risk (Loyal)
7395-XWZOY,No,0.20721533520437524,20,55.0,Month-to-month,DSL,Credit card (automatic),Low Risk (Loyal)
8547-NSBBO,No,0.2071722645728098,35,96.75,Month-to-month,Fiber optic,Mailed check,Low Risk (Loyal)
3059-NGMXB,No,0.2070706797812666,14,69.2,Month-to-month,DSL,Mailed check,Low Risk (Loyal)
4360-QRAVE,No,0.2068544393498979,37,36.65,Month-to-month,DSL,Electronic check,Low Risk (Loyal)
6952-OMNWB,No,0.20675551760443528,68,80.35,Month-to-month,Fiber optic,Credit card (automatic),Low Risk (Loyal)
6994-ORCWG,No,0.20661467749218582,14,54.25,One year,DSL,Mailed check,Low Risk (Loyal)
7622-NXQZR,No,0.20659167764420502,28,30.1,Month-to-month,DSL,Credit card (automatic),Low Risk (Loyal)
1591-MQJTP,No,0.20651143872071112,51,93.65,One year,Fiber optic,Bank transfer (automatic),Low Risk (Loyal)
6569-KTMDU,No,0.2063975695958127,1,19.1,Month-to-month,No,Mailed check,Low Risk (Loyal)
7302-ZHMHP,No,0.20631186354275818,1,19.15,Month-to-month,No,Mailed check,Low Risk (Loyal)
6575-SUVOI,No,0.2061724995210364,25,69.5,Month-to-month,DSL,Credit card (automatic),Low Risk (Loyal)
8979-CAMGB,No,0.20602943421000167,64,102.1,One year,Fiber optic,Electronic check,Low Risk (Loyal)
8734-FNWVH,No,0.20585666582486725,31,59.7,Month-to-month,DSL,Bank transfer (automatic),Low Risk (Loyal)
2379-GYFLQ,No,0.20580149614591117,46,94.9,One year,Fiber optic,Credit card (automatic),Low Risk (Loyal)
0103-CSITQ,No,0.2057151451512933,57,109.4,One year,Fiber optic,Bank transfer (automatic),Low Risk (Loyal)
1905-OEILC,No,0.2057126586948998,1,19.5,Month-to-month,No,Mailed check,Low Risk (Loyal)
8605-ITULD,No,0.205627163357627,1,19.55,Month-to-month,No,Mailed check,Low Risk (Loyal)
2866-IKBTM,No,0.205627163357627,1,19.55,Month-to-month,No,Mailed check,Low Risk (Loyal)
8317-BVKSO,No,0.20560556208051062,14,20.05,Month-to-month,No,Electronic check,Low Risk (Loyal)
7721-DVEKZ,No,0.2054562516949952,1,19.65,Month-to-month,No,Mailed check,Low Risk (Loyal)
0970-QXPXW,No,0.2054562516949952,1,19.65,Month-to-month,No,Mailed check,Low Risk (Loyal)
6124-ACRHJ,No,0.20528544537841326,1,19.75,Month-to-month,No,Mailed check,Low Risk (Loyal)
9426-SXNHE,No,0.2052297916907787,2,18.75,Month-to-month,No,Bank transfer (automatic),Low Risk (Loyal)
8739-QOTTN,No,0.20520035274118928,2,20.35,Month-to-month,No,Mailed check,Low Risk (Loyal)
5198-EFNBM,No,0.2051555001949487,57,90.65,One year,Fiber optic,Electronic check,Low Risk (Loyal)
1135-LMECX,No,0.2051147444039822,1,19.85,Month-to-month,No,Mailed check,Low Risk (Loyal)
8295-FHIVV,No,0.20509382074961943,7,19.4,Month-to-month,No,Mailed check,Low Risk (Loyal)
6654-QGBZZ,No,0.2050294334188245,1,19.9,Month-to-month,No,Mailed check,Low Risk (Loyal)
7878-RTCZG,No,0.2050294334188245,1,19.9,Month-to-month,No,Mailed check,Low Risk (Loyal)
0308-IVGOK,No,0.20493423352195422,11,40.4,One year,DSL,Credit card (automatic),Low Risk (Loyal)
5198-HQAEN,No,0.20484672310467097,35,89.7,One year,Fiber optic,Electronic check,Low Risk (Loyal)
8974-OVACP,No,0.20460327349294616,1,20.15,Month-to-month,No,Mailed check,Low Risk (Loyal)
9837-FWLCH,No,0.20458370115946428,12,19.2,Month-to-month,No,Electronic check,Low Risk (Loyal)
7797-EJMDP,No,0.20454210147608987,8,66.05,Month-to-month,DSL,Bank transfer (automatic),Low Risk (Loyal)
1153-GNOLC,No,0.2043100855614089,33,39.1,One year,DSL,Electronic check,Low Risk (Loyal)
2592-YKDIF,No,0.20426281951989322,1,20.35,Month-to-month,No,Mailed check,Low Risk (Loyal)
8044-BGWPI,No,0.20421856473266117,12,21.15,Month-to-month,No,Electronic check,Low Risk (Loyal)
3727-JEZTU,No,0.20417777185083466,1,20.4,Month-to-month,No,Mailed check,Low Risk (Loyal)
1386-ZIKUV,No,0.2041506330230103,7,18.95,Month-to-month,No,Mailed check,Low Risk (Loyal)
8999-XXGNS,No,0.20413572019941645,72,105.75,One year,Fiber optic,Credit card (automatic),Low Risk (Loyal)
8920-NAVAY,No,0.2040180945126825,62,110.75,One year,Fiber optic,Bank transfer (automatic),Low Risk (Loyal)
9753-OYLBX,No,0.204007755497725,1,20.5,Month-to-month,No,Mailed check,Low Risk (Loyal)
7989-VCQOH,No,0.2038091511268203,18,83.25,Month-to-month,DSL,Electronic check,Low Risk (Loyal)
3682-YEUWS,No,0.20342850103938764,10,24.4,Month-to-month,No,Mailed check,Low Risk (Loyal)
7243-LCGGZ,No,0.2033287431303499,1,20.9,Month-to-month,No,Mailed check,Low Risk (Loyal)
9763-GRSKD,No,0.20325682723809047,13,49.95,Month-to-month,DSL,Mailed check,Low Risk (Loyal)
9788-YTFGE,No,0.20317492068597204,7,19.95,Month-to-month,No,Mailed check,Low Risk (Loyal)
3541-ZNUHK,No,0.20308824427021774,55,85.1,Month-to-month,Fiber optic,Electronic check,Low Risk (Loyal)
1194-SPVSP,No,0.20267997525869094,1,19.65,Month-to-month,No,Bank transfer (automatic),Low Risk (Loyal)
3717-OFRTN,No,0.2025108887315208,1,19.75,Month-to-month,No,Bank transfer (automatic),Low Risk (Loyal)
1710-RCXUS,No,0.20193613379654746,51,90.35,One year,Fiber optic,Credit card (automatic),Low Risk (Loyal)
5334-JLAXU,No,0.20176652814007484,60,94.1,Month-to-month,Fiber optic,Credit card (automatic),Low Risk (Loyal)
7310-EGVHZ,No,0.20175130190348647,1,20.2,Month-to-month,No,Bank transfer (automatic),Low Risk (Loyal)
2758-RNWXS,No,0.20171352679071822,35,89.2,One year,Fiber optic,Electronic check,Low Risk (Loyal)
1697-NVVGY,No,0.20146388590085743,19,66.4,Month-to-month,DSL,Bank transfer (automatic),Low Risk (Loyal)
0048-LUMLS,No,0.20144571856047586,37,91.2,One year,Fiber optic,Credit card (automatic),Low Risk (Loyal)
3981-QSVQI,No,0.20127952127385856,8,19.7,Month-to-month,No,Bank transfer (automatic),Low Risk (Loyal)
8952-WCVCD,No,0.2012227447063864,41,104.45,One year,Fiber optic,Bank transfer (automatic),Low Risk (Loyal)
6439-LAJXL,No,0.20116083123821552,9,68.95,Month-to-month,DSL,Mailed check,Low Risk (Loyal)
2923-ARZLG,No,0.2011412564136629,0,19.7,One year,No,Mailed check,Low Risk (Loyal)
0114-RSRRW,No,0.20112191972434884,10,19.95,Month-to-month,No,Bank transfer (automatic),Low Risk (Loyal)
1614-JBEBI,No,0.20089621771695407,8,20.7,Month-to-month,No,Mailed check,Low Risk (Loyal)
8963-JLGJT,No,0.2005931249760049,3,55.9,Month-to-month,DSL,Mailed check,Low Risk (Loyal)
2108-GLPQB,No,0.2005815742603871,25,55.55,Month-to-month,DSL,Credit card (automatic),Low Risk (Loyal)
4753-PADAS,No,0.2005054830489894,67,105.7,One year,Fiber optic,Bank transfer (automatic),Low Risk (Loyal)
6728-WYQBC,No,0.20049005918048138,1,20.95,Month-to-month,No,Bank transfer (automatic),Low Risk (Loyal)
4472-LVYGI,No,0.2004553798452638,0,52.55,Two year,DSL,Bank transfer (automatic),Low Risk (Loyal)
4016-BJKTZ,No,0.20036022951669594,25,108.9,Two year,Fiber optic,Electronic check,Low Risk (Loyal)
1707-HABPF,No,0.2003018957523735,46,91.3,One year,Fiber optic,Bank transfer (automatic),Low Risk (Loyal)
9844-FELAJ,No,0.200232392636208,70,107.9,One year,Fiber optic,Electronic check,Low Risk (Loyal)
4923-ADWXJ,No,0.19994657778464717,25,65.8,Month-to-month,DSL,Bank transfer (automatic),Low Risk (Loyal)
4908-XAXAY,No,0.1998430094059822,49,89.85,One year,Fiber optic,Bank transfer (automatic),Low Risk (Loyal)
0820-FNRNX,No,0.19958005826302253,17,66.7,Month-to-month,DSL,Mailed check,Low Risk (Loyal)
5447-WZAFP,No,0.19930918714558468,53,100.3,One year,Fiber optic,Mailed check,Low Risk (Loyal)
3639-XJHKQ,No,0.19929420986707314,19,60.6,Month-to-month,DSL,Electronic check,Low Risk (Loyal)
2308-STERM,No,0.1989260637750969,2,19.4,Month-to-month,No,Mailed check,Low Risk (Loyal)
9943-VSZUV,No,0.1988237612913516,67,75.7,Month-to-month,Fiber optic,Mailed check,Low Risk (Loyal)
6497-TILVL,No,0.19880260034705233,7,50.7,Month-to-month,DSL,Mailed check,Low Risk (Loyal)
1397-XKKWR,No,0.19871491470112984,7,35.3,One year,DSL,Mailed check,Low Risk (Loyal)
3736-BLEPA,No,0.19868488205225587,28,91.25,One year,Fiber optic,Bank transfer (automatic),Low Risk (Loyal)
1840-BIUOG,No,0.1986520517577818,20,68.7,One year,DSL,Electronic check,Low Risk (Loyal)
3723-BFBGR,No,0.1985380123241278,24,54.8,Month-to-month,DSL,Credit card (automatic),Low Risk (Loyal)
9975-SKRNR,No,0.19843650684748973,1,18.9,Month-to-month,No,Mailed check,Low Risk (Loyal)
0396-HUJBP,No,0.19835759480339266,2,19.3,Month-to-month,No,Mailed check,Low Risk (Loyal)
1015-OWJKI,No,0.19818690616833642,1,19.05,Month-to-month,No,Mailed check,Low Risk (Loyal)
6402-SSEJG,No,0.19814322817945967,25,61.05,One year,DSL,Electronic check,Low Risk (Loyal)
9441-QHEVC,No,0.19810375848304626,1,19.1,Month-to-month,No,Mailed check,Low Risk (Loyal)
1663-MHLHE,No,0.19793754191773694,1,19.2,Month-to-month,No,Mailed check,Low Risk (Loyal)
8393-JMVMB,No,0.19752246015149347,1,19.45,Month-to-month,No,Mailed check,Low Risk (Loyal)
9512-PHSMG,No,0.19751083260766344,10,20.55,Month-to-month,No,Mailed check,Low Risk (Loyal)
2599-CZABP,No,0.19744772809076844,14,44.6,One year,DSL,Electronic check,Low Risk (Loyal)
4237-CLSMM,No,0.19736797461159009,2,20.0,Month-to-month,No,Mailed check,Low Risk (Loyal)
7601-WFVZV,No,0.19735661128079368,1,19.55,Month-to-month,No,Mailed check,Low Risk (Loyal)
1051-GEJLJ,No,0.1972705159905309,2,19.5,Month-to-month,No,Mailed check,Low Risk (Loyal)
3785-NRHYR,No,0.19719086744575592,1,19.65,Month-to-month,No,Mailed check,Low Risk (Loyal)
3930-ZGWVE,No,0.1970252286373272,1,19.75,Month-to-month,No,Mailed check,Low Risk (Loyal)
1796-JANOW,No,0.1969733191630154,2,19.95,Month-to-month,No,Mailed check,Low Risk (Loyal)
6806-YDEUL,No,0.19691196587801593,6,19.5,Month-to-month,No,Bank transfer (automatic),Low Risk (Loyal)
2621-UDNLU,No,0.1968994925191623,3,20.85,Month-to-month,No,Mailed check,Low Risk (Loyal)
2220-IAHLS,No,0.19687076279420773,1,19.4,Month-to-month,No,Credit card (automatic),Low Risk (Loyal)
8006-PYCSW,No,0.1967912539856893,2,20.1,Month-to-month,No,Mailed check,Low Risk (Loyal)
6286-SUUWT,No,0.1966942660635686,1,19.95,Month-to-month,No,Mailed check,Low Risk (Loyal)
2576-HXMPA,No,0.19662264846112534,1,19.55,Month-to-month,No,Credit card (automatic),Low Risk (Loyal)
7698-YFGEZ,No,0.19661159104732773,1,20.0,Month-to-month,No,Mailed check,Low Risk (Loyal)
9818-XQCUV,No,0.19660926593095113,2,20.35,Month-to-month,No,Mailed check,Low Risk (Loyal)
5315-CKEQK,No,0.19659039171226433,28,51.0,One year,DSL,Electronic check,Low Risk (Loyal)
0621-HJWXJ,No,0.19653428980593596,63,81.55,Month-to-month,Fiber optic,Bank transfer (automatic),Low Risk (Loyal)
7096-UCLNH,No,0.19652894227961606,1,20.05,Month-to-month,No,Mailed check,Low Risk (Loyal)
8749-CLJXC,No,0.19652894227961606,1,20.05,Month-to-month,No,Mailed check,Low Risk (Loyal)
3030-ZKIWL,No,0.19652894227961606,1,20.05,Month-to-month,No,Mailed check,Low Risk (Loyal)
2342-CKIAO,No,0.1965134505901719,2,20.3,Month-to-month,No,Mailed check,Low Risk (Loyal)
6380-ARCEH,No,0.19628115345575914,1,20.2,Month-to-month,No,Mailed check,Low Risk (Loyal)
3247-MHJKM,No,0.19628115345575914,1,20.2,Month-to-month,No,Mailed check,Low Risk (Loyal)
8048-DSDFQ,No,0.19628115345575914,1,20.2,Month-to-month,No,Mailed check,Low Risk (Loyal)
9821-BESNZ,No,0.19625652226003587,66,104.25,One year,Fiber optic,Electronic check,Low Risk (Loyal)
8562-GHPPI,No,0.19620964953044379,1,19.8,Month-to-month,No,Credit card (automatic),Low Risk (Loyal)
8203-XJZRC,No,0.19619860967023509,1,20.25,Month-to-month,No,Mailed check,Low Risk (Loyal)
0440-MOGPM,No,0.19618709778505353,41,80.55,One year,DSL,Electronic check,Low Risk (Loyal)
2676-ISHSF,No,0.19611609212724354,1,20.3,Month-to-month,No,Mailed check,Low Risk (Loyal)
9122-UMROB,No,0.19611609212724354,1,20.3,Month-to-month,No,Mailed check,Low Risk (Loyal)
3590-TCXTB,No,0.19603360082556592,1,20.35,Month-to-month,No,Mailed check,Low Risk (Loyal)
2542-HYGIQ,No,0.19596216509397613,1,19.95,Month-to-month,No,Credit card (automatic),Low Risk (Loyal)
6579-JPICP,No,0.19595113576397738,1,20.4,Month-to-month,No,Mailed check,Low Risk (Loyal)
4785-NKHCX,No,0.195944917582422,5,20.05,Month-to-month,No,Bank transfer (automatic),Low Risk (Loyal)
0673-IGUQO,No,0.19586869694124634,1,20.45,Month-to-month,No,Mailed check,Low Risk (Loyal)
2668-TZSPS,No,0.19586869694124634,1,20.45,Month-to-month,No,Mailed check,Low Risk (Loyal)
3976-NLDEZ,No,0.1956215378937888,1,20.6,Month-to-month,No,Mailed check,Low Risk (Loyal)
7134-MJPDY,No,0.19558906056524086,66,102.85,One year,Fiber optic,Credit card (automatic),Low Risk (Loyal)
3090-QFUVD,No,0.1953856197164319,1,20.3,Month-to-month,No,Credit card (automatic),Low Risk (Loyal)
4013-GUXND,No,0.19529235976536105,1,20.8,Month-to-month,No,Mailed check,Low Risk (Loyal)
7025-IWFHT,No,0.19504339699193565,41,89.55,One year,Fiber optic,Electronic check,Low Risk (Loyal)
1020-JPQOW,No,0.19495295702069623,56,90.55,Month-to-month,Fiber optic,Electronic check,Low Risk (Loyal)
7078-NVFAM,No,0.19490861781998794,32,35.15,Month-to-month,DSL,Electronic check,Low Risk (Loyal)
2111-DWYHN,No,0.19479937940986886,1,21.1,Month-to-month,No,Mailed check,Low Risk (Loyal)
7808-DVWEP,No,0.1946644249948723,3,20.0,Month-to-month,No,Bank transfer (automatic),Low Risk (Loyal)
4826-TZEVA,No,0.19450742829967207,40,74.8,Month-to-month,Fiber optic,Credit card (automatic),Low Risk (Loyal)
5312-IRCFR,No,0.19438863474724596,64,92.85,One year,Fiber optic,Electronic check,Low Risk (Loyal)
7108-DGVUU,No,0.19432207702528645,21,71.7,One year,DSL,Bank transfer (automatic),Low Risk (Loyal)
7241-AJHFS,No,0.19418266400257966,32,87.65,Month-to-month,Fiber optic,Bank transfer (automatic),Low Risk (Loyal)
2843-CQMEG,No,0.19406571541362436,24,49.7,Month-to-month,DSL,Mailed check,Low Risk (Loyal)
5760-WRAHC,No,0.1937069403427396,22,69.75,Month-to-month,DSL,Mailed check,Low Risk (Loyal)
0314-TKOSI,No,0.19338992778399824,6,55.15,Month-to-month,DSL,Mailed check,Low Risk (Loyal)
5827-MWCZK,No,0.19267579898151063,56,96.95,Month-to-month,Fiber optic,Credit card (automatic),Low Risk (Loyal)
9909-DFRJA,No,0.19244491898061428,26,95.85,One year,Fiber optic,Bank transfer (automatic),Low Risk (Loyal)
4797-MIWUM,No,0.19217986350627714,7,20.25,Month-to-month,No,Bank transfer (automatic),Low Risk (Loyal)
4939-KYYPY,No,0.19216694279377966,27,59.45,Month-to-month,DSL,Electronic check,Low Risk (Loyal)
3170-GWYKC,No,0.1920863237584054,60,104.95,Month-to-month,Fiber optic,Bank transfer (automatic),Low Risk (Loyal)
6258-NGCNG,No,0.19170361455692453,7,23.5,Month-to-month,No,Mailed check,Low Risk (Loyal)
1110-KYLGQ,No,0.1915392451844823,63,108.25,Month-to-month,Fiber optic,Credit card (automatic),Low Risk (Loyal)
5702-SKUOB,No,0.19137621761763918,4,19.6,Month-to-month,No,Mailed check,Low Risk (Loyal)
9097-ZUBYC,No,0.1912131760388955,14,48.8,Month-to-month,DSL,Bank transfer (automatic),Low Risk (Loyal)
0442-ZXKVS,No,0.1911520017483287,54,115.6,One year,Fiber optic,Bank transfer (automatic),Low Risk (Loyal)
3806-YAZOV,No,0.19112684822600978,3,18.8,Month-to-month,No,Mailed check,Low Risk (Loyal)
6574-MCOEH,No,0.1906001155905789,33,79.15,One year,DSL,Electronic check,Low Risk (Loyal)
9481-IEBZY,No,0.1905739925053934,72,112.9,Month-to-month,Fiber optic,Credit card (automatic),Low Risk (Loyal)
8433-WPJTV,No,0.19049348246802122,65,103.9,One year,Fiber optic,Bank transfer (automatic),Low Risk (Loyal)
8189-HBVRW,No,0.19047645275851882,53,90.8,Month-to-month,Fiber optic,Electronic check,Low Risk (Loyal)
9101-NTIXF,No,0.19041039426688486,2,19.4,Month-to-month,No,Mailed check,Low Risk (Loyal)
4138-NAXED,No,0.19032947169903,51,81.0,Month-to-month,Fiber optic,Bank transfer (automatic),Low Risk (Loyal)
0366-NQSHS,No,0.19031043488484276,2,19.35,Month-to-month,No,Mailed check,Low Risk (Loyal)
2750-BJLSB,No,0.1902137581997038,47,103.7,One year,Fiber optic,Electronic check,Low Risk (Loyal)
7188-CBBBA,No,0.19008477414777206,65,95.5,One year,Fiber optic,Electronic check,Low Risk (Loyal)
1732-FEKLD,No,0.19002677870127818,54,94.75,One year,Fiber optic,Bank transfer (automatic),Low Risk (Loyal)
8150-QUDFX,No,0.1897089880213097,2,19.85,Month-to-month,No,Mailed check,Low Risk (Loyal)
6907-CQGPN,No,0.18947275679211525,29,34.3,Month-to-month,DSL,Electronic check,Low Risk (Loyal)
6734-CKRSM,No,0.18946675095792256,3,20.0,Month-to-month,No,Mailed check,Low Risk (Loyal)
0030-FNXPP,No,0.18944004455701272,3,19.85,Month-to-month,No,Mailed check,Low Risk (Loyal)
3936-QQFLL,No,0.18934687200688313,2,19.75,Month-to-month,No,Mailed check,Low Risk (Loyal)
0178-CIIKR,No,0.18930935483139447,3,19.95,Month-to-month,No,Mailed check,Low Risk (Loyal)
6475-VHUIZ,No,0.18907017636231427,23,54.25,Month-to-month,DSL,Electronic check,Low Risk (Loyal)
7926-IJOOU,No,0.18902906213042042,1,19.3,Month-to-month,No,Credit card (automatic),Low Risk (Loyal)
5919-VCZYM,No,0.18899792208403005,2,20.05,Month-to-month,No,Mailed check,Low Risk (Loyal)
9770-LXDBK,No,0.1887883310857831,3,20.4,Month-to-month,No,Mailed check,Low Risk (Loyal)
9700-ZCLOT,No,0.18865283810812616,2,20.0,Month-to-month,No,Mailed check,Low Risk (Loyal)
0188-GWFLE,No,0.18861331227474912,2,20.05,Month-to-month,No,Mailed check,Low Risk (Loyal)
1666-JZPZT,No,0.18849346149706334,27,49.0,Month-to-month,DSL,Mailed check,Low Risk (Loyal)
5067-DGXLL,No,0.18841686930509113,2,20.25,Month-to-month,No,Mailed check,Low Risk (Loyal)
8495-PRWFH,No,0.1883884923511689,42,55.65,Month-to-month,DSL,Electronic check,Low Risk (Loyal)
7088-FBAWU,No,0.18820574850285254,17,74.55,Month-to-month,DSL,Mailed check,Low Risk (Loyal)
3847-BAERP,No,0.18819638061774738,10,20.9,Month-to-month,No,Mailed check,Low Risk (Loyal)
5989-OMNJE,No,0.18811812841432313,24,57.6,One year,DSL,Electronic check,Low Risk (Loyal)
0816-TSPHQ,No,0.18791154620763295,2,20.75,Month-to-month,No,Mailed check,Low Risk (Loyal)
0786-IVLAW,No,0.18784014285753373,66,108.1,One year,Fiber optic,Bank transfer (automatic),Low Risk (Loyal)
4936-YPJNK,No,0.18781137859632105,10,19.9,Month-to-month,No,Mailed check,Low Risk (Loyal)
9962-BFPDU,No,0.18774280603536925,1,20.05,Month-to-month,No,Mailed check,Low Risk (Loyal)
5562-YJQGT,No,0.18747232723238488,2,20.35,Month-to-month,No,Credit card (automatic),Low Risk (Loyal)
6469-MRVET,No,0.18742417300906675,1,20.2,One year,No,Electronic check,Low Risk (Loyal)
3339-EAQNV,No,0.18736908443676442,72,97.25,One year,Fiber optic,Credit card (automatic),Low Risk (Loyal)
2284-VFLKH,No,0.18727939471312213,49,99.25,One year,Fiber optic,Credit card (automatic),Low Risk (Loyal)
9708-KFDBY,No,0.18703161614607283,1,20.55,Month-to-month,No,Credit card (automatic),Low Risk (Loyal)
4184-VODJZ,No,0.1868713119146647,63,91.35,One year,Fiber optic,Electronic check,Low Risk (Loyal)
5569-IDSEY,No,0.18684765417450455,71,105.7,One year,Fiber optic,Bank transfer (automatic),Low Risk (Loyal)
8148-BPLZQ,No,0.18672670030294297,34,49.8,Month-to-month,DSL,Electronic check,Low Risk (Loyal)
2700-LUEVA,No,0.18671353732855164,1,20.75,Month-to-month,No,Credit card (automatic),Low Risk (Loyal)
8735-DCXNF,No,0.1866083684310818,10,54.95,Month-to-month,DSL,Credit card (automatic),Low Risk (Loyal)
1784-BXEFA,No,0.1862360787041259,10,20.55,Month-to-month,No,Mailed check,Low Risk (Loyal)
5639-NTUPK,No,0.18595932656981864,13,52.1,Month-to-month,DSL,Credit card (automatic),Low Risk (Loyal)
7140-ADSMJ,No,0.18564139904263152,8,20.45,Month-to-month,No,Credit card (automatic),Low Risk (Loyal)
3794-NFNCH,No,0.1854588136923748,30,50.0,Month-to-month,DSL,Mailed check,Low Risk (Loyal)
5945-AZYHT,No,0.18502973029632147,71,109.6,One year,Fiber optic,Electronic check,Low Risk (Loyal)
8091-TTVAX,No,0.1848984007419329,58,100.35,One year,Fiber optic,Credit card (automatic),Low Risk (Loyal)
9571-EDEBV,No,0.18456260087106155,71,98.65,One year,Fiber optic,Credit card (automatic),Low Risk (Loyal)
1385-TQOZW,No,0.18452097219726113,9,20.45,Month-to-month,No,Credit card (automatic),Low Risk (Loyal)
2959-EEXWB,No,0.18448968203966767,45,50.9,Month-to-month,DSL,Bank transfer (automatic),Low Risk (Loyal)
6131-FOYAS,No,0.18414125268954376,35,59.6,Month-to-month,DSL,Electronic check,Low Risk (Loyal)
7163-OCEQI,No,0.1840688036802754,22,78.65,One year,DSL,Mailed check,Low Risk (Loyal)
9142-KZXOP,No,0.18402658928648455,44,68.85,Month-to-month,Fiber optic,Credit card (automatic),Low Risk (Loyal)
5734-EJKXG,No,0.18402375612721422,61,118.6,One year,Fiber optic,Electronic check,Low Risk (Loyal)
9659-ZTWSM,No,0.18397676076456065,66,107.35,One year,Fiber optic,Bank transfer (automatic),Low Risk (Loyal)
1641-BYBTK,No,0.18380918466776383,6,20.2,Month-to-month,No,Mailed check,Low Risk (Loyal)
1134-YWTYF,No,0.1838037394463558,27,53.8,Month-to-month,DSL,Electronic check,Low Risk (Loyal)
7175-NTIXE,No,0.18379461925674448,25,76.15,Month-to-month,DSL,Credit card (automatic),Low Risk (Loyal)
4700-UBQMV,No,0.1837163490326115,21,75.9,One year,DSL,Bank transfer (automatic),Low Risk (Loyal)
4283-IVYCI,No,0.1832885996801193,9,64.95,Month-to-month,DSL,Mailed check,Low Risk (Loyal)
5481-NTDOH,No,0.1832513415292898,67,107.05,One year,Fiber optic,Credit card (automatic),Low Risk (Loyal)
4860-YZGZM,No,0.1828379048981714,10,20.0,Month-to-month,No,Electronic check,Low Risk (Loyal)
6723-WSNTY,No,0.18236936515296165,66,108.1,One year,Fiber optic,Credit card (automatic),Low Risk (Loyal)
7544-ZVIKX,No,0.18236672557085654,58,105.05,One year,Fiber optic,Bank transfer (automatic),Low Risk (Loyal)
3199-NPKCN,No,0.18214714322880074,67,111.25,One year,Fiber optic,Electronic check,Low Risk (Loyal)
1336-EZFZY,No,0.18194243802120652,4,20.05,Month-to-month,No,Mailed check,Low Risk (Loyal)
4676-MQUEA,No,0.18190474289641115,50,101.9,One year,Fiber optic,Bank transfer (automatic),Low Risk (Loyal)
4397-FRLTA,No,0.18183236384970752,4,20.15,Month-to-month,No,Mailed check,Low Risk (Loyal)
1545-ACTAS,No,0.18180830426594735,48,99.7,One year,Fiber optic,Bank transfer (automatic),Low Risk (Loyal)
8421-WZOOW,No,0.18177379854238707,57,95.3,Month-to-month,Fiber optic,Credit card (automatic),Low Risk (Loyal)
6383-ZTSIW,No,0.18149268160872134,39,99.1,One year,Fiber optic,Mailed check,Low Risk (Loyal)
8731-WBBMB,No,0.1814551752318688,26,81.9,Month-to-month,DSL,Bank transfer (automatic),Low Risk (Loyal)
3373-YZZYM,No,0.1813455889150334,1,19.2,Month-to-month,No,Mailed check,Low Risk (Loyal)
2155-AMQRX,No,0.1813073426785867,28,54.9,Month-to-month,DSL,Credit card (automatic),Low Risk (Loyal)
3982-DQLUS,No,0.181072978876549,65,85.75,Month-to-month,Fiber optic,Electronic check,Low Risk (Loyal)
3999-WRNGR,No,0.181004664986072,60,49.75,Month-to-month,DSL,Electronic check,Low Risk (Loyal)
0247-SLUJI,No,0.18056996060941105,1,19.7,Month-to-month,No,Mailed check,Low Risk (Loyal)
4472-VESGY,No,0.1804678386759177,52,98.15,Month-to-month,Fiber optic,Bank transfer (automatic),Low Risk (Loyal)
2186-QZEYA,No,0.18033183431969538,29,58.55,Month-to-month,DSL,Bank transfer (automatic),Low Risk (Loyal)
6394-HHHZM,No,0.1803301006451385,3,20.7,Month-to-month,No,Mailed check,Low Risk (Loyal)
0409-WTMPL,No,0.180304218779295,58,110.65,One year,Fiber optic,Credit card (automatic),Low Risk (Loyal)
9058-HRZSV,No,0.18019939657313838,65,94.4,Month-to-month,Fiber optic,Electronic check,Low Risk (Loyal)
3675-YDUPJ,No,0.17991066540193776,10,19.85,Month-to-month,No,Mailed check,Low Risk (Loyal)
9496-IVVRP,No,0.17989752872609116,11,51.0,Month-to-month,DSL,Bank transfer (automatic),Low Risk (Loyal)
2402-TAIRZ,No,0.17968932094583331,37,80.05,One year,Fiber optic,Electronic check,Low Risk (Loyal)
9342-VNIMQ,No,0.17966923956193925,33,54.65,Month-to-month,DSL,Bank transfer (automatic),Low Risk (Loyal)
4083-BFNYK,No,0.17959610445747834,38,95.0,One year,Fiber optic,Credit card (automatic),Low Risk (Loyal)
3272-VUHPV,No,0.17939448728205884,8,56.3,Month-to-month,DSL,Bank transfer (automatic),Low Risk (Loyal)
9701-CDXHR,No,0.17932349128991928,51,69.15,Month-to-month,Fiber optic,Mailed check,Low Risk (Loyal)
1735-XMJVH,No,0.17924911266347254,8,19.35,Month-to-month,No,Mailed check,Low Risk (Loyal)
1629-DQQVB,No,0.17830724827460404,14,50.1,Month-to-month,DSL,Bank transfer (automatic),Low Risk (Loyal)
9040-KZVWO,No,0.1781977680327414,26,75.5,One year,Fiber optic,Bank transfer (automatic),Low Risk (Loyal)
9972-VAFJJ,No,0.178061625167552,53,94.0,One year,Fiber optic,Electronic check,Low Risk (Loyal)
7356-AYNJP,No,0.17782691388644364,4,23.9,One year,No,Electronic check,Low Risk (Loyal)
6261-LHRTG,No,0.17775345501302708,26,54.75,Month-to-month,DSL,Credit card (automatic),Low Risk (Loyal)
2212-LYASK,No,0.177509102190054,27,45.85,One year,DSL,Credit card (automatic),Low Risk (Loyal)
4929-ROART,No,0.1774045095728317,18,56.25,Month-to-month,DSL,Mailed check,Low Risk (Loyal)
0330-BGYZE,No,0.17735956013651497,60,102.5,One year,Fiber optic,Bank transfer (automatic),Low Risk (Loyal)
1170-SASML,No,0.17719711315694933,69,85.4,Month-to-month,Fiber optic,Bank transfer (automatic),Low Risk (Loyal)
3635-JBPSG,No,0.1770866047976205,15,38.8,Two year,DSL,Mailed check,Low Risk (Loyal)
2252-JHJGE,No,0.17692661799455045,61,104.0,One year,Fiber optic,Electronic check,Low Risk (Loyal)
4182-BGSIQ,No,0.17687296005058664,10,19.8,Month-to-month,No,Bank transfer (automatic),Low Risk (Loyal)
6959-GQEGV,No,0.1767265912540664,45,75.95,Month-to-month,DSL,Electronic check,Low Risk (Loyal)
2957-JIRMN,No,0.17664594045764226,62,84.45,One year,Fiber optic,Electronic check,Low Risk (Loyal)
9402-CXWPL,No,0.1763303800554872,70,98.9,One year,Fiber optic,Electronic check,Low Risk (Loyal)
6128-DAFVY,No,0.17625546315940163,56,44.85,Month-to-month,DSL,Credit card (automatic),Low Risk (Loyal)
3468-DRVQJ,No,0.17619739825707859,10,70.3,One year,DSL,Electronic check,Low Risk (Loyal)
4198-VFOEA,No,0.1760816760771354,12,33.6,One year,DSL,Mailed check,Low Risk (Loyal)
5140-FOMCQ,No,0.1759233878046349,59,109.15,One year,Fiber optic,Credit card (automatic),Low Risk (Loyal)
5222-JCXZT,No,0.1758679709352508,4,19.0,Month-to-month,No,Mailed check,Low Risk (Loyal)
8410-BGQXN,No,0.17583139367071854,4,19.4,Month-to-month,No,Mailed check,Low Risk (Loyal)
5150-LJNSR,No,0.17566963594795348,31,98.05,One year,Fiber optic,Bank transfer (automatic),Low Risk (Loyal)
3164-YAXFY,No,0.17565552291941416,57,53.75,Month-to-month,DSL,Electronic check,Low Risk (Loyal)
7234-KMNRQ,No,0.17564767621968264,4,19.0,Month-to-month,No,Mailed check,Low Risk (Loyal)
2946-KIQSP,No,0.17545147208881515,35,33.45,Month-to-month,DSL,Mailed check,Low Risk (Loyal)
5155-AZQPB,No,0.1754244977341137,28,49.9,Month-to-month,DSL,Mailed check,Low Risk (Loyal)
0479-HMSWA,No,0.17523369515466508,26,105.45,Two year,Fiber optic,Electronic check,Low Risk (Loyal)
3977-QCRSL,No,0.17517702258163717,5,20.15,Month-to-month,No,Mailed check,Low Risk (Loyal)
3363-EWLGO,No,0.17515091020421636,5,19.95,Month-to-month,No,Mailed check,Low Risk (Loyal)
8319-QBEHW,No,0.17506467100178685,26,39.95,One year,DSL,Bank transfer (automatic),Low Risk (Loyal)
0580-PIQHM,No,0.17498565972983146,41,101.6,One year,Fiber optic,Bank transfer (automatic),Low Risk (Loyal)
1229-RCALF,No,0.17482253862801553,64,115.0,One year,Fiber optic,Electronic check,Low Risk (Loyal)
4558-CGYCZ,No,0.17467880681781417,4,19.75,Month-to-month,No,Mailed check,Low Risk (Loyal)
0130-SXOUN,No,0.1745968439870313,66,89.4,Month-to-month,Fiber optic,Credit card (automatic),Low Risk (Loyal)
7785-RDVIG,No,0.17415479895648875,3,19.3,Month-to-month,No,Mailed check,Low Risk (Loyal)
1465-WCZVT,No,0.17385286614727918,3,19.65,Month-to-month,No,Mailed check,Low Risk (Loyal)
5074-FBGHB,No,0.1736670315424684,64,104.65,One year,Fiber optic,Credit card (automatic),Low Risk (Loyal)
7123-WQUHX,No,0.1735163155032383,38,95.0,One year,Fiber optic,Bank transfer (automatic),Low Risk (Loyal)
9618-LFJRU,No,0.17311407825467062,4,20.45,Month-to-month,No,Credit card (automatic),Low Risk (Loyal)
2616-UUTFK,No,0.17305623519513336,33,72.75,Month-to-month,DSL,Bank transfer (automatic),Low Risk (Loyal)
7036-ZZKBD,No,0.17302803078847526,31,66.4,Month-to-month,DSL,Credit card (automatic),Low Risk (Loyal)
8314-DPQHL,No,0.173010138880416,9,50.8,One year,DSL,Mailed check,Low Risk (Loyal)
9367-OIUXP,No,0.17300232799126483,4,20.7,Month-to-month,No,Mailed check,Low Risk (Loyal)
0927-CNGRH,No,0.17287271850242147,1,19.55,Month-to-month,No,Mailed check,Low Risk (Loyal)
1867-TJHTS,No,0.1725332905587699,58,79.8,Month-to-month,Fiber optic,Bank transfer (automatic),Low Risk (Loyal)
1755-RMCXH,No,0.1725120985157803,2,20.3,Month-to-month,No,Mailed check,Low Risk (Loyal)
6733-LRIZX,No,0.1724969129373546,35,108.95,Two year,Fiber optic,Electronic check,Low Risk (Loyal)
7143-BQIBA,No,0.1724619063082952,10,62.25,Month-to-month,DSL,Bank transfer (automatic),Low Risk (Loyal)
9978-HYCIN,No,0.17244118454612167,47,84.95,One year,Fiber optic,Bank transfer (automatic),Low Risk (Loyal)
4291-HPAXL,No,0.17242420605492262,1,19.85,Month-to-month,No,Mailed check,Low Risk (Loyal)
5268-DSMNQ,No,0.17216698601561942,62,97.95,One year,Fiber optic,Credit card (automatic),Low Risk (Loyal)
2812-SFXMJ,No,0.1721257098535477,1,20.05,Month-to-month,No,Mailed check,Low Risk (Loyal)
4316-XCSLJ,No,0.17209769497223795,17,50.3,Month-to-month,DSL,Mailed check,Low Risk (Loyal)
8439-LTUGF,No,0.17177975380983296,10,20.0,Month-to-month,No,Credit card (automatic),Low Risk (Loyal)
1222-LRYKO,No,0.17160403061006152,6,26.35,Month-to-month,No,Mailed check,Low Risk (Loyal)
3402-XRIUO,No,0.17128896214893496,22,63.55,Month-to-month,DSL,Mailed check,Low Risk (Loyal)
3645-DEYGF,No,0.17108419637437122,1,20.75,Month-to-month,No,Mailed check,Low Risk (Loyal)
3675-EQOZA,No,0.17098738290706994,5,20.65,Month-to-month,No,Bank transfer (automatic),Low Risk (Loyal)
1409-PHXTF,No,0.17092391813443228,54,110.45,Two year,Fiber optic,Electronic check,Low Risk (Loyal)
6797-UCJHZ,No,0.1708899354861836,66,104.6,One year,Fiber optic,Credit card (automatic),Low Risk (Loyal)
2851-STERV,No,0.17060619376268274,35,73.0,One year,DSL,Electronic check,Low Risk (Loyal)
0384-RVBPI,No,0.17034221635803803,20,64.4,Month-to-month,DSL,Credit card (automatic),Low Risk (Loyal)
2270-CHBFN,No,0.17028191417372293,44,95.1,Month-to-month,Fiber optic,Credit card (automatic),Low Risk (Loyal)
6303-KFWSL,No,0.17023186066736712,29,55.25,One year,DSL,Electronic check,Low Risk (Loyal)
6296-DDOOR,No,0.16986419689687157,19,58.2,One year,DSL,Electronic check,Low Risk (Loyal)
5473-KHBPS,No,0.16943829628720944,52,95.7,One year,Fiber optic,Credit card (automatic),Low Risk (Loyal)
5951-AOFIH,No,0.16939813169857695,33,66.4,Month-to-month,DSL,Credit card (automatic),Low Risk (Loyal)
6728-CZFEI,No,0.16904390893103868,15,56.15,One year,DSL,Mailed check,Low Risk (Loyal)
7811-JIVPF,No,0.1685789307379834,23,49.7,Month-to-month,DSL,Credit card (automatic),Low Risk (Loyal)
5590-ZSKRV,No,0.16857427638521139,8,54.65,Month-to-month,DSL,Mailed check,Low Risk (Loyal)
0595-ITUDF,No,0.1685701208358519,64,91.8,Month-to-month,Fiber optic,Electronic check,Low Risk (Loyal)
0851-DFJKB,No,0.16844385576964283,15,58.95,Month-to-month,DSL,Electronic check,Low Risk (Loyal)
2486-WYVVE,No,0.16838179759748337,31,79.3,One year,DSL,Mailed check,Low Risk (Loyal)
4868-AADLV,No,0.1682094295534471,66,116.25,One year,Fiber optic,Electronic check,Low Risk (Loyal)
2716-GFZOR,No,0.1680314048414684,43,86.1,Month-to-month,Fiber optic,Credit card (automatic),Low Risk (Loyal)
6112-KTHFQ,No,0.1680184859310481,13,19.3,Month-to-month,No,Mailed check,Low Risk (Loyal)
6377-KSLXC,No,0.1677477878543529,5,19.95,Month-to-month,No,Mailed check,Low Risk (Loyal)
1337-BOZWO,No,0.16771346729971567,18,46.4,One year,DSL,Credit card (automatic),Low Risk (Loyal)
1142-IHLOO,No,0.16770020925573303,51,87.55,One year,Fiber optic,Credit card (automatic),Low Risk (Loyal)
5850-BDWCY,No,0.16755693775578823,6,20.2,Month-to-month,No,Mailed check,Low Risk (Loyal)
6617-WLBQC,No,0.16755096033293693,23,81.85,One year,Fiber optic,Credit card (automatic),Low Risk (Loyal)
2439-QKJUL,No,0.16740514171181384,5,20.25,Month-to-month,No,Mailed check,Low Risk (Loyal)
6972-SNKKW,No,0.1672944910767399,6,20.0,Month-to-month,No,Mailed check,Low Risk (Loyal)
4323-OHFOW,No,0.16719516369707949,70,105.55,One year,Fiber optic,Bank transfer (automatic),Low Risk (Loyal)
6743-HHQPF,No,0.1671757863134272,42,25.1,Month-to-month,DSL,Credit card (automatic),Low Risk (Loyal)
7502-BNYGS,No,0.1670628046576829,46,69.1,Month-to-month,DSL,Credit card (automatic),Low Risk (Loyal)
7740-BTPUX,No,0.16690971650505004,55,113.6,Two year,Fiber optic,Electronic check,Low Risk (Loyal)
3156-QLHBO,No,0.16674604403453241,2,19.25,Month-to-month,No,Mailed check,Low Risk (Loyal)
0549-CYCQN,No,0.1666644378510178,51,79.6,One year,Fiber optic,Bank transfer (automatic),Low Risk (Loyal)
6621-YOBKI,No,0.1665938674623469,5,20.35,Month-to-month,No,Mailed check,Low Risk (Loyal)
2928-HLDBA,No,0.16638660769421132,6,20.7,Month-to-month,No,Mailed check,Low Risk (Loyal)
6131-JLWZM,No,0.16637076764441608,13,20.3,Month-to-month,No,Mailed check,Low Risk (Loyal)
9391-DXGGG,No,0.16624354239150174,44,89.15,One year,Fiber optic,Credit card (automatic),Low Risk (Loyal)
9501-UKKNL,No,0.16614858105568592,59,51.7,Month-to-month,DSL,Electronic check,Low Risk (Loyal)
0939-EREMR,No,0.16597518404064665,13,53.45,Month-to-month,DSL,Mailed check,Low Risk (Loyal)
3417-TSCIC,No,0.16583009314764782,29,24.85,One year,DSL,Mailed check,Low Risk (Loyal)
1925-GMVBW,No,0.16578264127488082,5,20.55,Month-to-month,No,Credit card (automatic),Low Risk (Loyal)
1297-VQDRP,No,0.16565788462837946,68,107.15,One year,Fiber optic,Credit card (automatic),Low Risk (Loyal)
0292-WEGCH,No,0.165541215837803,54,86.2,Month-to-month,DSL,Electronic check,Low Risk (Loyal)
7787-BNTZM,No,0.16552424868552307,6,20.15,Month-to-month,No,Bank transfer (automatic),Low Risk (Loyal)
4277-UDIEF,No,0.1654857463376854,24,81.0,Month-to-month,DSL,Bank transfer (automatic),Low Risk (Loyal)
0961-ZWLVI,No,0.16527058046968454,49,109.2,One year,Fiber optic,Credit card (automatic),Low Risk (Loyal)
7706-DZNKK,No,0.16495315804290858,11,20.45,Month-to-month,No,Credit card (automatic),Low Risk (Loyal)
2410-CIYFZ,No,0.16482671775938557,2,20.4,Month-to-month,No,Mailed check,Low Risk (Loyal)
2692-AQCPF,No,0.16480457742371457,65,108.05,One year,Fiber optic,Credit card (automatic),Low Risk (Loyal)
1768-HNVGJ,No,0.1646642776799321,45,70.05,Month-to-month,DSL,Electronic check,Low Risk (Loyal)
4776-XSKYQ,No,0.164661190772069,12,30.25,One year,DSL,Credit card (automatic),Low Risk (Loyal)
7219-TLZHO,No,0.16444042152493848,4,20.85,Month-to-month,No,Mailed check,Low Risk (Loyal)
8878-RYUKI,No,0.16443699542955875,52,59.45,Month-to-month,DSL,Electronic check,Low Risk (Loyal)
9036-CSKBW,No,0.1638022911831714,51,107.45,One year,Fiber optic,Bank transfer (automatic),Low Risk (Loyal)
0523-VNGTF,No,0.16379599775292247,52,50.5,Month-to-month,DSL,Electronic check,Low Risk (Loyal)
3948-FVVRP,No,0.16376555943352775,9,54.8,Month-to-month,DSL,Mailed check,Low Risk (Loyal)
0484-FFVBJ,No,0.16373944829145964,32,64.85,One year,DSL,Bank transfer (automatic),Low Risk (Loyal)
3470-BTGQO,No,0.1630988361962408,21,45.65,Month-to-month,DSL,Mailed check,Low Risk (Loyal)
5832-EXGTT,No,0.16305994432967494,29,60.2,Month-to-month,DSL,Mailed check,Low Risk (Loyal)
2978-XXSOG,No,0.16286871529054844,22,59.05,Month-to-month,DSL,Mailed check,Low Risk (Loyal)
5206-HPJKM,No,0.16280719443443506,17,55.5,Month-to-month,DSL,Credit card (automatic),Low Risk (Loyal)
7663-ZTEGJ,No,0.16274279509972456,29,100.55,One year,Fiber optic,Credit card (automatic),Low Risk (Loyal)
3039-MJSLN,No,0.16262120502658364,3,20.2,Month-to-month,No,Bank transfer (automatic),Low Risk (Loyal)
6447-GORXK,No,0.1626111572250291,31,25.0,Month-to-month,DSL,Credit card (automatic),Low Risk (Loyal)
9938-EKRGF,No,0.16239855034378956,15,84.45,Month-to-month,DSL,Mailed check,Low Risk (Loyal)
2320-YKQBO,No,0.16217265962066513,7,19.3,Month-to-month,No,Mailed check,Low Risk (Loyal)
4455-BFSPD,No,0.16190533771114807,61,101.15,One year,Fiber optic,Bank transfer (automatic),Low Risk (Loyal)
7968-QUXNS,No,0.16181481986254684,6,18.95,Month-to-month,No,Mailed check,Low Risk (Loyal)
8250-ZNGGW,No,0.16138918609474018,5,59.9,Month-to-month,DSL,Credit card (automatic),Low Risk (Loyal)
0620-XEFWH,No,0.16117260332868757,4,18.85,Month-to-month,No,Mailed check,Low Risk (Loyal)
3703-TTEPD,No,0.1609185394256682,21,65.35,Month-to-month,DSL,Bank transfer (automatic),Low Risk (Loyal)
7299-GNVPL,No,0.16090461964373634,23,84.4,Month-to-month,Fiber optic,Mailed check,Low Risk (Loyal)
6671-NGWON,No,0.16085815864920078,7,20.35,Month-to-month,No,Mailed check,Low Risk (Loyal)
9970-QBCDA,No,0.1608290448704278,6,19.7,Month-to-month,No,Credit card (automatic),Low Risk (Loyal)
1518-OMDIK,No,0.16073685022194914,33,44.55,Month-to-month,DSL,Credit card (automatic),Low Risk (Loyal)
3530-CRZSB,No,0.16062277524903634,7,20.65,Month-to-month,No,Mailed check,Low Risk (Loyal)
4495-LHSSK,No,0.1605967061195478,18,57.65,Month-to-month,DSL,Mailed check,Low Risk (Loyal)
2896-TBNBE,No,0.1603133121719791,40,80.8,One year,Fiber optic,Electronic check,Low Risk (Loyal)
5448-VWNAM,No,0.1602282034285613,19,75.9,Month-to-month,DSL,Mailed check,Low Risk (Loyal)
3221-CJMSG,No,0.16019061856156086,24,51.1,Month-to-month,DSL,Credit card (automatic),Low Risk (Loyal)
0239-OXEXL,No,0.16007982678297122,46,84.25,Month-to-month,Fiber optic,Mailed check,Low Risk (Loyal)
3413-CSSTH,No,0.15996655042826596,41,55.7,Month-to-month,DSL,Bank transfer (automatic),Low Risk (Loyal)
0222-CNVPT,No,0.15995622937499201,52,48.8,Month-to-month,DSL,Credit card (automatic),Low Risk (Loyal)
0373-AIVNJ,No,0.15964449854340243,9,39.55,One year,DSL,Mailed check,Low Risk (Loyal)
8644-XYTSV,No,0.15959904845418127,42,40.15,Month-to-month,DSL,Bank transfer (automatic),Low Risk (Loyal)
2159-TURXX,No,0.15949275168467578,5,20.05,Month-to-month,No,Credit card (automatic),Low Risk (Loyal)
6227-FBDXH,No,0.1594674768872853,69,99.5,One year,Fiber optic,Bank transfer (automatic),Low Risk (Loyal)
6490-FGZAT,No,0.15932071620384786,6,20.65,Month-to-month,No,Mailed check,Low Risk (Loyal)
3253-HKOKL,No,0.15898899832620586,52,100.3,One year,Fiber optic,Electronic check,Low Risk (Loyal)
9974-JFBHQ,No,0.15895393905899138,64,99.15,Month-to-month,Fiber optic,Credit card (automatic),Low Risk (Loyal)
6322-PJJDJ,No,0.1588971840377385,49,94.8,Two year,Fiber optic,Electronic check,Low Risk (Loyal)
2560-PPCHE,No,0.1587984431178393,65,105.05,One year,Fiber optic,Bank transfer (automatic),Low Risk (Loyal)
7521-YXVZY,No,0.15864628308002857,3,19.95,Month-to-month,No,Mailed check,Low Risk (Loyal)
3275-RHRNE,No,0.1585660209750827,28,60.0,One year,DSL,Credit card (automatic),Low Risk (Loyal)
4644-PIZRT,No,0.15837468140751146,17,70.35,One year,DSL,Bank transfer (automatic),Low Risk (Loyal)
4132-POCZS,No,0.15811301543837994,52,39.9,Month-to-month,DSL,Electronic check,Low Risk (Loyal)
5168-MQQCA,No,0.15795430684133716,72,108.5,One year,Fiber optic,Bank transfer (automatic),Low Risk (Loyal)
3786-WOVKF,No,0.15765181594750327,72,106.85,One year,Fiber optic,Bank transfer (automatic),Low Risk (Loyal)
9644-KVCNC,No,0.15762045975070507,66,92.15,One year,Fiber optic,Bank transfer (automatic),Low Risk (Loyal)
7094-MSZAO,No,0.15761613639488328,10,20.05,Month-to-month,No,Credit card (automatic),Low Risk (Loyal)
7764-BDPEE,No,0.15744664857514254,3,20.85,Month-to-month,No,Mailed check,Low Risk (Loyal)
0584-BJQGZ,No,0.15742597690398594,25,78.35,Month-to-month,DSL,Bank transfer (automatic),Low Risk (Loyal)
5640-CAXOA,No,0.15714489387749478,30,40.35,One year,DSL,Credit card (automatic),Low Risk (Loyal)
5732-IKGQH,No,0.15709686166101128,52,104.45,One year,Fiber optic,Bank transfer (automatic),Low Risk (Loyal)
8033-ATFAS,No,0.1570959093684821,39,59.85,Month-to-month,DSL,Mailed check,Low Risk (Loyal)
7868-BGSZA,No,0.15686270079163286,43,80.2,One year,DSL,Electronic check,Low Risk (Loyal)
9470-RTWDV,No,0.15670499144639108,26,82.0,One year,DSL,Credit card (automatic),Low Risk (Loyal)
4747-LCAQL,No,0.15659100587878547,25,79.0,Month-to-month,DSL,Mailed check,Low Risk (Loyal)
1573-LGXBA,No,0.15648543487990502,57,97.55,One year,Fiber optic,Credit card (automatic),Low Risk (Loyal)
6008-NAIXK,No,0.15637046673081,54,55.45,One year,DSL,Electronic check,Low Risk (Loyal)
0305-SQECB,No,0.1562501794446837,11,36.05,One year,DSL,Mailed check,Low Risk (Loyal)
1360-XFJMR,No,0.15615127085236274,67,109.7,One year,Fiber optic,Credit card (automatic),Low Risk (Loyal)
6738-ISCBM,No,0.1561278499428673,44,54.0,One year,DSL,Electronic check,Low Risk (Loyal)
6979-TNDEU,No,0.1554501649121458,8,19.2,Month-to-month,No,Mailed check,Low Risk (Loyal)
4816-OKWNX,No,0.15540966586495183,50,103.4,One year,Fiber optic,Bank transfer (automatic),Low Risk (Loyal)
0002-ORFBO,No,0.1552098542403157,9,65.6,One year,DSL,Mailed check,Low Risk (Loyal)
4332-MUOEZ,No,0.15506604660190335,20,94.3,One year,Fiber optic,Credit card (automatic),Low Risk (Loyal)
2040-OBMLJ,No,0.15505032876446867,31,81.7,One year,Fiber optic,Credit card (automatic),Low Risk (Loyal)
6341-AEVKX,No,0.15498583458078852,62,104.3,One year,Fiber optic,Electronic check,Low Risk (Loyal)
9494-BDNNC,No,0.1547228007555926,66,95.3,One year,Fiber optic,Electronic check,Low Risk (Loyal)
8080-POTJR,No,0.15463914486414973,30,79.3,One year,DSL,Credit card (automatic),Low Risk (Loyal)
5345-BMKWB,No,0.15442994086317052,8,20.25,Month-to-month,No,Mailed check,Low Risk (Loyal)
5985-BEHZK,No,0.15442564455314456,72,105.0,One year,Fiber optic,Credit card (automatic),Low Risk (Loyal)
2791-SFVEW,No,0.1544119460818489,9,20.15,Month-to-month,No,Bank transfer (automatic),Low Risk (Loyal)
0810-BDHAW,No,0.15386709568977183,24,78.4,One year,DSL,Electronic check,Low Risk (Loyal)
7674-YTAFD,No,0.15360315896090979,33,79.95,One year,Fiber optic,Bank transfer (automatic),Low Risk (Loyal)
2908-ZTPNF,No,0.1535641347968662,36,34.85,Month-to-month,DSL,Bank transfer (automatic),Low Risk (Loyal)
6164-HXUGH,No,0.15335617100133814,6,19.85,Month-to-month,No,Mailed check,Low Risk (Loyal)
3077-RSNTJ,No,0.1533553269133631,6,19.7,Month-to-month,No,Mailed check,Low Risk (Loyal)
2969-WGHQO,No,0.15334701760800765,7,69.45,One year,DSL,Electronic check,Low Risk (Loyal)
8849-PRIQJ,No,0.15333472287490194,67,109.4,One year,Fiber optic,Electronic check,Low Risk (Loyal)
1389-WNUIB,No,0.15333314968828238,20,76.0,One year,DSL,Bank transfer (automatic),Low Risk (Loyal)
1257-SXUXQ,No,0.15313995612878478,5,19.45,Month-to-month,No,Mailed check,Low Risk (Loyal)
0750-EKNGL,No,0.15313575042963404,7,20.75,Month-to-month,No,Mailed check,Low Risk (Loyal)
5014-WUQMG,No,0.1528760546918964,47,96.1,One year,Fiber optic,Electronic check,Low Risk (Loyal)
2898-MRKPI,No,0.15277340185073968,68,101.05,One year,Fiber optic,Credit card (automatic),Low Risk (Loyal)
7989-AWGEH,No,0.15262738925171584,49,39.2,Month-to-month,DSL,Electronic check,Low Risk (Loyal)
4710-NKCAW,No,0.15239748229386757,5,64.4,Month-to-month,DSL,Credit card (automatic),Low Risk (Loyal)
8474-UMLNT,No,0.15219844879512717,13,67.8,Month-to-month,DSL,Bank transfer (automatic),Low Risk (Loyal)
7727-SHVZV,No,0.1521390376639981,9,19.5,Month-to-month,No,Bank transfer (automatic),Low Risk (Loyal)
6563-VNPMN,No,0.15189219471717524,45,85.7,Month-to-month,Fiber optic,Bank transfer (automatic),Low Risk (Loyal)
9746-MDMBK,No,0.1517281418848677,47,113.45,One year,Fiber optic,Bank transfer (automatic),Low Risk (Loyal)
9929-PLVPA,No,0.15155806144363645,4,20.4,Month-to-month,No,Credit card (automatic),Low Risk (Loyal)
1017-FBQMM,No,0.15141682802006562,62,106.05,One year,Fiber optic,Credit card (automatic),Low Risk (Loyal)
5343-SGUBI,No,0.15140394878561478,52,80.2,One year,Fiber optic,Mailed check,Low Risk (Loyal)
7361-YPXFS,No,0.15117239210006375,28,64.45,Month-to-month,DSL,Bank transfer (automatic),Low Risk (Loyal)
4075-JFPGR,No,0.15104176263441407,51,93.5,One year,Fiber optic,Electronic check,Low Risk (Loyal)
6583-SZVGP,No,0.1510174245059418,48,108.1,Two year,Fiber optic,Bank transfer (automatic),Low Risk (Loyal)
3752-CQSJI,No,0.1509671233182022,13,20.45,Month-to-month,No,Mailed check,Low Risk (Loyal)
6137-MFAJN,No,0.15080839680718655,48,44.8,Month-to-month,DSL,Electronic check,Low Risk (Loyal)
5197-PYEPU,No,0.15064444803587004,42,94.45,One year,Fiber optic,Credit card (automatic),Low Risk (Loyal)
0128-MKWSG,No,0.1505634314856337,26,45.8,Month-to-month,DSL,Mailed check,Low Risk (Loyal)
2234-XADUH,No,0.1505327241200525,72,103.2,One year,Fiber optic,Credit card (automatic),Low Risk (Loyal)
7777-UNYHB,No,0.15048935167230904,12,20.1,Month-to-month,No,Credit card (automatic),Low Risk (Loyal)
8216-AZUUZ,No,0.15045840009569297,42,100.4,Two year,Fiber optic,Electronic check,Low Risk (Loyal)
1202-KKGFU,No,0.15044268553411097,12,54.2,Month-to-month,DSL,Bank transfer (automatic),Low Risk (Loyal)
1116-DXXDF,No,0.150322317097628,39,100.45,Two year,Fiber optic,Electronic check,Low Risk (Loyal)
4450-MDZFX,No,0.1502320322892659,60,74.35,Month-to-month,Fiber optic,Bank transfer (automatic),Low Risk (Loyal)
4023-RTIQM,No,0.15020706648193868,31,50.4,One year,DSL,Credit card (automatic),Low Risk (Loyal)
0206-TBWLC,No,0.1501649004201257,54,114.65,One year,Fiber optic,Mailed check,Low Risk (Loyal)
7105-MXJLL,No,0.15005375358882325,26,60.7,One year,DSL,Mailed check,Low Risk (Loyal)
9475-NNDGC,No,0.15004010049353966,71,113.15,One year,Fiber optic,Bank transfer (automatic),Low Risk (Loyal)
9554-DFKIC,No,0.14942305216764842,30,54.45,Month-to-month,DSL,Bank transfer (automatic),Low Risk (Loyal)
3316-UWXUY,No,0.1492524633929029,50,93.5,Month-to-month,Fiber optic,Credit card (automatic),Low Risk (Loyal)
6906-MPARY,No,0.14896658976793736,40,89.6,One year,Fiber optic,Credit card (automatic),Low Risk (Loyal)
8375-KVTHK,No,0.14881706258602478,68,100.3,One year,Fiber optic,Electronic check,Low Risk (Loyal)
1991-VOPLL,No,0.14863257261945656,9,19.05,Month-to-month,No,Mailed check,Low Risk (Loyal)
8944-AILEF,No,0.14847683328410946,15,19.45,Month-to-month,No,Credit card (automatic),Low Risk (Loyal)
6278-FEPBZ,No,0.14800823195097343,9,20.25,Month-to-month,No,Mailed check,Low Risk (Loyal)
4374-YMUSQ,No,0.14788690196015034,34,116.25,One year,Fiber optic,Credit card (automatic),Low Risk (Loyal)
6728-DKUCO,No,0.1478537363910591,72,104.15,One year,Fiber optic,Electronic check,Low Risk (Loyal)
6981-TDRFT,No,0.14783552986075546,44,54.3,One year,DSL,Electronic check,Low Risk (Loyal)
2972-YDYUW,No,0.14775386024307463,57,94.7,One year,Fiber optic,Electronic check,Low Risk (Loyal)
6202-JVYEU,No,0.147658912243287,9,19.9,One year,No,Electronic check,Low Risk (Loyal)
6198-PNNSZ,No,0.14742282230352605,56,109.8,One year,Fiber optic,Bank transfer (automatic),Low Risk (Loyal)
1810-BOHSY,No,0.14734014289527564,51,96.4,One year,Fiber optic,Credit card (automatic),Low Risk (Loyal)
3724-UCSHY,No,0.14732985657287487,6,19.55,Month-to-month,No,Mailed check,Low Risk (Loyal)
7382-DFJTU,No,0.14717499889352303,18,55.2,Month-to-month,DSL,Credit card (automatic),Low Risk (Loyal)
9364-YKUVW,No,0.14709540368929033,15,19.8,Month-to-month,No,Mailed check,Low Risk (Loyal)
8769-KKTPH,No,0.14696674578873642,63,99.65,One year,Fiber optic,Credit card (automatic),Low Risk (Loyal)
3570-YUEKJ,No,0.14689119128398387,42,49.55,Month-to-month,DSL,Electronic check,Low Risk (Loyal)
5440-VHLUL,No,0.1467861987815416,69,105.2,One year,Fiber optic,Bank transfer (automatic),Low Risk (Loyal)
0678-RLHVP,No,0.14669517244997268,53,105.55,Two year,Fiber optic,Electronic check,Low Risk (Loyal)
3012-VFFMN,No,0.1466935361510769,7,20.65,Month-to-month,No,Mailed check,Low Risk (Loyal)
5774-XZTQC,No,0.14667615297634057,7,20.45,Month-to-month,No,Mailed check,Low Risk (Loyal)
3086-RUCRN,No,0.14651892917882797,66,103.1,Month-to-month,Fiber optic,Bank transfer (automatic),Low Risk (Loyal)
9079-LWTFD,No,0.1465114383556817,47,100.75,Month-to-month,Fiber optic,Mailed check,Low Risk (Loyal)
0723-VSOBE,No,0.1464700094424193,45,34.2,One year,DSL,Electronic check,Low Risk (Loyal)
2242-MFOTG,No,0.14636259951560995,33,80.1,One year,Fiber optic,Bank transfer (automatic),Low Risk (Loyal)
3633-CDBUW,No,0.14624892836736797,17,80.85,One year,DSL,Electronic check,Low Risk (Loyal)
3011-WQKSZ,No,0.14611912253719647,19,20.0,Month-to-month,No,Electronic check,Low Risk (Loyal)
5149-CUZUJ,No,0.1460106545665233,28,92.9,One year,Fiber optic,Bank transfer (automatic),Low Risk (Loyal)
5678-VFNEQ,No,0.1459661574643453,71,104.1,One year,Fiber optic,Credit card (automatic),Low Risk (Loyal)
6286-ZHAOK,No,0.14577497164168282,20,25.55,Month-to-month,No,Bank transfer (automatic),Low Risk (Loyal)
9762-YAQAA,No,0.14575750201708992,39,81.4,One year,Fiber optic,Credit card (automatic),Low Risk (Loyal)
5376-PCKNB,No,0.1457343528970454,72,104.45,One year,Fiber optic,Credit card (automatic),Low Risk (Loyal)
5285-MVEHD,No,0.14551054157507073,56,105.6,One year,Fiber optic,Credit card (automatic),Low Risk (Loyal)
4355-CVPVS,No,0.1454819984232901,56,88.9,One year,Fiber optic,Bank transfer (automatic),Low Risk (Loyal)
0708-SJDIS,No,0.14527660300009174,34,65.0,Month-to-month,DSL,Mailed check,Low Risk (Loyal)
0594-UFTUL,No,0.14520737350252033,13,19.85,Month-to-month,No,Mailed check,Low Risk (Loyal)
9294-TDIPC,No,0.14512419443585906,5,20.2,Month-to-month,No,Mailed check,Low Risk (Loyal)
6705-LNMDD,No,0.14458891936388726,20,50.0,Month-to-month,DSL,Mailed check,Low Risk (Loyal)
8851-RAGOV,No,0.14456548688485124,25,71.05,Month-to-month,DSL,Mailed check,Low Risk (Loyal)
0440-QEXBZ,No,0.14414750415855407,44,50.15,Month-to-month,DSL,Mailed check,Low Risk (Loyal)
8496-DMZUK,No,0.14393139866591514,30,90.4,One year,Fiber optic,Bank transfer (automatic),Low Risk (Loyal)
9798-DRYDS,No,0.1435958300704524,17,61.95,One year,DSL,Mailed check,Low Risk (Loyal)
1309-XGFSN,No,0.14342546042165252,52,80.85,One year,DSL,Electronic check,Low Risk (Loyal)
2233-TXSIU,No,0.1431479050558668,17,44.45,One year,DSL,Credit card (automatic),Low Risk (Loyal)
5206-XZZQI,No,0.14299913719400453,53,80.6,Month-to-month,Fiber optic,Mailed check,Low Risk (Loyal)
0621-JFHOL,No,0.14269715222667786,10,29.6,Two year,DSL,Mailed check,Low Risk (Loyal)
4189-NAKJS,No,0.1426728667106648,26,51.55,One year,DSL,Credit card (automatic),Low Risk (Loyal)
4926-UMJZD,No,0.142628149619067,31,49.2,Month-to-month,DSL,Mailed check,Low Risk (Loyal)
8905-IAZPF,No,0.1424583731482243,69,95.65,One year,Fiber optic,Credit card (automatic),Low Risk (Loyal)
1543-LLLFT,No,0.1422999988406088,61,98.3,One year,Fiber optic,Mailed check,Low Risk (Loyal)
5863-OOKCL,No,0.1422908561937729,10,18.85,Month-to-month,No,Mailed check,Low Risk (Loyal)
5756-JYOJT,No,0.14207017039031034,11,64.9,One year,DSL,Credit card (automatic),Low Risk (Loyal)
4418-LZMSV,No,0.14191953848942374,13,61.8,Month-to-month,DSL,Bank transfer (automatic),Low Risk (Loyal)
0310-VQXAM,No,0.14191540869206515,9,19.85,Month-to-month,No,Mailed check,Low Risk (Loyal)
0036-IHMOT,No,0.14173802992797113,55,103.7,One year,Fiber optic,Bank transfer (automatic),Low Risk (Loyal)
7824-PANSQ,No,0.14159952333481668,58,80.65,Month-to-month,Fiber optic,Bank transfer (automatic),Low Risk (Loyal)
1179-INLAT,No,0.14145706278768191,3,19.45,One year,No,Mailed check,Low Risk (Loyal)
4568-TTZRT,No,0.14129876822168472,9,20.4,Month-to-month,No,Mailed check,Low Risk (Loyal)
4274-DRSQT,No,0.14106798800225195,66,88.9,One year,Fiber optic,Bank transfer (automatic),Low Risk (Loyal)
2925-MXLSX,No,0.14104810524215994,30,68.95,One year,DSL,Credit card (automatic),Low Risk (Loyal)
9086-YJYXS,No,0.1409924885703544,34,77.2,One year,DSL,Bank transfer (automatic),Low Risk (Loyal)
0824-VWDPO,No,0.14091913099054953,45,96.75,One year,Fiber optic,Bank transfer (automatic),Low Risk (Loyal)
1345-GKDZZ,No,0.14080855158752903,6,19.55,Month-to-month,No,Mailed check,Low Risk (Loyal)
9256-JTBNZ,No,0.1407357999995888,11,20.3,Month-to-month,No,Bank transfer (automatic),Low Risk (Loyal)
0655-YDGFJ,No,0.1407100109382057,29,48.95,Month-to-month,DSL,Bank transfer (automatic),Low Risk (Loyal)
4020-KIUDI,No,0.14057506346400872,6,19.85,Month-to-month,No,Credit card (automatic),Low Risk (Loyal)
4732-RRJZC,No,0.14040157850337487,7,20.25,Month-to-month,No,Mailed check,Low Risk (Loyal)
7623-HKYRK,No,0.1400431242664952,6,19.7,Month-to-month,No,Mailed check,Low Risk (Loyal)
5968-XQIVE,No,0.13990222340596098,72,89.7,One year,Fiber optic,Electronic check,Low Risk (Loyal)
6465-GSRCL,No,0.13989463418834996,67,106.6,One year,Fiber optic,Bank transfer (automatic),Low Risk (Loyal)
8213-TAZPM,No,0.1397868947413401,69,108.75,One year,Fiber optic,Bank transfer (automatic),Low Risk (Loyal)
4719-UMSIY,No,0.1397468605614158,6,19.65,Month-to-month,No,Mailed check,Low Risk (Loyal)
9738-QLWTP,No,0.13950078693944623,39,81.9,One year,Fiber optic,Electronic check,Low Risk (Loyal)
2739-CCZMB,No,0.13939123240381704,5,20.35,Month-to-month,No,Credit card (automatic),Low Risk (Loyal)
6505-OZNPG,No,0.13936183269481156,6,63.4,Two year,DSL,Mailed check,Low Risk (Loyal)
5555-RNPGT,No,0.13925771807776163,10,24.8,Month-to-month,No,Credit card (automatic),Low Risk (Loyal)
0257-KXZGU,No,0.1390074393368529,32,62.45,Month-to-month,DSL,Bank transfer (automatic),Low Risk (Loyal)
4476-OSWTN,No,0.13892318518149618,69,110.55,One year,Fiber optic,Mailed check,Low Risk (Loyal)
5832-TRLPB,No,0.13891945013644685,29,75.35,One year,DSL,Bank transfer (automatic),Low Risk (Loyal)
7311-MQJCH,No,0.1381881252286039,5,19.55,One year,No,Electronic check,Low Risk (Loyal)
7789-CRUVC,No,0.1379910769999203,61,94.2,Month-to-month,Fiber optic,Credit card (automatic),Low Risk (Loyal)
1921-KYSAY,No,0.13782090074302317,41,68.6,One year,DSL,Electronic check,Low Risk (Loyal)
7964-YESJC,No,0.13779941371625692,24,66.3,Month-to-month,DSL,Mailed check,Low Risk (Loyal)
0997-YTLNY,No,0.1376498316959718,19,48.8,Month-to-month,DSL,Mailed check,Low Risk (Loyal)
0233-FTHAV,No,0.13747086975068853,60,79.2,One year,Fiber optic,Bank transfer (automatic),Low Risk (Loyal)
2577-GVSIL,No,0.13707269799517288,35,73.45,One year,DSL,Bank transfer (automatic),Low Risk (Loyal)
5081-NWSUP,No,0.13703065489454874,10,64.9,One year,DSL,Mailed check,Low Risk (Loyal)
4079-VTGLK,No,0.13695175910841115,30,74.85,Two year,DSL,Electronic check,Low Risk (Loyal)
5837-LXSDN,No,0.13668918307641426,21,58.85,One year,DSL,Credit card (automatic),Low Risk (Loyal)
1950-KSVVJ,No,0.13665020457245766,45,113.3,One year,Fiber optic,Mailed check,Low Risk (Loyal)
3865-YIOTT,No,0.13650408350470486,72,106.1,One year,Fiber optic,Bank transfer (automatic),Low Risk (Loyal)
9146-JRIOX,No,0.13645758580004438,14,25.55,Month-to-month,No,Mailed check,Low Risk (Loyal)
1237-WIYYZ,No,0.13641871742885694,18,19.55,Month-to-month,No,Mailed check,Low Risk (Loyal)
8268-YDIXR,No,0.1363126641477829,56,93.15,One year,Fiber optic,Electronic check,Low Risk (Loyal)
0696-UKTOX,No,0.13616620182594327,23,54.15,Month-to-month,DSL,Electronic check,Low Risk (Loyal)
1159-WFSGR,No,0.13604449945942768,16,20.4,Month-to-month,No,Electronic check,Low Risk (Loyal)
2530-FMFXO,No,0.13603140718141601,56,103.2,Two year,Fiber optic,Electronic check,Low Risk (Loyal)
5566-SOEZD,No,0.135941387122702,27,80.65,One year,Fiber optic,Credit card (automatic),Low Risk (Loyal)
2696-ECXKC,No,0.13562181735499515,55,100.9,One year,Fiber optic,Mailed check,Low Risk (Loyal)
4402-FTBXC,No,0.13554446564522496,54,89.8,Month-to-month,Fiber optic,Mailed check,Low Risk (Loyal)
5396-IZEPB,No,0.13547660415671783,9,19.7,Month-to-month,No,Credit card (automatic),Low Risk (Loyal)
1852-XEMDW,No,0.13546176053147588,22,65.05,Month-to-month,DSL,Mailed check,Low Risk (Loyal)
6156-UZDLF,No,0.13522660720311935,26,87.15,One year,Fiber optic,Credit card (automatic),Low Risk (Loyal)
0396-UKGAI,No,0.13506612389074685,23,55.3,Month-to-month,DSL,Bank transfer (automatic),Low Risk (Loyal)
4075-WKNIU,No,0.13498142995352427,0,73.35,Two year,DSL,Mailed check,Low Risk (Loyal)
8963-MQVYN,No,0.13490309443738627,22,20.55,Month-to-month,No,Electronic check,Low Risk (Loyal)
4694-PHWFW,No,0.13480539924057103,8,19.95,Month-to-month,No,Mailed check,Low Risk (Loyal)
1376-HHBDV,No,0.13473947076220616,30,48.8,Month-to-month,DSL,Mailed check,Low Risk (Loyal)
2882-DDZPG,No,0.1346982805764707,12,19.45,Month-to-month,No,Bank transfer (automatic),Low Risk (Loyal)
3128-YOVTD,No,0.13457780585494056,51,79.15,Month-to-month,Fiber optic,Bank transfer (automatic),Low Risk (Loyal)
2851-MMUTZ,No,0.13446705167838666,27,56.15,Month-to-month,DSL,Mailed check,Low Risk (Loyal)
2717-HVIZY,No,0.13444291870927427,8,20.05,Month-to-month,No,Mailed check,Low Risk (Loyal)
1140-UKVZG,No,0.13418718361298743,17,24.8,Month-to-month,No,Mailed check,Low Risk (Loyal)
5478-JJVZK,No,0.13413357793737998,33,60.9,Month-to-month,DSL,Mailed check,Low Risk (Loyal)
1304-SEGFY,No,0.13412102470646708,72,97.85,Two year,Fiber optic,Electronic check,Low Risk (Loyal)
5176-LDKUH,No,0.13407806316287543,48,75.15,One year,Fiber optic,Electronic check,Low Risk (Loyal)
9495-REDIY,No,0.13404552586641572,25,40.65,One year,DSL,Credit card (automatic),Low Risk (Loyal)
8561-NMTBD,No,0.13402247681697987,67,112.35,One year,Fiber optic,Credit card (automatic),Low Risk (Loyal)
7879-CGSFV,No,0.13390203582771582,55,100.9,One year,Fiber optic,Mailed check,Low Risk (Loyal)
0297-RBCSG,No,0.1336673619850927,19,65.35,One year,DSL,Bank transfer (automatic),Low Risk (Loyal)
6994-FGRHH,No,0.13357175449097622,70,106.15,One year,Fiber optic,Electronic check,Low Risk (Loyal)
0787-LHDYT,No,0.133412419432948,16,20.6,Month-to-month,No,Credit card (automatic),Low Risk (Loyal)
5084-OOVCJ,No,0.13324850184076503,17,55.35,Month-to-month,DSL,Credit card (automatic),Low Risk (Loyal)
4801-KFYKL,No,0.13306722804105375,8,19.45,Month-to-month,No,Bank transfer (automatic),Low Risk (Loyal)
6035-RIIOM,No,0.13273132146903058,54,97.2,Two year,Fiber optic,Bank transfer (automatic),Low Risk (Loyal)
5151-HQRDG,No,0.1327209321716069,37,55.05,Month-to-month,DSL,Mailed check,Low Risk (Loyal)
0931-MHTEM,No,0.13260750296582258,54,100.05,One year,Fiber optic,Credit card (automatic),Low Risk (Loyal)
9609-BENEA,No,0.1325969399176684,35,69.0,One year,DSL,Electronic check,Low Risk (Loyal)
2023-VQFDL,No,0.13254014025295505,18,19.0,Month-to-month,No,Electronic check,Low Risk (Loyal)
1045-LTCYT,No,0.13225093984305,8,21.05,Month-to-month,No,Credit card (automatic),Low Risk (Loyal)
2931-XIQBR,No,0.1316184595425981,50,103.05,One year,Fiber optic,Mailed check,Low Risk (Loyal)
7228-PAQPD,No,0.13160656116306957,14,59.1,One year,DSL,Credit card (automatic),Low Risk (Loyal)
6674-KVJHG,No,0.13159002212205298,11,25.2,One year,No,Electronic check,Low Risk (Loyal)
8929-KSWIH,No,0.1315350750511648,25,99.3,Two year,Fiber optic,Bank transfer (automatic),Low Risk (Loyal)
3750-RNQKR,No,0.1313457160866724,12,19.45,Month-to-month,No,Mailed check,Low Risk (Loyal)
8224-IVVPA,No,0.1312910485551536,27,56.7,Month-to-month,DSL,Mailed check,Low Risk (Loyal)
9115-YQHGA,No,0.1312578764822606,40,51.1,Month-to-month,DSL,Electronic check,Low Risk (Loyal)
0699-NDKJM,No,0.13118230861602714,57,58.75,Month-to-month,DSL,Bank transfer (automatic),Low Risk (Loyal)
6732-FZUGP,No,0.13114898163569008,47,94.9,One year,Fiber optic,Credit card (automatic),Low Risk (Loyal)
6648-INWPS,No,0.13105117848984094,16,20.15,Month-to-month,No,Electronic check,Low Risk (Loyal)
5966-EMAZU,No,0.13098327788074074,64,108.5,One year,Fiber optic,Mailed check,Low Risk (Loyal)
2805-EDJPQ,No,0.1309462407806284,56,99.75,One year,Fiber optic,Credit card (automatic),Low Risk (Loyal)
1539-LNKHM,No,0.13082971758572653,12,20.4,Month-to-month,No,Mailed check,Low Risk (Loyal)
3181-MIZBN,No,0.13065307217128283,16,19.75,Month-to-month,No,Electronic check,Low Risk (Loyal)
9504-DSHWM,No,0.13045475391811326,20,59.2,Month-to-month,DSL,Bank transfer (automatic),Low Risk (Loyal)
6838-HVLXG,No,0.13032135254303792,12,20.3,Month-to-month,No,Mailed check,Low Risk (Loyal)
9591-YVTEB,No,0.13026786442932897,55,44.85,Month-to-month,DSL,Electronic check,Low Risk (Loyal)
1563-IWQEX,No,0.1302188249550414,12,19.7,Month-to-month,No,Mailed check,Low Risk (Loyal)
5533-RJFTJ,No,0.13004494011842796,49,30.2,Month-to-month,DSL,Bank transfer (automatic),Low Risk (Loyal)
2428-ZMCTB,No,0.13000069521918584,10,19.75,Month-to-month,No,Credit card (automatic),Low Risk (Loyal)
9367-TCUYN,No,0.1298351923438011,12,20.1,Month-to-month,No,Mailed check,Low Risk (Loyal)
9932-WBWIK,No,0.12964289379957114,11,20.35,Month-to-month,No,Mailed check,Low Risk (Loyal)
2371-JUNGC,No,0.12953592284486282,11,20.25,Month-to-month,No,Mailed check,Low Risk (Loyal)
7013-PSXHK,No,0.1294189060340958,40,80.75,One year,DSL,Mailed check,Low Risk (Loyal)
0380-ZCSBI,No,0.1293966878661917,10,20.0,Month-to-month,No,Credit card (automatic),Low Risk (Loyal)
9092-GDZKO,No,0.12923775813206262,22,24.85,Month-to-month,No,Credit card (automatic),Low Risk (Loyal)
2452-SNHFZ,No,0.12914590455110972,47,75.45,Month-to-month,Fiber optic,Credit card (automatic),Low Risk (Loyal)
7964-ZRKKG,No,0.12908960269745587,67,88.4,One year,Fiber optic,Bank transfer (automatic),Low Risk (Loyal)
2466-NEJOJ,No,0.1290710945586224,8,19.65,Month-to-month,No,Credit card (automatic),Low Risk (Loyal)
2294-DMMUS,No,0.1290149279775659,62,70.45,Month-to-month,DSL,Credit card (automatic),Low Risk (Loyal)
7516-GMHUV,No,0.1290086119616219,50,105.05,Two year,Fiber optic,Credit card (automatic),Low Risk (Loyal)
7080-TNUWP,No,0.12878495117088354,70,95.0,One year,Fiber optic,Bank transfer (automatic),Low Risk (Loyal)
3642-GKTCT,No,0.12872845714875086,61,115.1,One year,Fiber optic,Mailed check,Low Risk (Loyal)
4525-VZCZG,No,0.12871594949741103,54,105.85,One year,Fiber optic,Electronic check,Low Risk (Loyal)
1850-AKQEP,No,0.12868298574242618,8,20.35,Month-to-month,No,Mailed check,Low Risk (Loyal)
4830-FAXFM,No,0.12863131818180498,19,24.1,Month-to-month,No,Credit card (automatic),Low Risk (Loyal)
3318-ISQFQ,No,0.1286078779702305,20,19.5,Month-to-month,No,Bank transfer (automatic),Low Risk (Loyal)
1679-JRFBR,No,0.12843294223412266,70,108.15,One year,Fiber optic,Credit card (automatic),Low Risk (Loyal)
8671-KKKOS,No,0.1281404144292919,46,45.55,Month-to-month,DSL,Electronic check,Low Risk (Loyal)
8947-YRTDV,No,0.12798003376332595,32,94.8,One year,Fiber optic,Mailed check,Low Risk (Loyal)
1353-GHZOS,No,0.12795587952426887,22,59.75,One year,DSL,Bank transfer (automatic),Low Risk (Loyal)
4422-QVIJA,No,0.12791719497186035,35,50.15,Month-to-month,DSL,Mailed check,Low Risk (Loyal)
0487-RPVUM,No,0.1278655958523451,61,99.4,Month-to-month,Fiber optic,Bank transfer (automatic),Low Risk (Loyal)
8591-NXRCV,No,0.12771386612141014,41,74.65,Month-to-month,DSL,Bank transfer (automatic),Low Risk (Loyal)
1925-LFCZZ,No,0.127266307551794,55,50.05,One year,DSL,Bank transfer (automatic),Low Risk (Loyal)
6873-UDNLD,No,0.1272060231643434,40,67.45,Month-to-month,DSL,Electronic check,Low Risk (Loyal)
6092-QZVPP,No,0.1269066118886892,36,79.2,Month-to-month,DSL,Credit card (automatic),Low Risk (Loyal)
8910-ICHIU,No,0.12666840795829865,46,95.65,One year,Fiber optic,Credit card (automatic),Low Risk (Loyal)
9839-ETQOE,No,0.12621094035572156,43,40.45,Month-to-month,DSL,Electronic check,Low Risk (Loyal)
6778-EICRF,No,0.12613645612633123,24,74.8,One year,DSL,Mailed check,Low Risk (Loyal)
8904-OPDCK,No,0.12613083401342856,54,24.95,Month-to-month,DSL,Bank transfer (automatic),Low Risk (Loyal)
5996-NRVXR,No,0.12602394263069328,40,98.15,One year,Fiber optic,Credit card (automatic),Low Risk (Loyal)
8845-LWKGE,No,0.12596598207755288,30,64.5,One year,DSL,Electronic check,Low Risk (Loyal)
0743-HRVFF,No,0.12555335451583363,51,56.15,One year,DSL,Electronic check,Low Risk (Loyal)
9546-KDTRB,No,0.12552593386156813,19,24.7,Month-to-month,No,Bank transfer (automatic),Low Risk (Loyal)
5740-YHGTW,No,0.1254906589478402,70,97.55,Month-to-month,Fiber optic,Credit card (automatic),Low Risk (Loyal)
5913-INRQV,No,0.12548991460162673,34,90.15,One year,Fiber optic,Mailed check,Low Risk (Loyal)
3865-ZYKAD,No,0.12542780226392744,69,84.9,Month-to-month,Fiber optic,Credit card (automatic),Low Risk (Loyal)
5709-LVOEQ,No,0.12531142676392487,0,80.85,Two year,DSL,Mailed check,Low Risk (Loyal)
8865-TNMNX,No,0.125247268089616,10,49.55,One year,DSL,Mailed check,Low Risk (Loyal)
4002-BQWPQ,No,0.12514215541925883,25,81.75,Month-to-month,DSL,Bank transfer (automatic),Low Risk (Loyal)
1346-PJWTK,No,0.12492821915996226,61,94.15,Month-to-month,Fiber optic,Credit card (automatic),Low Risk (Loyal)
4353-HYOJD,No,0.12492810181438176,27,49.85,Month-to-month,DSL,Mailed check,Low Risk (Loyal)
4713-ZBURT,No,0.12485667417150642,45,99.7,Two year,Fiber optic,Bank transfer (automatic),Low Risk (Loyal)
9522-ZSINC,No,0.12481285523857849,13,19.95,One year,No,Electronic check,Low Risk (Loyal)
8942-DBMHZ,No,0.12469205158803365,12,20.45,Month-to-month,No,Mailed check,Low Risk (Loyal)
5353-WILCI,No,0.12452885067646824,28,56.05,Month-to-month,DSL,Electronic check,Low Risk (Loyal)
9633-DENPU,No,0.12450429303341864,47,58.6,Month-to-month,DSL,Bank transfer (automatic),Low Risk (Loyal)
0142-GVYSN,No,0.12435242323674667,26,20.3,Month-to-month,No,Electronic check,Low Risk (Loyal)
2001-EWBQU,No,0.12423850629608012,60,104.7,Two year,Fiber optic,Electronic check,Low Risk (Loyal)
6749-UTDVX,No,0.12418084853091556,72,103.65,Two year,Fiber optic,Electronic check,Low Risk (Loyal)
3126-WQMGH,No,0.12413226626755663,49,52.15,Month-to-month,DSL,Credit card (automatic),Low Risk (Loyal)
5240-CAOYT,No,0.123912055536054,57,87.55,Month-to-month,Fiber optic,Bank transfer (automatic),Low Risk (Loyal)
4054-CUMIA,No,0.12375305318944835,18,20.25,Month-to-month,No,Mailed check,Low Risk (Loyal)
0665-XHDJU,No,0.12362380296718922,72,99.4,Two year,Fiber optic,Electronic check,Low Risk (Loyal)
1371-WEPDS,No,0.12359418722315509,40,55.8,One year,DSL,Electronic check,Low Risk (Loyal)
2294-SALNE,No,0.12349538171744359,23,86.8,One year,Fiber optic,Mailed check,Low Risk (Loyal)
2019-HDCZY,No,0.12345041405656043,63,102.6,Two year,Fiber optic,Electronic check,Low Risk (Loyal)
0136-IFMYD,No,0.1234380483559022,69,109.95,Two year,Fiber optic,Electronic check,Low Risk (Loyal)
8008-ESFLK,No,0.12323703129861371,53,110.5,One year,Fiber optic,Electronic check,Low Risk (Loyal)
0489-WMEMG,No,0.12306697269507147,23,49.45,One year,DSL,Electronic check,Low Risk (Loyal)
6933-VLYFX,No,0.12303228445371595,31,59.95,One year,DSL,Electronic check,Low Risk (Loyal)
3680-CTHUH,No,0.12287087830916876,60,116.6,One year,Fiber optic,Credit card (automatic),Low Risk (Loyal)
8735-NBLWT,No,0.12277527902521909,9,20.4,Month-to-month,No,Mailed check,Low Risk (Loyal)
5651-CRHKQ,No,0.12274753809022566,41,86.2,One year,Fiber optic,Bank transfer (automatic),Low Risk (Loyal)
3070-BDOQC,No,0.12272949036588339,60,99.65,Two year,Fiber optic,Electronic check,Low Risk (Loyal)
2450-ZKEED,No,0.12243284946044597,11,53.8,One year,DSL,Bank transfer (automatic),Low Risk (Loyal)
4063-EIKNQ,No,0.12241727639415034,11,20.95,Month-to-month,No,Bank transfer (automatic),Low Risk (Loyal)
9114-VEPUF,No,0.12232562103959083,62,96.1,One year,Fiber optic,Electronic check,Low Risk (Loyal)
6840-RESVB,No,0.12212273090569989,24,84.8,One year,DSL,Mailed check,Low Risk (Loyal)
2495-TTHBQ,No,0.12185909101654935,4,20.4,One year,No,Mailed check,Low Risk (Loyal)
0208-BPQEJ,No,0.12177631039479007,12,19.4,Month-to-month,No,Bank transfer (automatic),Low Risk (Loyal)
7940-UQQUG,No,0.12160438825186974,64,104.4,One year,Fiber optic,Bank transfer (automatic),Low Risk (Loyal)
8100-HZZLJ,No,0.12152430304456026,43,63.95,Month-to-month,DSL,Electronic check,Low Risk (Loyal)
2926-JEJJC,No,0.12140609340416485,8,20.2,One year,No,Bank transfer (automatic),Low Risk (Loyal)
1347-KTTTA,No,0.12121297265469788,64,102.45,One year,Fiber optic,Credit card (automatic),Low Risk (Loyal)
6368-NWMCE,No,0.12105065825755808,38,68.15,Month-to-month,DSL,Credit card (automatic),Low Risk (Loyal)
8894-JVDCV,No,0.12094869659731236,62,115.05,One year,Fiber optic,Credit card (automatic),Low Risk (Loyal)
5808-TOTXO,No,0.12073252085225253,3,20.55,One year,No,Credit card (automatic),Low Risk (Loyal)
1371-DWPAZ,No,0.12064905370749587,0,56.05,Two year,DSL,Credit card (automatic),Low Risk (Loyal)
9575-IWCAZ,No,0.12061408998512924,6,25.1,One year,No,Mailed check,Low Risk (Loyal)
0345-XMMUG,No,0.12051236762549997,46,108.9,Two year,Fiber optic,Credit card (automatic),Low Risk (Loyal)
3528-HFRIQ,No,0.12046174172333168,71,52.3,Month-to-month,DSL,Bank transfer (automatic),Low Risk (Loyal)
0098-BOWSO,No,0.12007499024853521,27,19.4,Month-to-month,No,Electronic check,Low Risk (Loyal)
9357-UJRUN,No,0.12002387006480424,24,58.35,One year,DSL,Electronic check,Low Risk (Loyal)
2277-BKJKN,No,0.11981743897521689,71,99.2,Two year,Fiber optic,Electronic check,Low Risk (Loyal)
2801-NISEI,No,0.11964947916990074,24,54.95,Month-to-month,DSL,Electronic check,Low Risk (Loyal)
1131-SUEKT,No,0.11963928764207785,61,98.45,One year,Fiber optic,Bank transfer (automatic),Low Risk (Loyal)
9498-FIMXL,No,0.11952944401932952,8,19.2,One year,No,Mailed check,Low Risk (Loyal)
4429-WYGFR,No,0.11949575935220975,26,49.15,Month-to-month,DSL,Bank transfer (automatic),Low Risk (Loyal)
2001-MCUUW,No,0.11945122507613569,46,108.65,Two year,Fiber optic,Electronic check,Low Risk (Loyal)
7531-GQHME,No,0.11944859599474578,12,20.05,Month-to-month,No,Credit card (automatic),Low Risk (Loyal)
8847-GEOOQ,No,0.11920222704880777,60,60.2,Month-to-month,DSL,Bank transfer (automatic),Low Risk (Loyal)
2690-DVRVK,No,0.11913565260803421,5,20.55,One year,No,Electronic check,Low Risk (Loyal)
6333-YDVLT,No,0.11902096065628766,65,110.0,One year,Fiber optic,Credit card (automatic),Low Risk (Loyal)
0516-QREYC,No,0.1190106497077648,24,20.3,Month-to-month,No,Mailed check,Low Risk (Loyal)
7148-XZPHA,No,0.11896088696831596,55,79.4,Month-to-month,Fiber optic,Electronic check,Low Risk (Loyal)
4770-QAZXN,No,0.11880103636931481,13,19.45,Month-to-month,No,Credit card (automatic),Low Risk (Loyal)
5294-IMHHT,No,0.1187478995194252,53,97.75,One year,Fiber optic,Bank transfer (automatic),Low Risk (Loyal)
6837-HAEVO,No,0.11859269236930624,69,105.0,Two year,Fiber optic,Electronic check,Low Risk (Loyal)
4654-GGUII,No,0.1184868517659286,18,40.2,One year,DSL,Mailed check,Low Risk (Loyal)
0080-EMYVY,No,0.11823809293542796,14,51.45,One year,DSL,Credit card (automatic),Low Risk (Loyal)
4742-DRORA,No,0.11821012827949524,60,95.4,One year,Fiber optic,Bank transfer (automatic),Low Risk (Loyal)
1121-QSIVB,No,0.11799819647700341,44,77.55,One year,DSL,Mailed check,Low Risk (Loyal)
1095-WGNGG,No,0.11793936507193045,61,101.05,Two year,Fiber optic,Bank transfer (automatic),Low Risk (Loyal)
0440-UEDAI,No,0.11782491388040468,53,94.45,One year,Fiber optic,Credit card (automatic),Low Risk (Loyal)
0815-MFZGM,No,0.11781398334398634,42,99.0,Two year,Fiber optic,Credit card (automatic),Low Risk (Loyal)
4623-ZKHLY,No,0.11778559144180581,22,20.45,Month-to-month,No,Bank transfer (automatic),Low Risk (Loyal)
2202-OUTMO,No,0.11764107131368173,34,60.85,Month-to-month,DSL,Bank transfer (automatic),Low Risk (Loyal)
3391-JSQEW,No,0.11760810940031363,40,50.15,Month-to-month,DSL,Mailed check,Low Risk (Loyal)
5025-GOOKI,No,0.11758742536678424,20,18.9,Month-to-month,No,Credit card (automatic),Low Risk (Loyal)
3038-PQIUY,No,0.11749025630886055,38,66.15,Month-to-month,DSL,Bank transfer (automatic),Low Risk (Loyal)
0218-QNVAS,No,0.11722935361288842,71,100.55,One year,Fiber optic,Bank transfer (automatic),Low Risk (Loyal)
8318-LCNBW,No,0.11718461591929963,35,53.15,One year,DSL,Credit card (automatic),Low Risk (Loyal)
2796-UUZZO,No,0.11712061121534449,63,80.3,Month-to-month,Fiber optic,Credit card (automatic),Low Risk (Loyal)
8401-EMUWF,No,0.117060102106197,42,69.4,Month-to-month,DSL,Bank transfer (automatic),Low Risk (Loyal)
5730-RIITO,No,0.11698135386035083,43,33.45,Month-to-month,DSL,Credit card (automatic),Low Risk (Loyal)
0750-EBAIU,No,0.11697251027419663,52,91.25,One year,Fiber optic,Electronic check,Low Risk (Loyal)
7217-JYHOQ,No,0.11694528216997808,24,70.3,Month-to-month,DSL,Credit card (automatic),Low Risk (Loyal)
2558-BUOZZ,No,0.11686670017032726,47,94.8,One year,Fiber optic,Bank transfer (automatic),Low Risk (Loyal)
3256-EZDBI,No,0.11656446079902957,51,29.45,Month-to-month,DSL,Credit card (automatic),Low Risk (Loyal)
0516-UXRMT,No,0.11651825788902893,62,92.05,One year,Fiber optic,Electronic check,Low Risk (Loyal)
1428-IEDPR,No,0.11648951605867182,52,109.3,Two year,Fiber optic,Electronic check,Low Risk (Loyal)
7432-FFVAR,No,0.11642081322092832,46,90.95,One year,Fiber optic,Bank transfer (automatic),Low Risk (Loyal)
7184-LRUUR,No,0.11604755520098421,22,65.25,One year,DSL,Bank transfer (automatic),Low Risk (Loyal)
8984-EYLLL,No,0.11604105992206808,64,105.25,Two year,Fiber optic,Electronic check,Low Risk (Loyal)
0975-UYDTX,No,0.11580607984092117,26,90.1,One year,DSL,Credit card (automatic),Low Risk (Loyal)
9107-UKCKY,No,0.1157825731342969,61,79.8,One year,DSL,Electronic check,Low Risk (Loyal)
2316-ESMLS,No,0.11577826065068723,12,33.15,One year,DSL,Credit card (automatic),Low Risk (Loyal)
5056-FIMPT,No,0.11562406993645527,43,106.0,One year,Fiber optic,Credit card (automatic),Low Risk (Loyal)
6036-TTFYU,No,0.11546398704286127,16,19.6,Month-to-month,No,Mailed check,Low Risk (Loyal)
4712-UYOOI,No,0.1154463632167856,20,20.0,Month-to-month,No,Electronic check,Low Risk (Loyal)
0347-UBKUZ,No,0.11533038619991852,15,19.9,Month-to-month,No,Mailed check,Low Risk (Loyal)
6865-JZNKO,No,0.1152156735576825,30,55.3,Month-to-month,DSL,Bank transfer (automatic),Low Risk (Loyal)
6040-CGACY,No,0.11506030870624238,15,19.6,Month-to-month,No,Mailed check,Low Risk (Loyal)
7572-KPVKK,No,0.11500406490618387,62,104.05,Two year,Fiber optic,Electronic check,Low Risk (Loyal)
8017-UVSZU,No,0.1149495582619819,40,56.6,Month-to-month,DSL,Credit card (automatic),Low Risk (Loyal)
8133-ANHHJ,No,0.11489958994912645,49,103.0,One year,Fiber optic,Bank transfer (automatic),Low Risk (Loyal)
7998-ZLXWN,No,0.11486292223191397,15,20.45,Month-to-month,No,Credit card (automatic),Low Risk (Loyal)
3428-MMGUB,No,0.11480586231859904,60,89.55,Two year,Fiber optic,Electronic check,Low Risk (Loyal)
3387-PLKUI,No,0.11471303814465073,13,18.8,Month-to-month,No,Mailed check,Low Risk (Loyal)
3061-BCKYI,No,0.11462550487553856,14,19.9,Month-to-month,No,Mailed check,Low Risk (Loyal)
9139-TWBAS,No,0.11459871571423563,26,47.85,One year,DSL,Bank transfer (automatic),Low Risk (Loyal)
9867-NNXLC,No,0.11435212474964382,22,20.05,Month-to-month,No,Mailed check,Low Risk (Loyal)
9480-BQJEI,No,0.11418187421797797,62,92.3,One year,Fiber optic,Bank transfer (automatic),Low Risk (Loyal)
0308-GIQJT,No,0.1141179940817322,71,105.75,One year,Fiber optic,Bank transfer (automatic),Low Risk (Loyal)
4531-AUZNK,No,0.11410529435878056,51,95.15,One year,Fiber optic,Mailed check,Low Risk (Loyal)
6870-ECSHE,No,0.11397854531506842,2,20.45,One year,No,Mailed check,Low Risk (Loyal)
7803-XOCCZ,No,0.11397096921462743,52,84.05,Month-to-month,Fiber optic,Bank transfer (automatic),Low Risk (Loyal)
7954-MLBUN,No,0.11395190222647893,31,99.45,Two year,Fiber optic,Bank transfer (automatic),Low Risk (Loyal)
7446-KQISO,No,0.11378861494208216,45,109.75,Two year,Fiber optic,Bank transfer (automatic),Low Risk (Loyal)
6476-EPYZR,No,0.11332219616712576,12,20.5,Month-to-month,No,Mailed check,Low Risk (Loyal)
3623-FQBOX,No,0.11328059435684197,21,19.95,Month-to-month,No,Mailed check,Low Risk (Loyal)
8189-DUKMV,No,0.11308912883949673,4,20.5,One year,No,Bank transfer (automatic),Low Risk (Loyal)
2931-VUVJN,No,0.11282774651275113,59,94.05,One year,Fiber optic,Electronic check,Low Risk (Loyal)
9143-CANJF,No,0.11279446921012433,24,55.15,Month-to-month,DSL,Electronic check,Low Risk (Loyal)
9060-HJJRW,No,0.1126636722257456,51,56.4,One year,DSL,Credit card (automatic),Low Risk (Loyal)
6319-QSUSR,No,0.11264389068856921,11,19.7,Month-to-month,No,Credit card (automatic),Low Risk (Loyal)
4829-ZLJTK,No,0.11249719275705276,72,112.4,Two year,Fiber optic,Electronic check,Low Risk (Loyal)
6784-XYJAE,No,0.11233687406502062,36,55.8,One year,DSL,Electronic check,Low Risk (Loyal)
8204-TIFGJ,No,0.11204527726603422,23,20.3,Month-to-month,No,Bank transfer (automatic),Low Risk (Loyal)
6103-LIANB,No,0.11191363468702856,59,99.5,Two year,Fiber optic,Credit card (automatic),Low Risk (Loyal)
8457-XIGKN,No,0.11184446087640877,20,19.6,Month-to-month,No,Credit card (automatic),Low Risk (Loyal)
0895-UADGO,No,0.11139094200241205,8,44.55,Two year,DSL,Mailed check,Low Risk (Loyal)
4903-CNOZC,No,0.11131749079044685,29,70.9,One year,DSL,Credit card (automatic),Low Risk (Loyal)
0864-FVJNJ,No,0.11122887390761366,64,113.35,One year,Fiber optic,Electronic check,Low Risk (Loyal)
6655-LHBYW,No,0.11120417958953814,50,114.35,One year,Fiber optic,Credit card (automatic),Low Risk (Loyal)
0076-LVEPS,No,0.11112674902713245,29,45.0,Month-to-month,DSL,Mailed check,Low Risk (Loyal)
8815-LMFLX,No,0.11100304857382684,25,25.4,Month-to-month,No,Bank transfer (automatic),Low Risk (Loyal)
2812-ENYMO,No,0.110996372166969,26,54.55,One year,DSL,Credit card (automatic),Low Risk (Loyal)
7820-ZYGNY,No,0.1108730768421506,63,90.45,One year,Fiber optic,Credit card (automatic),Low Risk (Loyal)
5985-TBABQ,No,0.11060897673255418,32,74.75,One year,DSL,Mailed check,Low Risk (Loyal)
9896-UYMIE,No,0.1105114491847224,66,114.3,One year,Fiber optic,Bank transfer (automatic),Low Risk (Loyal)
5921-NGYRH,No,0.11047301975203776,64,73.55,Month-to-month,Fiber optic,Mailed check,Low Risk (Loyal)
6933-FHBZC,No,0.11028384901678075,26,56.05,One year,DSL,Mailed check,Low Risk (Loyal)
1226-JZNKR,No,0.11022626191154802,8,19.8,One year,No,Electronic check,Low Risk (Loyal)
4827-LTQRJ,No,0.11020423783209905,66,110.6,One year,Fiber optic,Credit card (automatic),Low Risk (Loyal)
8138-EALND,No,0.11010384788795011,15,19.75,Month-to-month,No,Mailed check,Low Risk (Loyal)
4726-DLWQN,No,0.11009548273112732,50,70.35,Month-to-month,DSL,Bank transfer (automatic),Low Risk (Loyal)
9786-IJYDL,No,0.10990400623472801,35,113.2,Two year,Fiber optic,Mailed check,Low Risk (Loyal)
4881-GQJTW,No,0.10982588132050569,14,19.6,Month-to-month,No,Credit card (automatic),Low Risk (Loyal)
4393-OBCRR,No,0.10976454380670662,3,20.25,One year,No,Mailed check,Low Risk (Loyal)
5173-ZXXXL,No,0.10976255864444687,2,19.95,One year,No,Mailed check,Low Risk (Loyal)
4504-YOULA,No,0.1096736751557198,35,59.45,Month-to-month,DSL,Credit card (automatic),Low Risk (Loyal)
4683-WYDOU,No,0.1096535723225953,62,107.6,Two year,Fiber optic,Bank transfer (automatic),Low Risk (Loyal)
8465-SBRXP,No,0.10958068032049045,38,94.9,Two year,Fiber optic,Bank transfer (automatic),Low Risk (Loyal)
1877-HKBQX,No,0.10952357399855268,11,54.6,One year,DSL,Mailed check,Low Risk (Loyal)
9391-TTOYH,No,0.10950084415146226,23,19.5,Month-to-month,No,Mailed check,Low Risk (Loyal)
6297-NOOPG,No,0.10940638316385778,70,110.5,Two year,Fiber optic,Electronic check,Low Risk (Loyal)
6900-RBKER,No,0.10929429280755694,52,89.45,Two year,Fiber optic,Credit card (automatic),Low Risk (Loyal)
1400-WIVLL,No,0.10925617163869081,57,107.95,Two year,Fiber optic,Electronic check,Low Risk (Loyal)
2519-TWKFS,No,0.10920596911469486,25,55.1,One year,DSL,Mailed check,Low Risk (Loyal)
7605-SNLQG,No,0.10913263317521987,45,50.25,Month-to-month,DSL,Credit card (automatic),Low Risk (Loyal)
7102-JJVTX,No,0.10912563458955313,9,48.6,One year,DSL,Mailed check,Low Risk (Loyal)
9076-AXYIK,No,0.10912474214384908,64,102.1,Two year,Fiber optic,Electronic check,Low Risk (Loyal)
4163-KIUHY,No,0.10903881885984046,35,25.6,Month-to-month,No,Electronic check,Low Risk (Loyal)
4815-TUMEQ,No,0.1090067529016092,10,19.3,One year,No,Mailed check,Low Risk (Loyal)
4119-ZYPZY,No,0.10896986718514365,71,106.8,Two year,Fiber optic,Electronic check,Low Risk (Loyal)
5193-QLVZB,No,0.10894200813890319,63,104.75,Two year,Fiber optic,Bank transfer (automatic),Low Risk (Loyal)
6568-POCUI,No,0.10886073400264462,45,95.2,Two year,Fiber optic,Credit card (automatic),Low Risk (Loyal)
4318-RAJVY,No,0.10883869441618582,10,19.8,One year,No,Mailed check,Low Risk (Loyal)
1984-GPTEH,No,0.10862397043104845,29,25.15,Month-to-month,No,Electronic check,Low Risk (Loyal)
3898-BSJYF,No,0.10839449146330057,10,73.55,One year,DSL,Credit card (automatic),Low Risk (Loyal)
2324-EFHVG,No,0.10822643352888908,64,104.4,Two year,Fiber optic,Bank transfer (automatic),Low Risk (Loyal)
9853-JFZDU,No,0.10796381510927981,35,56.85,Month-to-month,DSL,Electronic check,Low Risk (Loyal)
4116-IQRFR,No,0.10790637608606338,4,24.1,One year,No,Credit card (automatic),Low Risk (Loyal)
3714-XPXBW,No,0.10787442684527172,37,78.9,Month-to-month,DSL,Credit card (automatic),Low Risk (Loyal)
8631-XVRZL,No,0.10786407685371228,9,20.15,One year,No,Mailed check,Low Risk (Loyal)
1163-ONYEY,No,0.1078038111976411,41,74.55,Month-to-month,DSL,Credit card (automatic),Low Risk (Loyal)
5223-UZAVK,No,0.10759577577419667,64,100.3,One year,Fiber optic,Credit card (automatic),Low Risk (Loyal)
0689-DSXGL,No,0.10758339949898518,52,85.8,Month-to-month,Fiber optic,Bank transfer (automatic),Low Risk (Loyal)
5229-DTFYB,No,0.10725547564411649,41,98.8,Two year,Fiber optic,Bank transfer (automatic),Low Risk (Loyal)
4833-QTJNO,No,0.10725421751213184,67,83.85,Month-to-month,Fiber optic,Bank transfer (automatic),Low Risk (Loyal)
3941-XTSKM,No,0.1069630676839097,42,45.1,One year,DSL,Credit card (automatic),Low Risk (Loyal)
0186-CAERR,No,0.10694809252683833,71,116.3,One year,Fiber optic,Bank transfer (automatic),Low Risk (Loyal)
0285-INHLN,No,0.10679332151535632,27,54.75,Month-to-month,DSL,Credit card (automatic),Low Risk (Loyal)
6794-HKIAJ,No,0.10654290023244926,62,90.7,Month-to-month,Fiber optic,Bank transfer (automatic),Low Risk (Loyal)
3733-UOCWF,No,0.10643756777432178,61,85.55,One year,Fiber optic,Bank transfer (automatic),Low Risk (Loyal)
9411-TPQQV,No,0.10640505267447885,40,54.55,One year,DSL,Bank transfer (automatic),Low Risk (Loyal)
5160-UXJED,No,0.10630961446711254,17,44.6,One year,DSL,Mailed check,Low Risk (Loyal)
4011-ARPHK,No,0.10604053382516501,27,50.35,Month-to-month,DSL,Mailed check,Low Risk (Loyal)
7159-NOKYQ,No,0.10589787324108492,67,93.15,Two year,Fiber optic,Electronic check,Low Risk (Loyal)
7566-DSRLQ,No,0.1058684708749484,72,110.15,Two year,Fiber optic,Electronic check,Low Risk (Loyal)
4282-MSACW,No,0.10578757293921837,68,117.2,One year,Fiber optic,Credit card (automatic),Low Risk (Loyal)
9013-AQORL,No,0.10564618763405195,48,45.55,Month-to-month,DSL,Credit card (automatic),Low Risk (Loyal)
5815-HGGHV,No,0.10562925300424342,20,64.15,One year,DSL,Mailed check,Low Risk (Loyal)
2958-NHPPS,No,0.10552659459593347,23,20.85,Month-to-month,No,Electronic check,Low Risk (Loyal)
0557-ASKVU,No,0.10536666478734157,18,54.4,One year,DSL,Credit card (automatic),Low Risk (Loyal)
5120-ZBLAI,No,0.10532292243636358,50,75.7,One year,DSL,Bank transfer (automatic),Low Risk (Loyal)
6837-BJYDQ,No,0.10523905067241644,3,19.6,One year,No,Mailed check,Low Risk (Loyal)
5829-NVSQN,No,0.10523298744472441,23,68.75,One year,DSL,Bank transfer (automatic),Low Risk (Loyal)
9128-CPXKI,No,0.10507288818075841,59,95.8,Two year,Fiber optic,Electronic check,Low Risk (Loyal)
2967-MXRAV,No,0.10506473517143154,1,18.8,One year,No,Mailed check,Low Risk (Loyal)
3096-WPXBT,No,0.10496584105898457,61,100.7,One year,Fiber optic,Credit card (automatic),Low Risk (Loyal)
1442-OKRJE,No,0.10469561234660076,66,103.15,One year,Fiber optic,Bank transfer (automatic),Low Risk (Loyal)
2775-SEFEE,No,0.10458354573210636,0,61.9,Two year,DSL,Bank transfer (automatic),Low Risk (Loyal)
4423-JWZJN,No,0.10454122600376399,64,90.25,One year,Fiber optic,Credit card (automatic),Low Risk (Loyal)
1729-VLAZJ,No,0.10440528004298824,10,40.25,One year,DSL,Mailed check,Low Risk (Loyal)
6035-BXTTY,No,0.10440160471260895,32,54.65,Month-to-month,DSL,Bank transfer (automatic),Low Risk (Loyal)
0835-JKADZ,No,0.10439456069539847,71,111.25,Two year,Fiber optic,Electronic check,Low Risk (Loyal)
9770-KXGQU,No,0.1043196983746074,53,98.6,One year,Fiber optic,Mailed check,Low Risk (Loyal)
4389-UEFCZ,No,0.10430912667450745,72,105.5,Two year,Fiber optic,Electronic check,Low Risk (Loyal)
4003-OCTMP,No,0.10425207827862594,31,64.0,One year,DSL,Electronic check,Low Risk (Loyal)
5562-BETPV,No,0.10423116516169642,1,19.65,One year,No,Mailed check,Low Risk (Loyal)
5360-LJCNJ,No,0.10399529507576007,71,105.15,Two year,Fiber optic,Bank transfer (automatic),Low Risk (Loyal)
5619-PTMIK,No,0.10395064175335204,46,53.1,Month-to-month,DSL,Electronic check,Low Risk (Loyal)
8034-RYTVV,No,0.1038236267781903,55,84.25,One year,Fiber optic,Credit card (automatic),Low Risk (Loyal)
3209-ZPKFI,No,0.10379927809109478,47,54.25,Month-to-month,DSL,Electronic check,Low Risk (Loyal)
4403-BWPAY,No,0.10373413420890244,14,24.8,One year,No,Credit card (automatic),Low Risk (Loyal)
4079-ULGFR,No,0.10366896377813166,16,20.0,Month-to-month,No,Mailed check,Low Risk (Loyal)
8387-UGUSU,No,0.10366642642117929,15,20.05,Month-to-month,No,Mailed check,Low Risk (Loyal)
3571-DPYUH,No,0.10362270667052553,58,94.7,One year,Fiber optic,Credit card (automatic),Low Risk (Loyal)
5384-ZTTWP,No,0.1036217849787186,15,19.8,Month-to-month,No,Mailed check,Low Risk (Loyal)
8610-ZIKJJ,No,0.1035905835262427,2,20.3,One year,No,Mailed check,Low Risk (Loyal)
0795-GMVQO,No,0.10353131880057567,67,109.9,One year,Fiber optic,Credit card (automatic),Low Risk (Loyal)
2239-CFOUJ,No,0.10350052070471012,1,20.4,One year,No,Mailed check,Low Risk (Loyal)
8909-BOLNL,No,0.10339026717129836,3,21.2,One year,No,Mailed check,Low Risk (Loyal)
8220-OCUFY,No,0.10337800045718837,21,60.25,One year,DSL,Electronic check,Low Risk (Loyal)
0536-ACXIP,No,0.10320952464498985,72,109.55,Two year,Fiber optic,Electronic check,Low Risk (Loyal)
1697-BCSHV,No,0.10310471973382672,58,66.8,Month-to-month,DSL,Bank transfer (automatic),Low Risk (Loyal)
3137-NYQQI,No,0.10306641369929374,17,64.8,One year,DSL,Mailed check,Low Risk (Loyal)
2266-SJNAT,No,0.10303834079918138,72,109.15,One year,Fiber optic,Credit card (automatic),Low Risk (Loyal)
7107-UBYKY,No,0.10302659631694701,35,25.75,Month-to-month,No,Electronic check,Low Risk (Loyal)
3729-OWRVL,No,0.10285119623128616,65,110.35,Two year,Fiber optic,Electronic check,Low Risk (Loyal)
3099-OONVS,No,0.10285105132045083,25,54.3,Month-to-month,DSL,Electronic check,Low Risk (Loyal)
6924-TDGMT,No,0.10283820151915304,11,20.55,One year,No,Mailed check,Low Risk (Loyal)
5961-VUSRV,No,0.1027473263304071,12,19.35,One year,No,Bank transfer (automatic),Low Risk (Loyal)
3160-TYXLT,No,0.10270012899073362,53,46.3,Month-to-month,DSL,Bank transfer (automatic),Low Risk (Loyal)
7771-ZONAT,No,0.10269750411883717,22,56.75,Two year,DSL,Bank transfer (automatic),Low Risk (Loyal)
8350-NYMVI,No,0.10233006420099931,39,41.1,Month-to-month,DSL,Bank transfer (automatic),Low Risk (Loyal)
6211-WHMYA,No,0.10231071787322182,64,43.85,Month-to-month,DSL,Electronic check,Low Risk (Loyal)
7740-KKCXF,No,0.1022511352677719,51,30.05,Month-to-month,DSL,Credit card (automatic),Low Risk (Loyal)
0744-GKNGE,No,0.10212129794847269,64,86.8,Month-to-month,Fiber optic,Bank transfer (automatic),Low Risk (Loyal)
1492-QGCLU,No,0.10211405922141391,53,85.7,Month-to-month,DSL,Electronic check,Low Risk (Loyal)
3327-YBAKM,No,0.10210391802130692,64,96.9,One year,Fiber optic,Mailed check,Low Risk (Loyal)
5777-ZPQNC,No,0.10202001120839316,12,20.15,One year,No,Electronic check,Low Risk (Loyal)
6502-KUGLL,No,0.10193619690268516,14,59.45,Month-to-month,DSL,Bank transfer (automatic),Low Risk (Loyal)
9972-NKTFD,No,0.10176422034008308,28,54.65,Month-to-month,DSL,Bank transfer (automatic),Low Risk (Loyal)
5857-XRECV,No,0.10169848388647007,2,20.5,One year,No,Bank transfer (automatic),Low Risk (Loyal)
1057-FOGLZ,No,0.10165078605805998,18,19.65,Month-to-month,No,Mailed check,Low Risk (Loyal)
1730-VFMWO,No,0.10164182485531424,34,50.2,Month-to-month,DSL,Bank transfer (automatic),Low Risk (Loyal)
0547-HURJB,No,0.10163527501330145,12,21.05,Month-to-month,No,Credit card (automatic),Low Risk (Loyal)
6260-XLACS,No,0.1015272715684433,4,19.7,One year,No,Mailed check,Low Risk (Loyal)
6603-QWSPR,No,0.10144134513437332,46,104.4,Two year,Fiber optic,Bank transfer (automatic),Low Risk (Loyal)
5195-KPUNQ,No,0.10129385601720445,53,96.75,One year,Fiber optic,Mailed check,Low Risk (Loyal)
1183-CANVH,No,0.10112791116151144,23,60.0,One year,DSL,Bank transfer (automatic),Low Risk (Loyal)
7105-BENQF,No,0.10111077990017553,15,64.85,One year,DSL,Mailed check,Low Risk (Loyal)
9114-AAFQH,No,0.10107656008154872,48,65.65,One year,DSL,Electronic check,Low Risk (Loyal)
6937-GCDGQ,No,0.10104024226165159,19,48.95,One year,DSL,Bank transfer (automatic),Low Risk (Loyal)
5701-GUXDC,No,0.10100124953554442,26,35.4,One year,DSL,Credit card (automatic),Low Risk (Loyal)
1004-NOZNR,No,0.10098104822153213,56,94.8,One year,Fiber optic,Credit card (automatic),Low Risk (Loyal)
9388-ZEYVT,No,0.10081341706456105,43,44.15,One year,DSL,Electronic check,Low Risk (Loyal)
5539-HIVAK,No,0.10074142297547717,28,25.7,Month-to-month,No,Mailed check,Low Risk (Loyal)
4622-YNKIJ,No,0.10063924020195916,33,88.95,Two year,Fiber optic,Electronic check,Low Risk (Loyal)
2307-FYNNL,No,0.10061042563771165,65,109.05,Two year,Fiber optic,Electronic check,Low Risk (Loyal)
4186-ZBUEW,No,0.10060337074249943,36,70.7,One year,DSL,Mailed check,Low Risk (Loyal)
3552-CTCYF,No,0.10036252018054068,63,104.8,Two year,Fiber optic,Bank transfer (automatic),Low Risk (Loyal)
0723-FDLAY,No,0.10030894454437815,44,85.25,One year,DSL,Bank transfer (automatic),Low Risk (Loyal)
7641-TQFHN,No,0.10026785464651264,39,100.55,Two year,Fiber optic,Mailed check,Low Risk (Loyal)
3537-RYBHH,No,0.10020002657623434,47,67.45,Month-to-month,DSL,Credit card (automatic),Low Risk (Loyal)
3824-RHKVR,No,0.10018168241108051,17,19.7,Month-to-month,No,Credit card (automatic),Low Risk (Loyal)
8402-EIVQS,No,0.10014807769478856,67,100.9,One year,Fiber optic,Credit card (automatic),Low Risk (Loyal)
5619-XZZKR,No,0.10002968729111325,4,19.95,One year,No,Mailed check,Low Risk (Loyal)
9518-IMLHK,No,0.10002781013212683,31,72.45,Month-to-month,DSL,Bank transfer (automatic),Low Risk (Loyal)
5693-PIPCS,No,0.10000970005358989,41,99.65,Two year,Fiber optic,Credit card (automatic),Low Risk (Loyal)
0725-CXOTM,No,0.09983231339649326,36,89.65,One year,DSL,Credit card (automatic),Low Risk (Loyal)
5537-UXXVS,No,0.09975461573522684,20,19.25,Month-to-month,No,Bank transfer (automatic),Low Risk (Loyal)
9754-CLVZW,No,0.09966432119842886,26,38.85,Month-to-month,DSL,Credit card (automatic),Low Risk (Loyal)
1096-ADRUX,No,0.09964232400893624,66,74.25,One year,Fiber optic,Bank transfer (automatic),Low Risk (Loyal)
9513-DXHDA,No,0.09959041930970847,27,81.7,One year,DSL,Electronic check,Low Risk (Loyal)
8573-CGOCC,No,0.09929225355720689,16,19.75,Month-to-month,No,Credit card (automatic),Low Risk (Loyal)
2096-XOTMO,No,0.0991522920933772,16,19.35,Month-to-month,No,Mailed check,Low Risk (Loyal)
1530-ZTDOZ,No,0.09908590766123129,49,40.65,Month-to-month,DSL,Bank transfer (automatic),Low Risk (Loyal)
4697-LUPSU,No,0.09907980978667942,2,20.2,One year,No,Mailed check,Low Risk (Loyal)
9031-ZVQPT,No,0.0990118234595756,72,108.2,Two year,Fiber optic,Electronic check,Low Risk (Loyal)
1064-FBXNK,No,0.09892608309020698,1,19.85,One year,No,Credit card (automatic),Low Risk (Loyal)
3190-FZATL,No,0.09870781058396856,14,19.95,Month-to-month,No,Mailed check,Low Risk (Loyal)
5681-LLOEI,No,0.0986785421400161,43,91.25,One year,Fiber optic,Credit card (automatic),Low Risk (Loyal)
0377-JBKKT,No,0.09858601333884343,22,57.95,Month-to-month,DSL,Mailed check,Low Risk (Loyal)
7336-RLLRH,No,0.09857383472331274,27,80.85,One year,DSL,Mailed check,Low Risk (Loyal)
5397-TUPSH,No,0.09828264675189163,65,70.95,One year,Fiber optic,Bank transfer (automatic),Low Risk (Loyal)
3648-GZPHF,No,0.09807065629218854,32,36.25,One year,DSL,Mailed check,Low Risk (Loyal)
3758-CKOQL,No,0.09801064255110904,59,107.0,One year,Fiber optic,Credit card (automatic),Low Risk (Loyal)
9592-ERDKV,No,0.09796045680873258,37,79.25,One year,DSL,Mailed check,Low Risk (Loyal)
6419-ZTTLE,No,0.09759792514839177,23,20.75,One year,No,Electronic check,Low Risk (Loyal)
0052-DCKON,No,0.09756222269803008,66,115.8,One year,Fiber optic,Bank transfer (automatic),Low Risk (Loyal)
1810-MVMAI,No,0.09725975619447902,30,67.6,Month-to-month,DSL,Electronic check,Low Risk (Loyal)
0956-SYCWG,No,0.09719691574620618,13,19.65,One year,No,Electronic check,Low Risk (Loyal)
2724-FJDYW,No,0.09716565689938436,39,54.85,One year,DSL,Bank transfer (automatic),Low Risk (Loyal)
5027-YOCXN,No,0.09690218407920227,51,110.05,One year,Fiber optic,Credit card (automatic),Low Risk (Loyal)
1060-ENTOF,No,0.09678565778884966,67,105.4,One year,Fiber optic,Credit card (automatic),Low Risk (Loyal)
9074-KGVOX,No,0.09673412503331065,50,39.45,Month-to-month,DSL,Credit card (automatic),Low Risk (Loyal)
2834-JKOOW,No,0.0966974929345843,15,45.9,One year,DSL,Mailed check,Low Risk (Loyal)
2586-CWXVV,No,0.09663072297651583,54,30.4,Month-to-month,DSL,Electronic check,Low Risk (Loyal)
1536-YHDOE,No,0.09634639109236265,17,62.1,One year,DSL,Mailed check,Low Risk (Loyal)
8780-RSYYU,No,0.0961415989640217,25,19.2,Month-to-month,No,Credit card (automatic),Low Risk (Loyal)
7089-RKVSZ,No,0.09605367298447871,8,24.4,One year,No,Mailed check,Low Risk (Loyal)
6082-GLJIX,No,0.09595790644115706,18,19.25,Month-to-month,No,Mailed check,Low Risk (Loyal)
9967-ATRFS,No,0.09594081517436076,19,19.9,Month-to-month,No,Mailed check,Low Risk (Loyal)
7542-CYDDM,No,0.09586937470897879,18,20.05,Month-to-month,No,Mailed check,Low Risk (Loyal)
2419-FSORS,No,0.09585167293357481,72,108.4,Two year,Fiber optic,Electronic check,Low Risk (Loyal)
3213-VVOLG,No,0.09580936583439714,0,25.35,Two year,No,Mailed check,Low Risk (Loyal)
2120-SMPEX,No,0.09576144280884176,25,20.15,Month-to-month,No,Mailed check,Low Risk (Loyal)
0289-IVARM,No,0.09574451827862784,35,60.55,Month-to-month,DSL,Electronic check,Low Risk (Loyal)
4000-VGMQP,No,0.09566073922722602,38,78.95,One year,DSL,Credit card (automatic),Low Risk (Loyal)
9391-LMANN,No,0.09564324776302902,53,95.95,One year,Fiber optic,Electronic check,Low Risk (Loyal)
4367-NUYAO,No,0.09543765932965095,0,25.75,Two year,No,Mailed check,Low Risk (Loyal)
8246-SHFGA,No,0.09543149599282201,17,21.1,Month-to-month,No,Credit card (automatic),Low Risk (Loyal)
0068-FIGTF,No,0.09541197234937886,27,78.2,One year,DSL,Mailed check,Low Risk (Loyal)
7629-WFGLW,No,0.09518945363350935,56,95.65,One year,Fiber optic,Electronic check,Low Risk (Loyal)
4826-DXMUP,No,0.09515107126154666,35,72.1,One year,DSL,Mailed check,Low Risk (Loyal)
4419-UJMUS,No,0.09514606330588911,69,99.35,Two year,Fiber optic,Electronic check,Low Risk (Loyal)
6968-MHOMU,No,0.09497877082199692,58,45.0,One year,DSL,Credit card (automatic),Low Risk (Loyal)
8200-KLNYW,No,0.09495978959786099,21,80.9,One year,DSL,Mailed check,Low Risk (Loyal)
8405-IGQFX,No,0.0948038108967285,63,90.05,One year,Fiber optic,Credit card (automatic),Low Risk (Loyal)
5307-UVGNB,No,0.09478904037941986,53,48.7,Month-to-month,DSL,Bank transfer (automatic),Low Risk (Loyal)
3716-LRGXK,No,0.09473239471983019,60,101.15,Two year,Fiber optic,Credit card (automatic),Low Risk (Loyal)
3450-WXOAT,No,0.09470476685447604,46,45.2,Month-to-month,DSL,Credit card (automatic),Low Risk (Loyal)
4501-UYKBC,No,0.09453125994388492,46,69.1,One year,DSL,Credit card (automatic),Low Risk (Loyal)
9677-AVKED,No,0.09449338701487195,53,84.6,One year,DSL,Electronic check,Low Risk (Loyal)
3896-RCYYE,No,0.09425633633528226,67,53.4,Month-to-month,DSL,Credit card (automatic),Low Risk (Loyal)
4759-PXTAN,No,0.09424178077186415,59,80.1,One year,DSL,Electronic check,Low Risk (Loyal)
2371-KFUOG,No,0.09414221886911545,58,99.15,One year,Fiber optic,Bank transfer (automatic),Low Risk (Loyal)
1264-FUHCX,No,0.09399506202862153,49,56.3,One year,DSL,Credit card (automatic),Low Risk (Loyal)
8089-UZWLX,No,0.09387671979549331,71,104.05,Two year,Fiber optic,Bank transfer (automatic),Low Risk (Loyal)
0967-BMLBD,No,0.09380100955193515,11,20.0,One year,No,Mailed check,Low Risk (Loyal)
8107-RZLNV,No,0.09370592826266229,72,106.3,Two year,Fiber optic,Bank transfer (automatic),Low Risk (Loyal)
6718-BDGHG,No,0.09358639211980477,43,64.85,One year,DSL,Bank transfer (automatic),Low Risk (Loyal)
8467-WYNSR,No,0.09353204518596668,22,55.1,Month-to-month,DSL,Mailed check,Low Risk (Loyal)
8707-HOEDG,No,0.09334419316606479,70,110.2,Two year,Fiber optic,Electronic check,Low Risk (Loyal)
3354-OADJP,No,0.0932910654982027,8,54.25,One year,DSL,Bank transfer (automatic),Low Risk (Loyal)
9330-VOFSZ,No,0.09315719205349159,60,110.8,Two year,Fiber optic,Credit card (automatic),Low Risk (Loyal)
9488-FYQAU,No,0.09306034736850256,63,109.25,Two year,Fiber optic,Bank transfer (automatic),Low Risk (Loyal)
0221-NAUXK,No,0.09296660894413918,10,19.95,One year,No,Bank transfer (automatic),Low Risk (Loyal)
9695-IDRZR,No,0.0929541180909803,34,116.15,Two year,Fiber optic,Credit card (automatic),Low Risk (Loyal)
8075-GXIUB,No,0.09289971035567389,9,19.85,One year,No,Credit card (automatic),Low Risk (Loyal)
5286-YHCVC,No,0.09282149886885695,72,104.8,Two year,Fiber optic,Bank transfer (automatic),Low Risk (Loyal)
2673-ZALNP,No,0.09280699871266296,7,19.9,One year,No,Mailed check,Low Risk (Loyal)
9052-DHNKM,No,0.09262807382114421,26,61.55,One year,DSL,Electronic check,Low Risk (Loyal)
2862-JVEOY,No,0.09261940504114309,6,19.15,One year,No,Mailed check,Low Risk (Loyal)
5161-XEUVX,No,0.09260195127810307,37,94.3,Two year,Fiber optic,Mailed check,Low Risk (Loyal)
9894-QMIMJ,No,0.09255618161078029,23,55.8,One year,DSL,Bank transfer (automatic),Low Risk (Loyal)
1488-SYSFC,No,0.09245634571147655,31,20.65,Month-to-month,No,Electronic check,Low Risk (Loyal)
6480-YAGIY,No,0.09232966371008625,45,112.2,One year,Fiber optic,Credit card (automatic),Low Risk (Loyal)
1696-MZVAU,No,0.09224603845989028,39,25.25,One year,DSL,Credit card (automatic),Low Risk (Loyal)
4129-LYCOI,No,0.09223803381746278,67,104.0,Two year,Fiber optic,Electronic check,Low Risk (Loyal)
1708-PBBOA,No,0.09220249305828289,42,54.75,One year,DSL,Electronic check,Low Risk (Loyal)
2055-SIFSS,No,0.09208490113512253,55,51.65,Month-to-month,DSL,Bank transfer (automatic),Low Risk (Loyal)
7816-VGHTO,No,0.09198709300477499,6,40.55,Two year,DSL,Mailed check,Low Risk (Loyal)
2272-WUSPA,No,0.09192922611915029,72,110.75,Two year,Fiber optic,Electronic check,Low Risk (Loyal)
7901-IIDQV,No,0.09177377908006273,24,54.6,One year,DSL,Bank transfer (automatic),Low Risk (Loyal)
4104-PVRPS,No,0.0917258610437724,24,53.6,Month-to-month,DSL,Mailed check,Low Risk (Loyal)
6295-OSINB,No,0.0916190220420093,72,109.65,Two year,Fiber optic,Electronic check,Low Risk (Loyal)
9848-JQJTX,No,0.09151138815092694,72,100.9,Two year,Fiber optic,Bank transfer (automatic),Low Risk (Loyal)
7353-YOWFP,No,0.09146549676014236,7,20.25,One year,No,Mailed check,Low Risk (Loyal)
5018-LXQQG,No,0.09142501730041909,30,66.3,Month-to-month,DSL,Bank transfer (automatic),Low Risk (Loyal)
1744-JHKYS,No,0.09134250780344634,34,24.7,Month-to-month,No,Electronic check,Low Risk (Loyal)
3486-KHMLI,No,0.09125346882522195,21,24.7,Month-to-month,No,Mailed check,Low Risk (Loyal)
7746-QYVCO,No,0.0912136475359542,16,55.85,One year,DSL,Mailed check,Low Risk (Loyal)
7435-ZNUYY,No,0.09113781561208277,6,20.6,One year,No,Mailed check,Low Risk (Loyal)
7470-DYNOE,No,0.09105040213609736,53,61.1,One year,DSL,Electronic check,Low Risk (Loyal)
3893-JRNFS,No,0.09100266607306894,68,39.9,Month-to-month,DSL,Bank transfer (automatic),Low Risk (Loyal)
3096-YXENJ,No,0.09098134862844075,65,107.65,Two year,Fiber optic,Bank transfer (automatic),Low Risk (Loyal)
7182-OVLBJ,No,0.09097807358991668,62,101.15,Two year,Fiber optic,Bank transfer (automatic),Low Risk (Loyal)
0458-HEUZG,No,0.09089799349134056,13,35.4,Two year,DSL,Mailed check,Low Risk (Loyal)
4822-LPTYJ,No,0.0908790224212742,72,103.75,Two year,Fiber optic,Bank transfer (automatic),Low Risk (Loyal)
5546-QUERU,No,0.09083708147639279,13,19.95,One year,No,Mailed check,Low Risk (Loyal)
9152-AMKAK,No,0.09082737884919719,6,80.25,Two year,DSL,Mailed check,Low Risk (Loyal)
7010-ZMVBF,No,0.09068359872661141,18,20.45,Month-to-month,No,Mailed check,Low Risk (Loyal)
4922-CVPDX,No,0.09060598295610545,26,73.5,Two year,DSL,Credit card (automatic),Low Risk (Loyal)
1395-OFUWC,No,0.0904955594873616,43,29.3,Month-to-month,DSL,Credit card (automatic),Low Risk (Loyal)
7654-YWJUF,No,0.09044605036029867,43,84.25,One year,Fiber optic,Bank transfer (automatic),Low Risk (Loyal)
6838-YAUVY,No,0.090439141511634,54,95.1,Two year,Fiber optic,Bank transfer (automatic),Low Risk (Loyal)
8646-JCOMS,No,0.0902492766789212,66,90.55,One year,Fiber optic,Bank transfer (automatic),Low Risk (Loyal)
9586-JGQKH,No,0.09021006739198525,64,105.4,Two year,Fiber optic,Bank transfer (automatic),Low Risk (Loyal)
0201-MIBOL,No,0.09010837484417368,66,102.4,Two year,Fiber optic,Bank transfer (automatic),Low Risk (Loyal)
3597-YASZG,No,0.0899488043474473,70,104.45,Two year,Fiber optic,Bank transfer (automatic),Low Risk (Loyal)
0303-UNCIP,No,0.08991164668231241,41,65.0,One year,DSL,Mailed check,Low Risk (Loyal)
5446-DKWYW,No,0.08958781955918452,61,65.2,One year,DSL,Electronic check,Low Risk (Loyal)
0623-EJQEG,No,0.08954844345304377,65,93.55,One year,Fiber optic,Electronic check,Low Risk (Loyal)
8550-XSXUQ,No,0.08953272456170604,48,70.55,One year,DSL,Credit card (automatic),Low Risk (Loyal)
6661-EIPZC,No,0.08952882737434485,48,29.5,Month-to-month,DSL,Credit card (automatic),Low Risk (Loyal)
6766-HFKLA,No,0.08895049770200474,56,103.2,Two year,Fiber optic,Bank transfer (automatic),Low Risk (Loyal)
7997-EASSD,No,0.08883930774768878,63,81.2,One year,Fiber optic,Credit card (automatic),Low Risk (Loyal)
2150-WLKUW,No,0.08870999799676844,40,63.9,One year,DSL,Bank transfer (automatic),Low Risk (Loyal)
2243-FNMMI,No,0.08862242739430587,20,19.4,Month-to-month,No,Mailed check,Low Risk (Loyal)
2550-QHZGP,No,0.08791399175643445,7,19.5,One year,No,Mailed check,Low Risk (Loyal)
3863-QSTYI,No,0.08773596698127659,59,64.65,Month-to-month,DSL,Electronic check,Low Risk (Loyal)
2250-IVBWA,No,0.0875803089567011,64,81.05,Month-to-month,Fiber optic,Electronic check,Low Risk (Loyal)
5012-YSPJJ,No,0.08731616657765115,31,54.35,Month-to-month,DSL,Mailed check,Low Risk (Loyal)
6993-YCOBK,No,0.08728952445021249,60,110.6,Two year,Fiber optic,Electronic check,Low Risk (Loyal)
6131-IUNXN,No,0.08704019280610707,19,20.2,Month-to-month,No,Mailed check,Low Risk (Loyal)
1301-LOPVR,No,0.08684217654988244,29,55.35,One year,DSL,Credit card (automatic),Low Risk (Loyal)
7762-ONLJY,No,0.08683216006759052,6,19.7,One year,No,Mailed check,Low Risk (Loyal)
4223-BKEOR,No,0.08673610408494882,21,64.85,One year,DSL,Mailed check,Low Risk (Loyal)
4837-QUSFT,No,0.08662552975543801,65,100.15,One year,Fiber optic,Bank transfer (automatic),Low Risk (Loyal)
8752-IMQOS,No,0.0865476055661584,5,20.1,One year,No,Mailed check,Low Risk (Loyal)
5304-EFJLP,No,0.08653574039081322,72,111.65,Two year,Fiber optic,Bank transfer (automatic),Low Risk (Loyal)
5153-LXKDT,No,0.08637561931439931,68,110.2,Two year,Fiber optic,Electronic check,Low Risk (Loyal)
0487-VVUVK,No,0.08636073827150262,25,19.15,Month-to-month,No,Mailed check,Low Risk (Loyal)
6242-SGYTS,No,0.08630800385879213,62,94.95,One year,Fiber optic,Credit card (automatic),Low Risk (Loyal)
4366-CTOUZ,No,0.08628947564391633,50,100.2,Two year,Fiber optic,Mailed check,Low Risk (Loyal)
3229-USWAR,No,0.08626249958967268,34,79.95,One year,DSL,Bank transfer (automatic),Low Risk (Loyal)
5032-USPKF,No,0.08624849393064178,38,84.1,One year,DSL,Bank transfer (automatic),Low Risk (Loyal)
1621-YNCJH,No,0.08620749168483063,36,106.05,Two year,Fiber optic,Credit card (automatic),Low Risk (Loyal)
1162-ECVII,No,0.08615760371283744,72,109.75,Two year,Fiber optic,Bank transfer (automatic),Low Risk (Loyal)
5092-STPKP,No,0.0860348030451757,24,56.35,Month-to-month,DSL,Credit card (automatic),Low Risk (Loyal)
2911-IJORQ,No,0.08598095732422852,37,90.6,One year,DSL,Bank transfer (automatic),Low Risk (Loyal)
3324-OIRTO,No,0.08595128237376524,71,104.65,One year,Fiber optic,Bank transfer (automatic),Low Risk (Loyal)
4654-DLAMQ,No,0.08590482519735115,64,97.0,One year,Fiber optic,Bank transfer (automatic),Low Risk (Loyal)
9402-ROUMJ,No,0.08583693616219484,67,100.25,One year,Fiber optic,Bank transfer (automatic),Low Risk (Loyal)
2773-OVBPK,No,0.08575188936617009,67,111.3,Two year,Fiber optic,Bank transfer (automatic),Low Risk (Loyal)
7208-PSIHR,No,0.08562651330093442,70,104.3,Two year,Fiber optic,Bank transfer (automatic),Low Risk (Loyal)
6941-KXRRV,No,0.08560633779304233,48,58.95,One year,DSL,Bank transfer (automatic),Low Risk (Loyal)
4808-YNLEU,No,0.08546980430801285,35,62.15,One year,DSL,Bank transfer (automatic),Low Risk (Loyal)
0356-OBMAC,No,0.08528766903758757,56,99.9,Two year,Fiber optic,Bank transfer (automatic),Low Risk (Loyal)
0667-NSRGI,No,0.08524127679578741,48,69.55,One year,DSL,Mailed check,Low Risk (Loyal)
0496-AHOOK,No,0.08514656774668564,24,74.4,One year,DSL,Bank transfer (automatic),Low Risk (Loyal)
7049-GKVZY,No,0.08503893269696418,17,79.85,One year,DSL,Credit card (automatic),Low Risk (Loyal)
5578-NKCXI,No,0.08493905525838101,58,99.25,One year,Fiber optic,Credit card (automatic),Low Risk (Loyal)
4806-DXQCE,No,0.08471014256445421,70,113.65,Two year,Fiber optic,Electronic check,Low Risk (Loyal)
0106-UGRDO,No,0.08470334750877574,69,116.0,Two year,Fiber optic,Electronic check,Low Risk (Loyal)
5514-YQENT,No,0.08458520801115597,41,111.15,Two year,Fiber optic,Electronic check,Low Risk (Loyal)
6968-URWQU,No,0.08445422620972426,43,56.35,One year,DSL,Mailed check,Low Risk (Loyal)
9350-ZXYJC,No,0.08442562747279116,4,25.3,Two year,No,Credit card (automatic),Low Risk (Loyal)
2830-LEWOA,No,0.08429579661847769,61,103.9,One year,Fiber optic,Credit card (automatic),Low Risk (Loyal)
9200-NLNPD,No,0.0842274738663002,56,54.05,One year,DSL,Bank transfer (automatic),Low Risk (Loyal)
2129-ALKBS,No,0.08408509511200789,40,26.2,Month-to-month,No,Electronic check,Low Risk (Loyal)
1952-DVVSW,No,0.0840515349092321,10,20.1,One year,No,Mailed check,Low Risk (Loyal)
0519-DRGTI,No,0.08395352318974142,20,20.35,Month-to-month,No,Mailed check,Low Risk (Loyal)
2877-VDUER,No,0.08390857593145484,35,40.9,One year,DSL,Mailed check,Low Risk (Loyal)
7134-HBPBS,No,0.08385902572320039,72,108.1,Two year,Fiber optic,Bank transfer (automatic),Low Risk (Loyal)
7047-YXDMZ,No,0.08385382326383373,21,20.0,Month-to-month,No,Mailed check,Low Risk (Loyal)
4159-NAAIX,No,0.08378586702755926,63,97.45,Two year,Fiber optic,Bank transfer (automatic),Low Risk (Loyal)
2292-XQWSV,No,0.08376977130490691,40,60.3,One year,DSL,Mailed check,Low Risk (Loyal)
2469-DTSGX,No,0.08372578822699882,72,111.65,Two year,Fiber optic,Electronic check,Low Risk (Loyal)
3823-KYNQY,No,0.0836803629265694,12,24.95,One year,No,Credit card (automatic),Low Risk (Loyal)
5269-NRGDP,No,0.08352887046773522,42,73.15,One year,DSL,Electronic check,Low Risk (Loyal)
0895-LNKRC,No,0.08345138722378065,6,19.45,One year,No,Mailed check,Low Risk (Loyal)
2164-SOQXL,No,0.0834186937072973,20,20.05,Month-to-month,No,Mailed check,Low Risk (Loyal)
1038-RQOST,No,0.08341000165895221,19,20.6,Month-to-month,No,Mailed check,Low Risk (Loyal)
0661-KQHNK,No,0.08329574440849494,6,19.0,One year,No,Credit card (automatic),Low Risk (Loyal)
3146-JTQHR,No,0.08326110945142906,10,19.6,One year,No,Bank transfer (automatic),Low Risk (Loyal)
7459-IMVYU,No,0.08319955428379083,38,69.95,Month-to-month,DSL,Electronic check,Low Risk (Loyal)
2887-JPYLU,No,0.08315995764214777,41,45.2,Month-to-month,DSL,Bank transfer (automatic),Low Risk (Loyal)
8261-GWDBQ,No,0.08309239148526387,60,116.05,Two year,Fiber optic,Bank transfer (automatic),Low Risk (Loyal)
6341-JVQGF,No,0.08303021474331063,31,81.15,One year,DSL,Mailed check,Low Risk (Loyal)
9715-WZCLW,No,0.08279734425294281,71,97.2,Two year,Fiber optic,Electronic check,Low Risk (Loyal)
3282-ZISZV,No,0.0827623825901869,32,83.7,One year,DSL,Credit card (automatic),Low Risk (Loyal)
9928-BZVLZ,No,0.08273819083016783,12,49.85,Two year,DSL,Mailed check,Low Risk (Loyal)
3423-HHXAO,No,0.08273364800844048,14,19.5,One year,No,Mailed check,Low Risk (Loyal)
4139-JPIAM,No,0.08265681251720536,51,44.45,Month-to-month,DSL,Credit card (automatic),Low Risk (Loyal)
2351-RRBUE,No,0.08265376600246051,7,20.65,One year,No,Mailed check,Low Risk (Loyal)
0020-JDNXP,No,0.08262620729565476,34,61.25,One year,DSL,Mailed check,Low Risk (Loyal)
9134-WYRVP,No,0.0824053290569372,51,86.35,One year,Fiber optic,Mailed check,Low Risk (Loyal)
7021-XSNYE,No,0.08209454857653606,7,49.65,Two year,DSL,Credit card (automatic),Low Risk (Loyal)
2578-JQPHZ,No,0.08200189529885712,44,100.1,Two year,Fiber optic,Bank transfer (automatic),Low Risk (Loyal)
0842-IWYCP,No,0.08185915141786909,46,44.95,Month-to-month,DSL,Bank transfer (automatic),Low Risk (Loyal)
8152-VETUR,No,0.08183100420489686,72,97.7,Two year,Fiber optic,Credit card (automatic),Low Risk (Loyal)
7036-TYDEC,No,0.08163937165944735,69,104.0,Two year,Fiber optic,Electronic check,Low Risk (Loyal)
0607-MVMGC,No,0.08155814349241165,45,78.75,One year,DSL,Credit card (automatic),Low Risk (Loyal)
3621-CHYVB,No,0.08151786625864066,57,49.9,Month-to-month,DSL,Bank transfer (automatic),Low Risk (Loyal)
0384-LPITE,No,0.0814587991063815,40,62.05,One year,DSL,Credit card (automatic),Low Risk (Loyal)
2363-BJLSL,No,0.08142309889882678,62,80.4,Month-to-month,DSL,Bank transfer (automatic),Low Risk (Loyal)
6506-EYCNH,No,0.0814227233139911,28,19.55,Month-to-month,No,Bank transfer (automatic),Low Risk (Loyal)
7956-XQWGU,No,0.08136801421058032,27,19.4,Month-to-month,No,Credit card (automatic),Low Risk (Loyal)
5260-UMPWX,No,0.08124698623646885,26,20.25,Month-to-month,No,Credit card (automatic),Low Risk (Loyal)
2499-AJYUA,No,0.08123080273201547,72,110.8,Two year,Fiber optic,Credit card (automatic),Low Risk (Loyal)
9405-GPBBG,No,0.08119229071281416,64,110.5,Two year,Fiber optic,Credit card (automatic),Low Risk (Loyal)
1150-FTQGN,No,0.08110321898418314,60,94.15,One year,Fiber optic,Bank transfer (automatic),Low Risk (Loyal)
2520-SGTTA,No,0.08108705514238562,0,20.0,Two year,No,Mailed check,Low Risk (Loyal)
4626-OZDTJ,No,0.08095416107530262,51,78.65,One year,DSL,Credit card (automatic),Low Risk (Loyal)
2038-YSEZE,No,0.08073230232563407,29,67.45,Month-to-month,DSL,Mailed check,Low Risk (Loyal)
3441-CGZJH,No,0.08071136193992796,43,60.4,One year,DSL,Credit card (automatic),Low Risk (Loyal)
9555-SAHUZ,No,0.0805860444877119,38,54.5,Month-to-month,DSL,Electronic check,Low Risk (Loyal)
1898-JSNDC,No,0.08048148415055797,39,58.6,One year,DSL,Credit card (automatic),Low Risk (Loyal)
8879-XUAHX,No,0.08038873707419025,71,116.25,Two year,Fiber optic,Electronic check,Low Risk (Loyal)
7492-TAFJD,No,0.08031552534240287,7,38.55,Two year,DSL,Mailed check,Low Risk (Loyal)
2391-IPLOP,No,0.08018065884726747,50,69.65,One year,DSL,Electronic check,Low Risk (Loyal)
8752-GHJFU,No,0.08010305580582441,71,92.0,One year,Fiber optic,Electronic check,Low Risk (Loyal)
3374-TTZTK,No,0.08009415104928438,52,106.3,Two year,Fiber optic,Electronic check,Low Risk (Loyal)
0960-HUWBM,No,0.07997527344189345,65,104.1,Two year,Fiber optic,Bank transfer (automatic),Low Risk (Loyal)
3372-CDXFJ,No,0.07993209988462135,13,24.5,One year,No,Bank transfer (automatic),Low Risk (Loyal)
4328-VUFWD,No,0.0799140387523578,39,59.3,One year,DSL,Electronic check,Low Risk (Loyal)
3518-FSTWG,No,0.0798874236681274,72,109.55,Two year,Fiber optic,Bank transfer (automatic),Low Risk (Loyal)
1431-CYWMH,No,0.07960186702862022,22,19.05,Month-to-month,No,Bank transfer (automatic),Low Risk (Loyal)
6586-PSJOX,No,0.07955736654759211,15,55.2,One year,DSL,Credit card (automatic),Low Risk (Loyal)
5795-KTGUD,No,0.079465377350809,68,110.8,Two year,Fiber optic,Bank transfer (automatic),Low Risk (Loyal)
4682-BLBUC,No,0.07943837831430318,44,70.95,One year,DSL,Electronic check,Low Risk (Loyal)
8332-OSJDW,No,0.07934540622754327,12,26.4,One year,No,Mailed check,Low Risk (Loyal)
2522-WLNSF,No,0.07929631266078548,34,64.2,One year,DSL,Bank transfer (automatic),Low Risk (Loyal)
2680-XKKNJ,No,0.07928156168323283,8,58.2,One year,DSL,Bank transfer (automatic),Low Risk (Loyal)
0980-FEXWF,No,0.07927063770481477,26,50.35,One year,DSL,Mailed check,Low Risk (Loyal)
3750-YHRYO,No,0.0791622634294738,7,20.65,One year,No,Mailed check,Low Risk (Loyal)
9730-DRTMJ,No,0.07904162479846075,32,72.8,One year,DSL,Credit card (automatic),Low Risk (Loyal)
1866-ZSLJM,No,0.07895237465481024,21,20.5,Month-to-month,No,Credit card (automatic),Low Risk (Loyal)
2746-DIJLO,No,0.07891476361793155,41,56.3,One year,DSL,Credit card (automatic),Low Risk (Loyal)
8573-JGCZW,No,0.07882451467172488,17,19.65,One year,No,Bank transfer (automatic),Low Risk (Loyal)
1125-SNVCK,No,0.07865095806381277,49,43.8,Month-to-month,DSL,Mailed check,Low Risk (Loyal)
8822-KNBHV,No,0.07854360389980375,48,83.45,One year,DSL,Credit card (automatic),Low Risk (Loyal)
8548-AWOFC,No,0.07854009114302524,66,63.85,Month-to-month,DSL,Electronic check,Low Risk (Loyal)
8309-PPCED,No,0.07843251556319022,72,110.45,Two year,Fiber optic,Bank transfer (automatic),Low Risk (Loyal)
4291-YZODP,No,0.07833025150702617,7,20.05,One year,No,Mailed check,Low Risk (Loyal)
6408-OTUBZ,No,0.07825184610010488,66,104.55,One year,Fiber optic,Bank transfer (automatic),Low Risk (Loyal)
6266-QHOJZ,No,0.07818395091648628,65,89.85,One year,Fiber optic,Electronic check,Low Risk (Loyal)
5447-VYTKW,No,0.07805900742262807,27,53.45,Month-to-month,DSL,Mailed check,Low Risk (Loyal)
5954-BDFSG,No,0.07789340746031143,72,107.5,Two year,Fiber optic,Credit card (automatic),Low Risk (Loyal)
6967-PEJLL,No,0.07778413020312949,37,40.2,One year,DSL,Electronic check,Low Risk (Loyal)
7758-UJWYS,No,0.07778376163478874,34,40.55,Two year,DSL,Electronic check,Low Risk (Loyal)
1137-DGOWI,No,0.07775916487815665,30,70.25,One year,DSL,Bank transfer (automatic),Low Risk (Loyal)
6992-TKNYO,No,0.07766293566876761,38,69.0,One year,DSL,Credit card (automatic),Low Risk (Loyal)
0134-XWXCE,No,0.07758189004739735,44,74.85,One year,DSL,Bank transfer (automatic),Low Risk (Loyal)
8076-FEZKJ,No,0.07752860471020441,10,19.5,One year,No,Mailed check,Low Risk (Loyal)
6265-SXWBU,No,0.07750134852894411,69,95.75,One year,Fiber optic,Credit card (automatic),Low Risk (Loyal)
7644-OMVMY,No,0.07745306086290286,0,19.85,Two year,No,Mailed check,Low Risk (Loyal)
9750-BOOHV,No,0.07737228846782832,32,30.15,One year,DSL,Mailed check,Low Risk (Loyal)
9691-HKOVS,No,0.07721506311971903,55,90.15,One year,DSL,Electronic check,Low Risk (Loyal)
7508-KBIMB,No,0.07719143463257262,24,56.25,One year,DSL,Credit card (automatic),Low Risk (Loyal)
3082-WQRVY,No,0.0771686675343369,14,19.65,One year,No,Mailed check,Low Risk (Loyal)
7136-IHZJA,No,0.07707438546971973,40,71.35,Month-to-month,DSL,Mailed check,Low Risk (Loyal)
6308-CQRBU,No,0.07700522463758364,71,109.25,Two year,Fiber optic,Electronic check,Low Risk (Loyal)
5327-CNLUQ,No,0.07692141167994639,48,96.9,Two year,Fiber optic,Bank transfer (automatic),Low Risk (Loyal)
7718-UPSKJ,No,0.076858306860564,69,106.4,One year,Fiber optic,Credit card (automatic),Low Risk (Loyal)
2330-PQGDQ,No,0.07673791991691559,51,84.2,One year,Fiber optic,Bank transfer (automatic),Low Risk (Loyal)
8084-OIVBS,No,0.07663479538910717,11,20.0,One year,No,Mailed check,Low Risk (Loyal)
5049-MUBWG,No,0.07654590439218135,26,75.0,One year,DSL,Bank transfer (automatic),Low Risk (Loyal)
8984-HPEMB,No,0.0765441553244749,71,118.65,Two year,Fiber optic,Electronic check,Low Risk (Loyal)
5203-XEHAX,No,0.07652114235491242,34,64.35,One year,DSL,Electronic check,Low Risk (Loyal)
9931-KGHOA,No,0.07635333278559675,46,55.0,Month-to-month,DSL,Bank transfer (automatic),Low Risk (Loyal)
6620-HVDUJ,No,0.0763411783811184,24,60.45,Month-to-month,DSL,Bank transfer (automatic),Low Risk (Loyal)
0983-TATYJ,No,0.07629998210009724,33,51.45,One year,DSL,Mailed check,Low Risk (Loyal)
7691-XVTZH,No,0.07629230776256332,68,89.95,Two year,Fiber optic,Bank transfer (automatic),Low Risk (Loyal)
3205-MXZRA,No,0.07623261571291638,26,59.45,One year,DSL,Credit card (automatic),Low Risk (Loyal)
8565-HBFNN,No,0.07618755441632666,69,107.2,One year,Fiber optic,Credit card (automatic),Low Risk (Loyal)
4795-WRNVT,No,0.07608726242083581,40,65.1,Month-to-month,DSL,Mailed check,Low Risk (Loyal)
0323-XWWTN,No,0.07603764782162138,3,26.4,Two year,No,Mailed check,Low Risk (Loyal)
8582-KRHPJ,No,0.07600700597832834,50,35.0,Month-to-month,DSL,Mailed check,Low Risk (Loyal)
4378-BZYFP,No,0.07600545105325955,17,20.5,One year,No,Mailed check,Low Risk (Loyal)
9938-ZREHM,No,0.0759826618198378,37,72.1,One year,DSL,Mailed check,Low Risk (Loyal)
1015-JPFYW,No,0.07592348614691019,7,19.45,One year,No,Mailed check,Low Risk (Loyal)
0164-APGRB,No,0.07590353183448162,72,114.9,Two year,Fiber optic,Electronic check,Low Risk (Loyal)
7665-VIGUD,No,0.07590245446166688,10,20.35,One year,No,Mailed check,Low Risk (Loyal)
9473-CBZOP,No,0.07588539818662253,28,59.0,One year,DSL,Mailed check,Low Risk (Loyal)
5372-FBKBN,No,0.0758141267164247,21,20.75,Month-to-month,No,Mailed check,Low Risk (Loyal)
4537-CIBHB,No,0.07576808856389275,9,20.25,One year,No,Mailed check,Low Risk (Loyal)
7519-JTWQH,No,0.0757358396738417,69,110.5,Two year,Fiber optic,Bank transfer (automatic),Low Risk (Loyal)
2809-ILCYT,No,0.07564865771945606,25,26.8,One year,No,Mailed check,Low Risk (Loyal)
3530-VWVGU,No,0.07542350215181369,22,19.9,Month-to-month,No,Mailed check,Low Risk (Loyal)
1680-VDCWW,No,0.0753783372106021,12,19.8,One year,No,Bank transfer (automatic),Low Risk (Loyal)
5382-TEMLV,No,0.07532487369424821,45,50.9,Month-to-month,DSL,Bank transfer (automatic),Low Risk (Loyal)
8231-BSWXX,No,0.07527651378035197,71,79.05,One year,Fiber optic,Credit card (automatic),Low Risk (Loyal)
1915-OAKWD,No,0.0752587320467538,16,19.3,One year,No,Bank transfer (automatic),Low Risk (Loyal)
9987-LUTYD,No,0.07520553201397497,13,55.15,One year,DSL,Mailed check,Low Risk (Loyal)
5504-WSIUR,No,0.07518826491330491,70,90.25,One year,Fiber optic,Bank transfer (automatic),Low Risk (Loyal)
0266-CLZKZ,No,0.07499386493609478,67,105.65,Two year,Fiber optic,Bank transfer (automatic),Low Risk (Loyal)
5393-HJZSM,No,0.07496034181123414,32,76.3,Month-to-month,DSL,Bank transfer (automatic),Low Risk (Loyal)
8065-QBYTO,No,0.07494317952316369,71,99.65,One year,Fiber optic,Credit card (automatic),Low Risk (Loyal)
6500-JVEGC,No,0.07476631558172782,68,101.35,One year,Fiber optic,Bank transfer (automatic),Low Risk (Loyal)
8595-SIZNC,No,0.07472818863739263,22,25.6,One year,No,Bank transfer (automatic),Low Risk (Loyal)
2387-KDZQY,No,0.07462783128205194,17,20.1,One year,No,Mailed check,Low Risk (Loyal)
5090-EMGTC,No,0.07459198705933223,59,100.05,Two year,Fiber optic,Mailed check,Low Risk (Loyal)
5777-KJIRB,No,0.07455075073077659,40,50.25,One year,DSL,Mailed check,Low Risk (Loyal)
9822-BIIGN,No,0.07444256484586018,53,71.85,Month-to-month,DSL,Electronic check,Low Risk (Loyal)
4451-RWASJ,No,0.07440574046632148,15,19.5,One year,No,Mailed check,Low Risk (Loyal)
7156-MXBJE,No,0.07437321455484508,43,85.1,One year,DSL,Credit card (automatic),Low Risk (Loyal)
8853-TZDGH,No,0.07431394072529637,72,111.6,Two year,Fiber optic,Bank transfer (automatic),Low Risk (Loyal)
8263-QMNTJ,No,0.07424854004002712,72,115.55,Two year,Fiber optic,Electronic check,Low Risk (Loyal)
2483-XSSMZ,No,0.0740004381184927,39,47.85,One year,DSL,Electronic check,Low Risk (Loyal)
1429-UYJSV,No,0.07399961067913216,12,19.7,One year,No,Mailed check,Low Risk (Loyal)
1136-XGEQU,No,0.07385862658286783,50,84.15,One year,DSL,Credit card (automatic),Low Risk (Loyal)
7649-PHJVR,No,0.07372239767356545,11,19.5,One year,No,Mailed check,Low Risk (Loyal)
5602-BVFMK,No,0.0736800807098081,12,19.3,One year,No,Mailed check,Low Risk (Loyal)
4137-JOPHL,No,0.07341292686173542,50,89.7,Two year,Fiber optic,Bank transfer (automatic),Low Risk (Loyal)
9467-ROOLM,No,0.07335843931591174,25,19.05,Month-to-month,No,Mailed check,Low Risk (Loyal)
3115-CZMZD,No,0.07335590099293145,0,20.25,Two year,No,Mailed check,Low Risk (Loyal)
3556-BVQGL,No,0.07332694455995083,20,20.0,One year,No,Mailed check,Low Risk (Loyal)
6663-JOCQO,No,0.07332151469713986,31,75.25,One year,DSL,Bank transfer (automatic),Low Risk (Loyal)
3022-BEXHZ,No,0.07322116089036791,67,111.2,Two year,Fiber optic,Bank transfer (automatic),Low Risk (Loyal)
9442-JTWDL,No,0.07321129298792381,11,20.05,One year,No,Credit card (automatic),Low Risk (Loyal)
2682-KEVRP,No,0.07304779849144385,22,20.05,One year,No,Mailed check,Low Risk (Loyal)
1099-BTKWT,No,0.07303433488886753,68,54.4,One year,DSL,Electronic check,Low Risk (Loyal)
4091-TVOCN,No,0.07300517294838339,48,78.75,One year,DSL,Credit card (automatic),Low Risk (Loyal)
5663-QBGIS,No,0.07295466617621033,72,98.35,Two year,Fiber optic,Bank transfer (automatic),Low Risk (Loyal)
9351-LZYGF,No,0.07294635356524526,42,66.4,Month-to-month,DSL,Credit card (automatic),Low Risk (Loyal)
4616-ULAOA,No,0.07290245054940635,65,110.8,Two year,Fiber optic,Credit card (automatic),Low Risk (Loyal)
8406-LNMHF,No,0.07288651304690227,59,82.95,One year,Fiber optic,Credit card (automatic),Low Risk (Loyal)
8681-ICONS,No,0.07279980432021271,29,20.65,Month-to-month,No,Mailed check,Low Risk (Loyal)
2056-EVGZL,No,0.07278890118059037,68,105.75,One year,Fiber optic,Credit card (automatic),Low Risk (Loyal)
0392-BZIUW,No,0.07277244096361273,72,105.0,Two year,Fiber optic,Credit card (automatic),Low Risk (Loyal)
5789-LDFXO,No,0.07267045506801212,24,24.6,One year,No,Electronic check,Low Risk (Loyal)
9308-ANMVE,No,0.0726372971993641,47,55.3,Month-to-month,DSL,Electronic check,Low Risk (Loyal)
3239-TPHPZ,No,0.07252770913946324,12,20.05,Two year,No,Electronic check,Low Risk (Loyal)
7233-IOQNP,No,0.07238139963481689,43,34.0,Month-to-month,DSL,Bank transfer (automatic),Low Risk (Loyal)
0661-KBKPA,No,0.07237943812141331,53,78.75,One year,DSL,Mailed check,Low Risk (Loyal)
4730-AWNAU,No,0.07236994417609136,36,60.7,One year,DSL,Credit card (automatic),Low Risk (Loyal)
5062-CJJKH,No,0.07207742346065907,25,53.65,One year,DSL,Mailed check,Low Risk (Loyal)
7677-SJJJK,No,0.0720648326695572,8,19.9,One year,No,Credit card (automatic),Low Risk (Loyal)
3800-LYTRK,No,0.07206448857949727,14,55.7,One year,DSL,Mailed check,Low Risk (Loyal)
3315-IKYZQ,No,0.07206129401722527,28,50.8,One year,DSL,Mailed check,Low Risk (Loyal)
8109-YUOHE,No,0.0719787887600854,17,56.1,One year,DSL,Mailed check,Low Risk (Loyal)
0533-UCAAU,No,0.07191556972609385,57,71.1,One year,DSL,Credit card (automatic),Low Risk (Loyal)
6616-AALSR,No,0.07189100192574929,65,104.3,Two year,Fiber optic,Credit card (automatic),Low Risk (Loyal)
9933-QRGTX,No,0.07168294920370147,60,97.2,Two year,Fiber optic,Electronic check,Low Risk (Loyal)
9866-OCCKE,No,0.07162295458367814,72,109.75,Two year,Fiber optic,Mailed check,Low Risk (Loyal)
8221-EQDGL,No,0.07158018952492079,35,61.0,Month-to-month,DSL,Mailed check,Low Risk (Loyal)
7032-LMBHI,No,0.0713936656998606,37,64.65,One year,DSL,Bank transfer (automatic),Low Risk (Loyal)
3115-JPJDD,No,0.07138118327776705,59,81.25,One year,Fiber optic,Credit card (automatic),Low Risk (Loyal)
4043-MKDTV,No,0.07130205359310166,71,105.25,Two year,Fiber optic,Electronic check,Low Risk (Loyal)
9386-LDCZR,No,0.07124578895509685,43,90.65,One year,Fiber optic,Credit card (automatic),Low Risk (Loyal)
9924-JPRMC,No,0.07095266678016138,72,118.2,Two year,Fiber optic,Electronic check,Low Risk (Loyal)
9796-MVYXX,No,0.07076208821697329,14,39.7,Two year,DSL,Mailed check,Low Risk (Loyal)
0742-LAFQK,No,0.070668136098959,72,99.15,Two year,Fiber optic,Electronic check,Low Risk (Loyal)
8879-ZKJOF,No,0.07066300725735432,41,79.85,One year,DSL,Bank transfer (automatic),Low Risk (Loyal)
5753-QQWPW,No,0.07053937109718621,28,59.9,One year,DSL,Electronic check,Low Risk (Loyal)
0661-WCQNQ,No,0.07042894462068672,22,56.25,One year,DSL,Credit card (automatic),Low Risk (Loyal)
7407-SUJIZ,No,0.07031261279293344,25,20.6,Month-to-month,No,Mailed check,Low Risk (Loyal)
1338-CECEE,No,0.07027359151370886,41,68.5,One year,DSL,Bank transfer (automatic),Low Risk (Loyal)
9362-MWODR,No,0.07026807606410591,40,64.1,Month-to-month,DSL,Credit card (automatic),Low Risk (Loyal)
4049-ZPALD,No,0.0702498919058306,64,99.0,Two year,Fiber optic,Bank transfer (automatic),Low Risk (Loyal)
5872-OEQNH,No,0.07022694056066538,60,44.45,One year,DSL,Electronic check,Low Risk (Loyal)
5278-PNYOX,No,0.07021245095446685,49,100.65,Two year,Fiber optic,Credit card (automatic),Low Risk (Loyal)
5039-LZRQT,No,0.07021021960586431,13,20.2,One year,No,Mailed check,Low Risk (Loyal)
9705-ZJBCG,No,0.07017633340156743,13,54.15,One year,DSL,Bank transfer (automatic),Low Risk (Loyal)
1334-PDUKM,No,0.07014580344723095,68,86.45,One year,Fiber optic,Credit card (automatic),Low Risk (Loyal)
6727-IOTLZ,No,0.06985944015673878,14,81.95,Two year,DSL,Mailed check,Low Risk (Loyal)
3724-BSCVH,No,0.06978333111077181,10,20.45,One year,No,Mailed check,Low Risk (Loyal)
5524-KHNJP,No,0.06970559231941709,33,74.75,One year,DSL,Credit card (automatic),Low Risk (Loyal)
2408-PSJVE,No,0.0696941745368254,44,61.9,Month-to-month,DSL,Mailed check,Low Risk (Loyal)
1247-QBVSH,No,0.06956430224558562,43,50.2,Month-to-month,DSL,Mailed check,Low Risk (Loyal)
4385-ZKVNW,No,0.06950253291358079,44,54.9,Month-to-month,DSL,Bank transfer (automatic),Low Risk (Loyal)
1891-QRQSA,No,0.06938736674913533,64,111.6,Two year,Fiber optic,Bank transfer (automatic),Low Risk (Loyal)
6196-HBOBZ,No,0.06938194548476363,65,99.35,Two year,Fiber optic,Electronic check,Low Risk (Loyal)
2907-ILJBN,No,0.06931116949886178,11,20.6,One year,No,Mailed check,Low Risk (Loyal)
5998-DZLYR,No,0.06912374213144211,61,94.35,Two year,Fiber optic,Bank transfer (automatic),Low Risk (Loyal)
8071-SBTRN,No,0.06911826253097907,70,111.15,Two year,Fiber optic,Mailed check,Low Risk (Loyal)
4134-BSXLX,No,0.0691089615606637,28,60.9,Month-to-month,DSL,Mailed check,Low Risk (Loyal)
9483-GCPWE,No,0.06910163689368308,9,20.1,One year,No,Mailed check,Low Risk (Loyal)
0074-HDKDG,No,0.0690839287340232,25,61.6,One year,DSL,Bank transfer (automatic),Low Risk (Loyal)
8777-MBMTS,No,0.06887280966782765,65,105.85,Two year,Fiber optic,Credit card (automatic),Low Risk (Loyal)
7872-RDDLZ,No,0.06873803717598065,67,54.9,Month-to-month,DSL,Electronic check,Low Risk (Loyal)
2205-LPVGL,No,0.0687241240455888,58,89.85,One year,Fiber optic,Bank transfer (automatic),Low Risk (Loyal)
0716-BQNDX,No,0.06846293419314614,57,93.75,Two year,Fiber optic,Electronic check,Low Risk (Loyal)
3915-ODIYG,No,0.06842062800254592,60,71.75,One year,DSL,Electronic check,Low Risk (Loyal)
3197-NNYNB,No,0.06838103339826217,65,105.1,Two year,Fiber optic,Credit card (automatic),Low Risk (Loyal)
9229-RQABD,No,0.06833524842729201,18,23.75,One year,No,Mailed check,Low Risk (Loyal)
1291-CUOCY,No,0.06831342413047058,72,110.6,Two year,Fiber optic,Credit card (automatic),Low Risk (Loyal)
8823-RLPWL,No,0.06821694414076132,72,110.65,Two year,Fiber optic,Credit card (automatic),Low Risk (Loyal)
4526-RMTLL,No,0.06814444917710179,8,76.15,Two year,DSL,Credit card (automatic),Low Risk (Loyal)
1832-PEUTS,No,0.06801267411173492,62,89.1,Two year,Fiber optic,Credit card (automatic),Low Risk (Loyal)
9432-RUVSL,No,0.06797705063334561,48,102.5,Two year,Fiber optic,Credit card (automatic),Low Risk (Loyal)
4199-QHJNM,No,0.06795968410089932,67,102.9,Two year,Fiber optic,Bank transfer (automatic),Low Risk (Loyal)
5297-MDOIR,No,0.06784713048572158,63,81.15,One year,Fiber optic,Credit card (automatic),Low Risk (Loyal)
9715-SBVSU,No,0.06775479528154082,14,61.4,Two year,DSL,Bank transfer (automatic),Low Risk (Loyal)
8041-TMEID,No,0.06768060364696613,63,108.5,Two year,Fiber optic,Credit card (automatic),Low Risk (Loyal)
3280-MRDOF,No,0.06762947801953563,30,69.1,Two year,DSL,Credit card (automatic),Low Risk (Loyal)
8819-ZBYNA,No,0.06761757960367906,58,109.1,Two year,Fiber optic,Credit card (automatic),Low Risk (Loyal)
1696-HXOWK,No,0.06750168373508088,71,95.65,One year,Fiber optic,Mailed check,Low Risk (Loyal)
9711-FJTBX,No,0.06747909616693194,56,85.85,One year,Fiber optic,Mailed check,Low Risk (Loyal)
5414-OFQCB,No,0.06742365433490555,57,90.45,Two year,Fiber optic,Credit card (automatic),Low Risk (Loyal)
2868-LLSKM,No,0.0674080851799709,68,83.65,One year,Fiber optic,Bank transfer (automatic),Low Risk (Loyal)
2788-CJQAQ,No,0.06737893951959234,13,19.45,One year,No,Mailed check,Low Risk (Loyal)
6440-DKQGE,No,0.06734510525017486,30,64.5,One year,DSL,Credit card (automatic),Low Risk (Loyal)
4933-IKULF,No,0.06717017576173245,17,20.65,One year,No,Mailed check,Low Risk (Loyal)
4072-IPYLT,No,0.06711320502909406,36,51.05,Month-to-month,DSL,Credit card (automatic),Low Risk (Loyal)
9861-PDSZP,No,0.06710855970843933,72,108.05,Two year,Fiber optic,Credit card (automatic),Low Risk (Loyal)
0536-BGFMZ,No,0.0670391480119699,28,20.5,Month-to-month,No,Mailed check,Low Risk (Loyal)
3739-YBWAB,No,0.06701232928576367,36,35.35,One year,DSL,Mailed check,Low Risk (Loyal)
8015-IHCGW,No,0.06699534159645955,72,115.5,Two year,Fiber optic,Electronic check,Low Risk (Loyal)
4425-OWHWB,No,0.06689502432320454,20,19.35,One year,No,Credit card (automatic),Low Risk (Loyal)
5993-BQHEA,No,0.06683634913961481,12,20.05,One year,No,Credit card (automatic),Low Risk (Loyal)
1763-KUAAW,No,0.06677647198492709,18,20.35,One year,No,Bank transfer (automatic),Low Risk (Loyal)
1964-SVLEA,No,0.06663945955792341,20,19.7,One year,No,Mailed check,Low Risk (Loyal)
5915-DGNVC,No,0.06652707403973535,49,71.8,One year,DSL,Electronic check,Low Risk (Loyal)
7445-WMRBW,No,0.0665266418471089,48,73.85,One year,DSL,Bank transfer (automatic),Low Risk (Loyal)
1042-HFUCW,No,0.06639288647500222,25,54.75,One year,DSL,Credit card (automatic),Low Risk (Loyal)
6050-FFXES,No,0.0663896162029451,69,105.35,Two year,Fiber optic,Bank transfer (automatic),Low Risk (Loyal)
5975-BAICR,No,0.06631573124051984,36,63.7,One year,DSL,Credit card (automatic),Low Risk (Loyal)
7663-CUXZB,No,0.06624691492068334,59,113.75,Two year,Fiber optic,Electronic check,Low Risk (Loyal)
9313-QOLTZ,No,0.06621636429553854,26,20.9,Month-to-month,No,Mailed check,Low Risk (Loyal)
6746-WAUWT,No,0.06604914217471802,19,19.7,One year,No,Credit card (automatic),Low Risk (Loyal)
1779-PWPMG,No,0.06600077972470325,72,114.65,Two year,Fiber optic,Bank transfer (automatic),Low Risk (Loyal)
5724-BIDBU,No,0.06592234295720158,49,55.35,One year,DSL,Electronic check,Low Risk (Loyal)
2636-SJDOU,No,0.0657252562847774,64,84.3,One year,Fiber optic,Credit card (automatic),Low Risk (Loyal)
2388-LAESQ,No,0.06559426406912272,72,114.85,Two year,Fiber optic,Bank transfer (automatic),Low Risk (Loyal)
3696-XRIEN,No,0.06558868757509144,50,82.5,One year,DSL,Credit card (automatic),Low Risk (Loyal)
7817-OMJNA,No,0.06557443434688442,14,20.4,One year,No,Bank transfer (automatic),Low Risk (Loyal)
4670-TABXH,No,0.06534591155749428,72,109.75,Two year,Fiber optic,Credit card (automatic),Low Risk (Loyal)
8680-CGLTP,No,0.06533687262543433,29,58.75,One year,DSL,Electronic check,Low Risk (Loyal)
4018-KJYUY,No,0.06526172949773429,22,20.15,Month-to-month,No,Credit card (automatic),Low Risk (Loyal)
3612-YUNGG,No,0.0651760021119785,64,109.2,Two year,Fiber optic,Credit card (automatic),Low Risk (Loyal)
8383-SGHJU,No,0.06517567150016318,33,59.4,One year,DSL,Electronic check,Low Risk (Loyal)
6257-DTAYD,No,0.06517504770379477,71,104.15,Two year,Fiber optic,Credit card (automatic),Low Risk (Loyal)
1557-EMYVT,No,0.06507254793747035,43,115.05,Two year,Fiber optic,Credit card (automatic),Low Risk (Loyal)
1345-ZUKID,No,0.06500479820337773,14,19.35,One year,No,Mailed check,Low Risk (Loyal)
6508-NJYRO,No,0.06484334182966074,15,18.8,One year,No,Mailed check,Low Risk (Loyal)
1402-PTHGN,No,0.06468092720785337,18,61.5,One year,DSL,Mailed check,Low Risk (Loyal)
9845-PEEKO,No,0.06455354848175869,59,79.2,Two year,Fiber optic,Credit card (automatic),Low Risk (Loyal)
2651-ZCBXV,No,0.06442400675494607,54,108.0,Two year,Fiber optic,Credit card (automatic),Low Risk (Loyal)
1498-DQNRX,No,0.06428198865926205,29,19.85,Month-to-month,No,Mailed check,Low Risk (Loyal)
1163-VIPRI,No,0.06421024728161696,65,109.3,Two year,Fiber optic,Electronic check,Low Risk (Loyal)
8741-LQOBK,No,0.06414413004027697,46,35.05,Month-to-month,DSL,Bank transfer (automatic),Low Risk (Loyal)
6734-FQAJX,No,0.06412937582511903,67,105.05,Two year,Fiber optic,Electronic check,Low Risk (Loyal)
7255-SSFBC,No,0.06412846305268635,72,112.25,Two year,Fiber optic,Bank transfer (automatic),Low Risk (Loyal)
3363-DTIVD,No,0.06405134432203842,71,105.55,Two year,Fiber optic,Electronic check,Low Risk (Loyal)
8883-GRDWQ,No,0.0639283137517099,20,54.0,One year,DSL,Mailed check,Low Risk (Loyal)
2592-HODOV,No,0.06386141539346027,13,19.3,One year,No,Credit card (automatic),Low Risk (Loyal)
5944-UGLLK,No,0.06384371386915834,53,54.9,One year,DSL,Credit card (automatic),Low Risk (Loyal)
0401-WDBXM,No,0.06370979940528272,72,105.55,Two year,Fiber optic,Bank transfer (automatic),Low Risk (Loyal)
8901-UPRHR,No,0.06365302907371334,72,109.2,Two year,Fiber optic,Bank transfer (automatic),Low Risk (Loyal)
7841-FCRQD,No,0.06364766455970834,33,53.75,One year,DSL,Credit card (automatic),Low Risk (Loyal)
9917-KWRBE,No,0.06359332378552338,41,78.35,One year,DSL,Credit card (automatic),Low Risk (Loyal)
8659-HDIYE,No,0.06358984313199521,64,74.65,Month-to-month,DSL,Credit card (automatic),Low Risk (Loyal)
9617-UDPEU,No,0.06335028638044063,22,19.25,One year,No,Mailed check,Low Risk (Loyal)
1480-BKXGA,No,0.0631822061851301,72,116.05,Two year,Fiber optic,Bank transfer (automatic),Low Risk (Loyal)
0862-PRCBS,No,0.06316069673565851,68,103.75,Two year,Fiber optic,Credit card (automatic),Low Risk (Loyal)
1930-BZLHI,No,0.0630143858424411,21,20.35,One year,No,Mailed check,Low Risk (Loyal)
4616-EWBNJ,No,0.06299764699024255,16,20.1,One year,No,Bank transfer (automatic),Low Risk (Loyal)
7868-TMWMZ,No,0.06298563023612623,60,110.0,Two year,Fiber optic,Bank transfer (automatic),Low Risk (Loyal)
1430-SFQSA,No,0.0628671092592558,29,35.6,One year,DSL,Mailed check,Low Risk (Loyal)
8756-RDDLT,No,0.06286411240787593,68,44.95,Month-to-month,DSL,Electronic check,Low Risk (Loyal)
1097-FSPVW,No,0.06277514771828488,42,54.55,Month-to-month,DSL,Credit card (automatic),Low Risk (Loyal)
6434-TTGJP,No,0.06277293677965955,10,53.7,Two year,DSL,Credit card (automatic),Low Risk (Loyal)
5442-BXVND,No,0.06259431846064939,33,24.25,Month-to-month,No,Bank transfer (automatic),Low Risk (Loyal)
1090-PYKCI,No,0.06252381734358022,69,105.1,One year,Fiber optic,Credit card (automatic),Low Risk (Loyal)
0907-HQNTS,No,0.06240696879816436,70,113.0,Two year,Fiber optic,Credit card (automatic),Low Risk (Loyal)
8869-LIHMK,No,0.062354653266284144,64,115.1,Two year,Fiber optic,Bank transfer (automatic),Low Risk (Loyal)
3551-GAEGL,No,0.06222368595913864,34,30.4,One year,DSL,Bank transfer (automatic),Low Risk (Loyal)
6250-CGGUN,No,0.062182418956866464,54,84.4,One year,Fiber optic,Electronic check,Low Risk (Loyal)
0307-BCOPK,No,0.06178163890704566,16,19.05,One year,No,Mailed check,Low Risk (Loyal)
0484-JPBRU,No,0.061744272494648686,41,25.25,Month-to-month,No,Bank transfer (automatic),Low Risk (Loyal)
5451-YHYPW,No,0.06172388518882699,72,115.75,Two year,Fiber optic,Credit card (automatic),Low Risk (Loyal)
7923-IYJWY,No,0.06146231477182178,67,116.1,Two year,Fiber optic,Credit card (automatic),Low Risk (Loyal)
1452-XRSJV,No,0.06145431265047136,39,51.05,Month-to-month,DSL,Credit card (automatic),Low Risk (Loyal)
3407-JMJQQ,No,0.06141179806784476,71,109.0,Two year,Fiber optic,Bank transfer (automatic),Low Risk (Loyal)
2988-QRAJY,No,0.06140839566906995,69,110.05,Two year,Fiber optic,Credit card (automatic),Low Risk (Loyal)
4906-ZHGPK,No,0.06133696097018246,54,70.7,One year,DSL,Electronic check,Low Risk (Loyal)
4508-OEBEY,No,0.06128343005563294,31,75.5,One year,DSL,Credit card (automatic),Low Risk (Loyal)
9766-HGEDE,No,0.06126504798369239,17,19.35,One year,No,Mailed check,Low Risk (Loyal)
6427-FEFIG,No,0.06125675380753628,24,78.6,Two year,DSL,Credit card (automatic),Low Risk (Loyal)
3721-CNZHX,No,0.06115291926422333,15,19.8,One year,No,Mailed check,Low Risk (Loyal)
8328-SKJNO,No,0.061085152423850556,23,40.65,One year,DSL,Bank transfer (automatic),Low Risk (Loyal)
3131-NWVFJ,No,0.061036969125728764,14,19.55,One year,No,Mailed check,Low Risk (Loyal)
5135-GRQJV,No,0.0609690437168154,72,114.5,Two year,Fiber optic,Mailed check,Low Risk (Loyal)
4815-YOSUK,No,0.06089514853386727,72,104.9,One year,Fiber optic,Credit card (automatic),Low Risk (Loyal)
8707-RMEZH,No,0.06082209976510035,69,87.3,One year,Fiber optic,Credit card (automatic),Low Risk (Loyal)
8792-AOROI,No,0.06080125207828173,8,65.5,Two year,DSL,Mailed check,Low Risk (Loyal)
8016-ZMGMO,No,0.0607331852661191,66,70.85,One year,DSL,Bank transfer (automatic),Low Risk (Loyal)
8029-XYPWT,No,0.06069141691417074,71,115.05,Two year,Fiber optic,Bank transfer (automatic),Low Risk (Loyal)
0829-DDVLK,No,0.060668805478456815,15,20.1,One year,No,Credit card (automatic),Low Risk (Loyal)
3243-ZHOHY,No,0.060644250030437365,16,20.1,One year,No,Mailed check,Low Risk (Loyal)
1545-JFUML,No,0.060639194773021377,71,99.0,Two year,Fiber optic,Electronic check,Low Risk (Loyal)
4057-FKCZK,No,0.060572790003091875,58,82.5,Two year,Fiber optic,Bank transfer (automatic),Low Risk (Loyal)
8224-UAXBZ,No,0.0603975570076415,58,45.35,One year,DSL,Electronic check,Low Risk (Loyal)
2171-UDMFD,No,0.06029687573973008,32,19.45,Month-to-month,No,Credit card (automatic),Low Risk (Loyal)
6416-JNVRK,No,0.06017477538456132,46,55.65,One year,DSL,Credit card (automatic),Low Risk (Loyal)
7707-PYBBH,No,0.06015827574198229,40,61.9,Month-to-month,DSL,Mailed check,Low Risk (Loyal)
2639-UGMAZ,No,0.06012387113084904,71,56.45,One year,DSL,Electronic check,Low Risk (Loyal)
7279-NMVJC,No,0.06003625069844861,17,19.9,One year,No,Bank transfer (automatic),Low Risk (Loyal)
2144-ESWKO,No,0.05999840977547481,43,35.2,One year,DSL,Credit card (automatic),Low Risk (Loyal)
7801-CEDNV,No,0.05998064555957417,27,48.7,One year,DSL,Credit card (automatic),Low Risk (Loyal)
9621-OUPYD,No,0.05993980112263565,25,20.2,One year,No,Bank transfer (automatic),Low Risk (Loyal)
4323-ELYYB,No,0.059748095271238484,13,20.0,One year,No,Mailed check,Low Risk (Loyal)
6893-ODYYE,No,0.05959662895477862,50,90.1,One year,Fiber optic,Credit card (automatic),Low Risk (Loyal)
4522-XRWWI,No,0.05958705587873583,42,80.45,One year,DSL,Credit card (automatic),Low Risk (Loyal)
6075-QMNRR,No,0.05947973595344352,52,49.75,Month-to-month,DSL,Bank transfer (automatic),Low Risk (Loyal)
8690-UPCZI,No,0.05947396140365668,29,69.05,One year,DSL,Bank transfer (automatic),Low Risk (Loyal)
9127-FHJBZ,No,0.05942848513471584,72,114.0,Two year,Fiber optic,Electronic check,Low Risk (Loyal)
3580-HYCSP,No,0.05942662009399155,72,110.3,Two year,Fiber optic,Bank transfer (automatic),Low Risk (Loyal)
0357-NVCRI,No,0.05937855786650556,25,20.05,Month-to-month,No,Credit card (automatic),Low Risk (Loyal)
3026-ATZYV,No,0.05928749114762912,37,75.1,One year,DSL,Bank transfer (automatic),Low Risk (Loyal)
8434-PNQZX,No,0.059282383949937144,42,78.45,Two year,DSL,Credit card (automatic),Low Risk (Loyal)
7576-ASEJU,No,0.05926665646208076,41,74.7,One year,DSL,Credit card (automatic),Low Risk (Loyal)
3705-RHRFR,No,0.05908069202449175,69,99.15,Two year,Fiber optic,Bank transfer (automatic),Low Risk (Loyal)
1760-CAZHT,No,0.05900944725689238,25,20.8,Month-to-month,No,Mailed check,Low Risk (Loyal)
0020-INWCK,No,0.05897912309330501,71,95.75,Two year,Fiber optic,Credit card (automatic),Low Risk (Loyal)
0530-IJVDB,No,0.058857597146955085,70,114.6,Two year,Fiber optic,Electronic check,Low Risk (Loyal)
9142-XMYJH,No,0.05867758276950625,29,19.35,Month-to-month,No,Credit card (automatic),Low Risk (Loyal)
5214-NLTIT,No,0.05867269455594413,72,90.8,Two year,Fiber optic,Credit card (automatic),Low Risk (Loyal)
8898-KASCD,No,0.05866163483862911,39,35.55,One year,DSL,Mailed check,Low Risk (Loyal)
3224-DFQNQ,No,0.05860180440931107,66,89.0,One year,Fiber optic,Electronic check,Low Risk (Loyal)
8226-BXGES,No,0.05854922908837635,64,89.45,One year,Fiber optic,Bank transfer (automatic),Low Risk (Loyal)
6174-NRBTZ,No,0.05850917762187281,46,30.75,One year,DSL,Bank transfer (automatic),Low Risk (Loyal)
8628-MFKAX,No,0.058490627190718306,72,116.75,Two year,Fiber optic,Credit card (automatic),Low Risk (Loyal)
5505-OVWQW,No,0.05844833891087024,17,20.15,One year,No,Mailed check,Low Risk (Loyal)
3766-EJLFL,No,0.05829681945479905,68,109.05,Two year,Fiber optic,Bank transfer (automatic),Low Risk (Loyal)
0635-WKOLD,No,0.05826580703847318,40,70.75,One year,DSL,Credit card (automatic),Low Risk (Loyal)
9845-QOMAD,No,0.05826557106375741,14,19.75,One year,No,Mailed check,Low Risk (Loyal)
6878-GGDWG,No,0.05819220574636543,32,19.4,Month-to-month,No,Bank transfer (automatic),Low Risk (Loyal)
9931-DCEZH,No,0.05811504582834449,28,54.4,One year,DSL,Credit card (automatic),Low Risk (Loyal)
5236-XMZJY,No,0.058049059400624006,42,59.65,Month-to-month,DSL,Bank transfer (automatic),Low Risk (Loyal)
4311-QTTAI,No,0.05795820022460155,16,19.35,One year,No,Credit card (automatic),Low Risk (Loyal)
3301-VKTGC,No,0.057866181458943455,68,85.5,One year,Fiber optic,Bank transfer (automatic),Low Risk (Loyal)
3178-CIFOT,No,0.05784454651489854,23,19.65,One year,No,Credit card (automatic),Low Risk (Loyal)
9558-IHEZX,No,0.05783613375663355,71,106.75,Two year,Fiber optic,Credit card (automatic),Low Risk (Loyal)
6048-UWKAL,No,0.05780444921574789,69,105.4,Two year,Fiber optic,Credit card (automatic),Low Risk (Loyal)
7609-NRNCA,No,0.05768994698677173,17,19.55,One year,No,Mailed check,Low Risk (Loyal)
4909-JOUPP,No,0.057645152151904404,72,109.7,Two year,Fiber optic,Credit card (automatic),Low Risk (Loyal)
6904-JLBGY,No,0.05758806943547899,72,117.35,Two year,Fiber optic,Credit card (automatic),Low Risk (Loyal)
9351-HXDMR,No,0.05754841020580863,72,110.9,Two year,Fiber optic,Credit card (automatic),Low Risk (Loyal)
0422-OHQHQ,No,0.057412847590117666,15,20.55,One year,No,Mailed check,Low Risk (Loyal)
1094-BKOSX,No,0.057382002564727655,45,51.0,One year,DSL,Bank transfer (automatic),Low Risk (Loyal)
6551-ZCOTS,No,0.05733172996888634,33,24.9,One year,No,Bank transfer (automatic),Low Risk (Loyal)
2323-ARSVR,No,0.05725858318480494,67,111.05,Two year,Fiber optic,Electronic check,Low Risk (Loyal)
7925-PNRGI,No,0.05710623709900675,45,81.3,Month-to-month,DSL,Mailed check,Low Risk (Loyal)
1702-CCFNJ,No,0.05693614632618451,52,61.35,Month-to-month,DSL,Bank transfer (automatic),Low Risk (Loyal)
1474-JUWSM,No,0.05686346913099818,58,68.4,One year,DSL,Electronic check,Low Risk (Loyal)
2364-UFROM,No,0.05683386118843594,30,70.4,One year,DSL,Electronic check,Low Risk (Loyal)
3214-IYUUQ,No,0.05678182097891577,61,93.7,One year,Fiber optic,Bank transfer (automatic),Low Risk (Loyal)
7696-AMHOD,No,0.056770295106578966,49,78.0,One year,DSL,Credit card (automatic),Low Risk (Loyal)
7191-ADRGF,No,0.05670285475046372,44,54.3,Two year,DSL,Bank transfer (automatic),Low Risk (Loyal)
5671-RQRLP,No,0.05667079921977299,70,75.65,Two year,Fiber optic,Credit card (automatic),Low Risk (Loyal)
1661-CZBAU,No,0.05663906348750383,48,70.95,One year,DSL,Bank transfer (automatic),Low Risk (Loyal)
8591-TKMZH,No,0.05663223062321396,59,111.1,Two year,Fiber optic,Mailed check,Low Risk (Loyal)
1131-ALZWV,No,0.05657985110643153,24,24.6,One year,No,Bank transfer (automatic),Low Risk (Loyal)
8559-WNQZS,No,0.05652782392544106,1,20.45,Two year,No,Mailed check,Low Risk (Loyal)
3969-JQABI,No,0.05650426896518187,58,65.25,Month-to-month,DSL,Credit card (automatic),Low Risk (Loyal)
3452-FLHYD,No,0.05648539348811082,25,20.95,One year,No,Bank transfer (automatic),Low Risk (Loyal)
2710-WYVXG,No,0.05635913621453426,3,71.1,Two year,DSL,Mailed check,Low Risk (Loyal)
1133-KXCGE,No,0.0563234823201894,18,20.1,One year,No,Mailed check,Low Risk (Loyal)
2434-EEVDB,No,0.05617296038469531,64,94.6,Two year,Fiber optic,Credit card (automatic),Low Risk (Loyal)
7971-HLVXI,No,0.056158036636720136,72,84.5,Two year,Fiber optic,Credit card (automatic),Low Risk (Loyal)
2380-DAMQP,No,0.05615537390531929,72,115.15,Two year,Fiber optic,Electronic check,Low Risk (Loyal)
6993-YGFJV,No,0.056154735491894384,69,112.55,Two year,Fiber optic,Bank transfer (automatic),Low Risk (Loyal)
6867-ACCZI,No,0.05603177746179126,24,52.5,Two year,DSL,Mailed check,Low Risk (Loyal)
9298-WGMRW,No,0.05598518875737867,72,115.5,Two year,Fiber optic,Bank transfer (automatic),Low Risk (Loyal)
3244-CQPHU,No,0.055875576168228844,72,110.1,Two year,Fiber optic,Bank transfer (automatic),Low Risk (Loyal)
8975-SKGRX,No,0.05578742766740302,71,116.1,Two year,Fiber optic,Bank transfer (automatic),Low Risk (Loyal)
0565-JUPYD,No,0.05576642381756062,63,104.5,One year,Fiber optic,Credit card (automatic),Low Risk (Loyal)
4598-ZADCK,No,0.0557570879255727,53,53.6,One year,DSL,Electronic check,Low Risk (Loyal)
8570-KLJYJ,No,0.05574127615060395,36,54.45,One year,DSL,Mailed check,Low Risk (Loyal)
1272-ILHFG,No,0.05573180888644946,15,19.65,One year,No,Mailed check,Low Risk (Loyal)
7996-BPXHY,No,0.05569933741655159,13,25.0,Two year,No,Bank transfer (automatic),Low Risk (Loyal)
2878-RMWXY,No,0.05567757276690605,72,102.65,Two year,Fiber optic,Credit card (automatic),Low Risk (Loyal)
3549-ZTMNH,No,0.055516689227747815,12,24.0,Two year,No,Bank transfer (automatic),Low Risk (Loyal)
8461-EFQYM,No,0.05549939762764822,38,24.25,One year,No,Electronic check,Low Risk (Loyal)
7753-USQYQ,No,0.05542042943464449,55,64.2,One year,DSL,Electronic check,Low Risk (Loyal)
9070-BCKQP,No,0.055370848309164764,72,110.15,Two year,Fiber optic,Credit card (automatic),Low Risk (Loyal)
8612-GXIDD,No,0.055362308808955187,12,25.4,Two year,No,Bank transfer (automatic),Low Risk (Loyal)
5982-PSMKW,No,0.05535035924777452,23,91.1,Two year,DSL,Credit card (automatic),Low Risk (Loyal)
8746-BFOAJ,No,0.055317618546442314,21,20.5,One year,No,Bank transfer (automatic),Low Risk (Loyal)
4359-INNWN,No,0.055265460671381474,17,20.05,One year,No,Credit card (automatic),Low Risk (Loyal)
9046-JBFWA,No,0.05523053864658571,27,19.15,Month-to-month,No,Mailed check,Low Risk (Loyal)
6171-ZTVYB,No,0.05522095260383525,43,66.25,Month-to-month,DSL,Bank transfer (automatic),Low Risk (Loyal)
9847-HNVGP,No,0.055166195659831906,17,19.95,One year,No,Mailed check,Low Risk (Loyal)
5003-OKNNK,No,0.055143188664861974,15,20.35,One year,No,Credit card (automatic),Low Risk (Loyal)
5038-ETMLM,No,0.05512505046475384,72,113.65,Two year,Fiber optic,Bank transfer (automatic),Low Risk (Loyal)
2546-KZAAT,No,0.05511806010448337,52,75.4,One year,DSL,Mailed check,Low Risk (Loyal)
6999-CHVCF,No,0.05508205205801917,68,102.1,Two year,Fiber optic,Bank transfer (automatic),Low Risk (Loyal)
4445-KWOKW,No,0.054891649450006075,42,60.15,One year,DSL,Bank transfer (automatic),Low Risk (Loyal)
0813-TAXXS,No,0.05484249250582984,55,77.8,Two year,DSL,Bank transfer (automatic),Low Risk (Loyal)
5914-XRFQB,No,0.05476429021181738,72,115.8,Two year,Fiber optic,Bank transfer (automatic),Low Risk (Loyal)
0428-AXXLJ,No,0.05475219216064875,25,19.5,One year,No,Bank transfer (automatic),Low Risk (Loyal)
6510-UPNKS,No,0.054741639730463865,23,24.8,One year,No,Credit card (automatic),Low Risk (Loyal)
6543-JXSOO,No,0.05466995730215181,23,57.75,One year,DSL,Mailed check,Low Risk (Loyal)
5312-TSZVC,No,0.05466866597768571,15,19.65,One year,No,Mailed check,Low Risk (Loyal)
0619-OLYUR,No,0.05447587570378753,72,111.9,Two year,Fiber optic,Credit card (automatic),Low Risk (Loyal)
2368-GAKKQ,No,0.0544529604164511,70,113.65,Two year,Fiber optic,Bank transfer (automatic),Low Risk (Loyal)
3043-SUDUA,No,0.05442580053898252,32,19.9,Month-to-month,No,Bank transfer (automatic),Low Risk (Loyal)
4203-QGNZA,No,0.05441746397978295,28,20.25,Month-to-month,No,Mailed check,Low Risk (Loyal)
2927-CVULT,No,0.05424265826682207,53,104.05,Two year,Fiber optic,Bank transfer (automatic),Low Risk (Loyal)
4686-GEFRM,No,0.054141564150151526,70,98.7,Two year,Fiber optic,Bank transfer (automatic),Low Risk (Loyal)
7838-LAZFO,No,0.05412096436641028,45,78.8,One year,DSL,Bank transfer (automatic),Low Risk (Loyal)
7602-MVRMB,No,0.05403709808268729,72,110.45,Two year,Fiber optic,Bank transfer (automatic),Low Risk (Loyal)
9330-DHBFL,No,0.05397948237598972,23,66.25,One year,DSL,Mailed check,Low Risk (Loyal)
8969-PRHFK,No,0.053958333525473134,18,19.65,One year,No,Mailed check,Low Risk (Loyal)
7325-ENZFI,No,0.05383411228421911,39,40.3,One year,DSL,Bank transfer (automatic),Low Risk (Loyal)
1099-GODLO,No,0.05363635201027268,1,20.35,Two year,No,Mailed check,Low Risk (Loyal)
8208-EUMTE,No,0.05362573784254009,16,54.85,Two year,DSL,Mailed check,Low Risk (Loyal)
0454-OKRCT,No,0.0536005664192278,33,80.6,Two year,Fiber optic,Bank transfer (automatic),Low Risk (Loyal)
8499-BRXTD,No,0.05357887602430865,18,20.1,One year,No,Mailed check,Low Risk (Loyal)
6147-CBCRA,No,0.05354616479356866,33,20.05,Month-to-month,No,Mailed check,Low Risk (Loyal)
5887-IKKYO,No,0.05352277903588001,58,94.35,Two year,Fiber optic,Bank transfer (automatic),Low Risk (Loyal)
6650-BWFRT,No,0.05352105332442136,72,117.15,Two year,Fiber optic,Credit card (automatic),Low Risk (Loyal)
8788-DOXSU,No,0.0534506479513235,59,61.35,One year,DSL,Bank transfer (automatic),Low Risk (Loyal)
7100-FQPRV,No,0.05340713044929227,43,71.9,One year,DSL,Credit card (automatic),Low Risk (Loyal)
9867-JCZSP,No,0.05336133795465547,17,20.75,One year,No,Mailed check,Low Risk (Loyal)
1866-NXPSP,No,0.05320990421412259,36,75.55,One year,DSL,Mailed check,Low Risk (Loyal)
9758-MFWGD,No,0.05320970834281304,48,29.9,One year,DSL,Bank transfer (automatic),Low Risk (Loyal)
5061-PBXFW,No,0.05317843755808754,32,61.4,Month-to-month,DSL,Bank transfer (automatic),Low Risk (Loyal)
5726-CVNYA,No,0.05317147668870274,8,19.85,Two year,No,Mailed check,Low Risk (Loyal)
7813-TKCVO,No,0.05314105195326103,20,20.35,One year,No,Mailed check,Low Risk (Loyal)
3397-AVTKU,No,0.05312364316295204,43,60.0,Two year,DSL,Electronic check,Low Risk (Loyal)
5917-HBSDW,No,0.052883257020310194,37,19.35,Month-to-month,No,Electronic check,Low Risk (Loyal)
4369-NYSCF,No,0.052840958108036594,56,75.75,One year,DSL,Bank transfer (automatic),Low Risk (Loyal)
6114-TCFID,No,0.05279379976338516,29,39.5,One year,DSL,Credit card (automatic),Low Risk (Loyal)
1320-GVNHT,No,0.05277972849258086,72,108.4,Two year,Fiber optic,Credit card (automatic),Low Risk (Loyal)
2798-NYLMZ,No,0.05263865277338808,71,108.55,Two year,Fiber optic,Credit card (automatic),Low Risk (Loyal)
6435-VWCCY,No,0.052599663094302605,65,92.7,Two year,Fiber optic,Credit card (automatic),Low Risk (Loyal)
5844-QVTAT,No,0.052570645240780464,33,58.45,One year,DSL,Mailed check,Low Risk (Loyal)
3340-QBBFM,No,0.05246413832939038,36,54.1,One year,DSL,Credit card (automatic),Low Risk (Loyal)
4664-NJCMS,No,0.052433936099891526,33,59.55,Two year,DSL,Bank transfer (automatic),Low Risk (Loyal)
2030-BTZRO,No,0.05243100677265606,6,20.4,Two year,No,Credit card (automatic),Low Risk (Loyal)
6765-MBQNU,No,0.05234191451599064,26,26.0,One year,No,Mailed check,Low Risk (Loyal)
6682-VCIXC,No,0.05224152345330114,43,51.25,One year,DSL,Bank transfer (automatic),Low Risk (Loyal)
9788-HNGUT,No,0.05196475624557084,72,116.95,Two year,Fiber optic,Credit card (automatic),Low Risk (Loyal)
2073-QBVBI,No,0.05193361609146392,41,35.45,One year,DSL,Mailed check,Low Risk (Loyal)
6919-ELBGL,No,0.05189086432417494,72,114.95,Two year,Fiber optic,Bank transfer (automatic),Low Risk (Loyal)
0056-EPFBG,No,0.05188503938809547,20,39.4,Two year,DSL,Credit card (automatic),Low Risk (Loyal)
5791-KAJFD,No,0.0517645915980143,56,68.75,One year,DSL,Bank transfer (automatic),Low Risk (Loyal)
8884-MRNSU,No,0.05173577393549579,17,19.9,One year,No,Bank transfer (automatic),Low Risk (Loyal)
8727-XDPUD,No,0.05172775231364007,37,35.8,Two year,DSL,Credit card (automatic),Low Risk (Loyal)
8099-MZPUJ,No,0.05165980496213532,48,111.8,Two year,Fiber optic,Credit card (automatic),Low Risk (Loyal)
7765-LWVVH,No,0.051451065695129784,72,95.1,Two year,Fiber optic,Electronic check,Low Risk (Loyal)
2039-JONDJ,No,0.051439728509844365,27,55.45,One year,DSL,Bank transfer (automatic),Low Risk (Loyal)
0572-ZJKLT,No,0.05139876964706054,46,99.65,Two year,Fiber optic,Mailed check,Low Risk (Loyal)
2121-JAFOM,No,0.051365518652856525,72,115.55,Two year,Fiber optic,Credit card (automatic),Low Risk (Loyal)
0042-JVWOJ,No,0.051327850520240394,26,19.6,One year,No,Bank transfer (automatic),Low Risk (Loyal)
5756-OZRIO,No,0.05132110876203355,61,64.05,One year,DSL,Bank transfer (automatic),Low Risk (Loyal)
6614-FHDBO,No,0.0512399029181015,72,109.2,Two year,Fiber optic,Bank transfer (automatic),Low Risk (Loyal)
3283-WCWXT,No,0.05113938869959702,6,25.4,Two year,No,Mailed check,Low Risk (Loyal)
7569-NMZYQ,No,0.05107094892495506,72,118.75,Two year,Fiber optic,Bank transfer (automatic),Low Risk (Loyal)
3669-WHAFY,No,0.0510568061251243,71,115.15,Two year,Fiber optic,Credit card (automatic),Low Risk (Loyal)
2320-TZRRH,No,0.0510399158251424,20,19.5,One year,No,Mailed check,Low Risk (Loyal)
0197-PNKNK,No,0.0510080348467966,69,84.45,One year,Fiber optic,Bank transfer (automatic),Low Risk (Loyal)
5499-ECUTN,No,0.05086238786013101,47,66.05,One year,DSL,Credit card (automatic),Low Risk (Loyal)
3259-KNMRR,No,0.05085180119526504,57,79.75,Two year,DSL,Bank transfer (automatic),Low Risk (Loyal)
4092-OFQZS,No,0.05078473406810975,20,20.65,One year,No,Mailed check,Low Risk (Loyal)
1544-JJMYL,No,0.05070355431768619,27,69.35,One year,DSL,Credit card (automatic),Low Risk (Loyal)
2054-PJOCK,No,0.050662270270831804,60,80.55,One year,DSL,Credit card (automatic),Low Risk (Loyal)
7951-VRDVK,No,0.05065259275995759,36,85.85,One year,DSL,Bank transfer (automatic),Low Risk (Loyal)
0670-ANMUU,No,0.05060715581134662,71,97.65,One year,Fiber optic,Credit card (automatic),Low Risk (Loyal)
2245-ADZFJ,No,0.050356054803813194,31,80.55,Two year,DSL,Bank transfer (automatic),Low Risk (Loyal)
1178-PZGAB,No,0.05032653809793028,19,20.25,One year,No,Credit card (automatic),Low Risk (Loyal)
6445-TNRXS,No,0.05018074803133001,68,114.7,Two year,Fiber optic,Bank transfer (automatic),Low Risk (Loyal)
2338-BQEZT,No,0.05016339350284912,55,50.55,Month-to-month,DSL,Credit card (automatic),Low Risk (Loyal)
9938-TKDGL,No,0.05005155361828681,68,99.55,Two year,Fiber optic,Electronic check,Low Risk (Loyal)
9553-DLCLU,No,0.05003196879595847,13,88.95,Two year,DSL,Credit card (automatic),Low Risk (Loyal)
6007-TCTST,No,0.04996892881196151,72,115.8,Two year,Fiber optic,Bank transfer (automatic),Low Risk (Loyal)
7244-QWYHG,No,0.04996239470323421,50,44.45,One year,DSL,Bank transfer (automatic),Low Risk (Loyal)
9199-PWQVC,No,0.04994493097932261,63,79.7,One year,DSL,Credit card (automatic),Low Risk (Loyal)
0840-DCNZE,No,0.049929972236995884,47,86.95,One year,DSL,Bank transfer (automatic),Low Risk (Loyal)
3082-YVEKW,No,0.04992583645563036,23,77.15,Two year,DSL,Bank transfer (automatic),Low Risk (Loyal)
7369-TRPFD,No,0.0499017844705531,19,18.8,One year,No,Mailed check,Low Risk (Loyal)
4086-ATNFV,No,0.04985991010962575,34,60.8,One year,DSL,Mailed check,Low Risk (Loyal)
0234-TEVTT,No,0.049846701396895954,48,45.0,One year,DSL,Credit card (automatic),Low Risk (Loyal)
8606-CIQUL,No,0.04984445530493596,72,115.75,Two year,Fiber optic,Credit card (automatic),Low Risk (Loyal)
8348-JLBUG,No,0.04983066910790726,64,80.3,One year,Fiber optic,Credit card (automatic),Low Risk (Loyal)
9239-GZHZE,No,0.049823930353796245,72,113.65,Two year,Fiber optic,Credit card (automatic),Low Risk (Loyal)
3617-XLSGQ,No,0.049701112671061136,66,109.25,Two year,Fiber optic,Bank transfer (automatic),Low Risk (Loyal)
0013-SMEOE,No,0.04956295944391167,71,109.7,Two year,Fiber optic,Bank transfer (automatic),Low Risk (Loyal)
1488-PBLJN,No,0.0494517605129486,72,116.85,Two year,Fiber optic,Bank transfer (automatic),Low Risk (Loyal)
7472-EQOAV,No,0.04944457423160947,71,86.7,One year,Fiber optic,Bank transfer (automatic),Low Risk (Loyal)
7605-BDWDC,No,0.04939477333161554,31,49.85,Two year,DSL,Bank transfer (automatic),Low Risk (Loyal)
1407-DIGZV,No,0.049379343491867775,3,19.1,Two year,No,Mailed check,Low Risk (Loyal)
4685-TFLLS,No,0.049330196261747096,18,19.8,One year,No,Bank transfer (automatic),Low Risk (Loyal)
0859-YGKFW,No,0.04925138055274799,18,20.05,One year,No,Bank transfer (automatic),Low Risk (Loyal)
4578-PHJYZ,No,0.04918147337923698,52,68.75,One year,DSL,Electronic check,Low Risk (Loyal)
1401-FTHFQ,No,0.04913705845906586,23,20.0,One year,No,Credit card (automatic),Low Risk (Loyal)
6509-TSGWN,No,0.04913062329123015,37,26.45,Month-to-month,No,Mailed check,Low Risk (Loyal)
6244-BESBM,No,0.0490799414190457,69,95.2,Two year,Fiber optic,Credit card (automatic),Low Risk (Loyal)
6598-KELSS,No,0.049010608545559525,50,43.05,One year,DSL,Bank transfer (automatic),Low Risk (Loyal)
7055-JCGNI,No,0.048961990848912396,70,111.95,Two year,Fiber optic,Credit card (automatic),Low Risk (Loyal)
1171-TYKUR,No,0.04891526118747343,47,25.4,Month-to-month,No,Electronic check,Low Risk (Loyal)
0269-XFESX,No,0.04885435822993735,23,24.35,One year,No,Mailed check,Low Risk (Loyal)
9220-ZNKJI,No,0.048827052730923665,55,88.8,Two year,Fiber optic,Credit card (automatic),Low Risk (Loyal)
1303-SRDOK,No,0.048674143172019665,55,69.05,Two year,Fiber optic,Credit card (automatic),Low Risk (Loyal)
7554-NEWDD,No,0.04865810531429181,10,25.7,Two year,No,Bank transfer (automatic),Low Risk (Loyal)
3963-RYFNS,No,0.048650080732951226,72,116.45,Two year,Fiber optic,Bank transfer (automatic),Low Risk (Loyal)
5183-KLYEM,No,0.04862002257184109,72,112.75,Two year,Fiber optic,Credit card (automatic),Low Risk (Loyal)
1069-QJOEE,No,0.048575866410497125,25,19.9,One year,No,Electronic check,Low Risk (Loyal)
8313-AFGBW,No,0.04846431114999738,47,73.6,Two year,DSL,Electronic check,Low Risk (Loyal)
1043-UXOVO,No,0.048380779231374064,71,113.15,Two year,Fiber optic,Credit card (automatic),Low Risk (Loyal)
6859-QNXIQ,No,0.048351549846813474,72,113.1,Two year,Fiber optic,Bank transfer (automatic),Low Risk (Loyal)
0254-FNMCI,No,0.0482935365957056,72,109.9,Two year,Fiber optic,Electronic check,Low Risk (Loyal)
3396-DKDEL,No,0.04823523985265252,70,115.15,Two year,Fiber optic,Credit card (automatic),Low Risk (Loyal)
5546-BYZSM,No,0.04822748926028471,41,20.45,Month-to-month,No,Electronic check,Low Risk (Loyal)
7176-WRTNX,No,0.04818043399520789,70,114.95,Two year,Fiber optic,Bank transfer (automatic),Low Risk (Loyal)
9860-LISIZ,No,0.04817410196305836,34,20.35,Month-to-month,No,Mailed check,Low Risk (Loyal)
9534-NSXEM,No,0.04815494913864439,26,20.65,One year,No,Credit card (automatic),Low Risk (Loyal)
9313-CDOGY,No,0.04811759038742126,38,19.6,Month-to-month,No,Electronic check,Low Risk (Loyal)
8097-VBQTZ,No,0.047950334898042464,54,69.9,Month-to-month,DSL,Mailed check,Low Risk (Loyal)
8630-QSGXK,No,0.04792211353179093,51,75.2,Two year,DSL,Bank transfer (automatic),Low Risk (Loyal)
8106-GWQOK,No,0.04783139022874426,38,60.0,Two year,DSL,Bank transfer (automatic),Low Risk (Loyal)
6869-FGJJC,No,0.047754524607390866,68,79.6,One year,Fiber optic,Credit card (automatic),Low Risk (Loyal)
9589-ABEPT,No,0.0477526828676541,69,92.45,Two year,Fiber optic,Mailed check,Low Risk (Loyal)
1036-GUDCL,No,0.04773229438399069,60,79.05,Month-to-month,DSL,Credit card (automatic),Low Risk (Loyal)
2223-GDSHL,No,0.04767898096441265,71,116.05,Two year,Fiber optic,Bank transfer (automatic),Low Risk (Loyal)
7710-JSYOA,No,0.04763866130925483,69,93.3,Two year,Fiber optic,Bank transfer (automatic),Low Risk (Loyal)
7319-ZNRTR,No,0.04751987378639062,25,19.6,One year,No,Electronic check,Low Risk (Loyal)
7196-LIWRH,No,0.04750048559239449,6,19.55,Two year,No,Mailed check,Low Risk (Loyal)
6752-APNJL,No,0.04748769752542071,42,54.5,Month-to-month,DSL,Mailed check,Low Risk (Loyal)
5965-GGPRW,No,0.047480338442517894,72,105.25,Two year,Fiber optic,Bank transfer (automatic),Low Risk (Loyal)
9746-UGFAC,No,0.04746471212284903,22,20.85,One year,No,Bank transfer (automatic),Low Risk (Loyal)
1599-MMYRQ,No,0.04744817266583698,62,81.45,One year,Fiber optic,Credit card (automatic),Low Risk (Loyal)
2466-FCCPT,No,0.047393355799433406,20,19.7,One year,No,Bank transfer (automatic),Low Risk (Loyal)
4378-MYPGO,No,0.04733781682304633,68,105.25,Two year,Fiber optic,Bank transfer (automatic),Low Risk (Loyal)
4884-TVUQF,No,0.047327478742728836,57,101.3,Two year,Fiber optic,Credit card (automatic),Low Risk (Loyal)
0679-TDGAK,No,0.0472541283951061,50,75.5,One year,DSL,Electronic check,Low Risk (Loyal)
9891-NQDBD,No,0.04724039834221195,28,25.55,One year,No,Mailed check,Low Risk (Loyal)
7730-CLDSV,No,0.04720027859478132,72,98.65,Two year,Fiber optic,Bank transfer (automatic),Low Risk (Loyal)
2790-XUYMV,No,0.047166240354240746,71,85.45,One year,Fiber optic,Credit card (automatic),Low Risk (Loyal)
3726-TBHQT,No,0.04714151767353928,71,114.0,Two year,Fiber optic,Bank transfer (automatic),Low Risk (Loyal)
5186-PEIZU,No,0.047081637596286,35,19.25,Month-to-month,No,Bank transfer (automatic),Low Risk (Loyal)
9541-PWTWO,No,0.04706821608815521,52,80.95,Two year,DSL,Bank transfer (automatic),Low Risk (Loyal)
4957-TIALW,No,0.047028056779871694,15,65.6,One year,DSL,Credit card (automatic),Low Risk (Loyal)
0930-EHUZA,No,0.047027158227278196,36,76.35,One year,DSL,Mailed check,Low Risk (Loyal)
7338-ERIVA,No,0.04693198433396214,39,45.05,One year,DSL,Bank transfer (automatic),Low Risk (Loyal)
3810-DVDQQ,No,0.04692248478572683,72,117.6,Two year,Fiber optic,Bank transfer (automatic),Low Risk (Loyal)
9742-XOKTS,No,0.04688224810687883,67,89.55,One year,Fiber optic,Electronic check,Low Risk (Loyal)
2061-VVFST,No,0.046843549723163035,37,19.5,Month-to-month,No,Bank transfer (automatic),Low Risk (Loyal)
1352-HNSAW,No,0.046779477522780034,72,115.6,Two year,Fiber optic,Bank transfer (automatic),Low Risk (Loyal)
9637-CDTKZ,No,0.04675528557053869,72,114.1,Two year,Fiber optic,Credit card (automatic),Low Risk (Loyal)
8777-PVYGU,No,0.046681140348569135,52,64.3,One year,DSL,Mailed check,Low Risk (Loyal)
4627-MIHJH,No,0.04668095959500528,69,110.25,Two year,Fiber optic,Credit card (automatic),Low Risk (Loyal)
9207-ZPANB,No,0.04666618423573865,37,67.45,One year,DSL,Electronic check,Low Risk (Loyal)
1790-NESIO,No,0.04657066346347264,13,20.4,Two year,No,Mailed check,Low Risk (Loyal)
6527-PZFPV,No,0.046562355567562295,24,20.8,One year,No,Credit card (automatic),Low Risk (Loyal)
2361-FJWNO,No,0.04652919898406224,40,36.0,One year,DSL,Credit card (automatic),Low Risk (Loyal)
6100-FJZDG,No,0.046522174670505394,26,20.05,One year,No,Bank transfer (automatic),Low Risk (Loyal)
1904-WAJAA,No,0.04647497563662302,24,64.35,Two year,DSL,Electronic check,Low Risk (Loyal)
7839-NUIAA,No,0.046472414854696276,61,59.8,Month-to-month,DSL,Electronic check,Low Risk (Loyal)
1741-WTPON,No,0.04645970371790274,56,115.85,Two year,Fiber optic,Mailed check,Low Risk (Loyal)
9027-TMATR,No,0.04642878790413679,43,78.8,Two year,DSL,Electronic check,Low Risk (Loyal)
6371-NZYEG,No,0.04641746219373166,16,64.25,Two year,DSL,Mailed check,Low Risk (Loyal)
0675-NCDYU,No,0.046385051187066095,72,116.4,Two year,Fiber optic,Credit card (automatic),Low Risk (Loyal)
6211-WWLTF,No,0.04638137267699852,63,99.7,Two year,Fiber optic,Credit card (automatic),Low Risk (Loyal)
8085-MSNLK,No,0.046294157586862755,62,113.95,Two year,Fiber optic,Mailed check,Low Risk (Loyal)
4611-ANLQC,No,0.04629241145599919,60,50.05,One year,DSL,Electronic check,Low Risk (Loyal)
5172-RKOCB,No,0.04624444708964351,72,108.95,Two year,Fiber optic,Credit card (automatic),Low Risk (Loyal)
7321-ZNSLA,No,0.0462198828610156,13,40.55,Two year,DSL,Mailed check,Low Risk (Loyal)
3374-PZLXD,No,0.04620695990539811,34,19.7,Month-to-month,No,Mailed check,Low Risk (Loyal)
2190-PHBHR,No,0.04587682109111157,72,94.45,Two year,Fiber optic,Credit card (automatic),Low Risk (Loyal)
5855-EIBDE,No,0.04573476698750434,49,106.65,Two year,Fiber optic,Credit card (automatic),Low Risk (Loyal)
9955-QOPOY,No,0.04572016183604935,69,60.8,One year,DSL,Credit card (automatic),Low Risk (Loyal)
9046-DQMTP,No,0.045604839991674945,35,20.75,Month-to-month,No,Bank transfer (automatic),Low Risk (Loyal)
8763-KIAFH,No,0.045581792802017476,27,20.55,One year,No,Mailed check,Low Risk (Loyal)
5375-XLDOF,No,0.04552254709722761,69,114.35,Two year,Fiber optic,Bank transfer (automatic),Low Risk (Loyal)
7876-AEHIG,No,0.04550239282788825,51,60.15,One year,DSL,Bank transfer (automatic),Low Risk (Loyal)
1841-YSJGV,No,0.04549817215253716,72,109.95,Two year,Fiber optic,Credit card (automatic),Low Risk (Loyal)
3258-ZKPAI,No,0.04548166290831689,72,116.6,Two year,Fiber optic,Bank transfer (automatic),Low Risk (Loyal)
9000-PLFUZ,No,0.04547300448344673,60,49.45,Two year,DSL,Credit card (automatic),Low Risk (Loyal)
8748-HFWBO,No,0.045457775983244735,19,19.9,One year,No,Mailed check,Low Risk (Loyal)
1561-BWHIN,No,0.04534472208890019,19,19.8,One year,No,Mailed check,Low Risk (Loyal)
4032-RMHCI,No,0.04528406461203629,41,35.4,One year,DSL,Credit card (automatic),Low Risk (Loyal)
0017-IUDMW,No,0.04514343270585426,72,116.8,Two year,Fiber optic,Credit card (automatic),Low Risk (Loyal)
2197-OMWGI,No,0.045089177417115205,68,53.0,Two year,DSL,Electronic check,Low Risk (Loyal)
8996-ZROXE,No,0.04504922485371793,57,53.5,One year,DSL,Electronic check,Low Risk (Loyal)
9236-NDUCW,No,0.04500348131275642,21,35.1,Two year,DSL,Mailed check,Low Risk (Loyal)
3186-AJIEK,No,0.04492821998252019,66,105.65,Two year,Fiber optic,Bank transfer (automatic),Low Risk (Loyal)
8024-XNAFQ,No,0.044911502721910426,72,107.4,Two year,Fiber optic,Bank transfer (automatic),Low Risk (Loyal)
9150-KPBJQ,No,0.044890721698954465,6,19.65,Two year,No,Credit card (automatic),Low Risk (Loyal)
4304-TSPVK,No,0.04462123269051836,68,114.9,Two year,Fiber optic,Bank transfer (automatic),Low Risk (Loyal)
9619-GSATL,No,0.04456043175301723,43,55.45,One year,DSL,Electronic check,Low Risk (Loyal)
0754-EEBDC,No,0.04455578657640697,4,19.9,Two year,No,Mailed check,Low Risk (Loyal)
3870-SPZSI,No,0.04453359181575334,70,113.05,Two year,Fiber optic,Credit card (automatic),Low Risk (Loyal)
4376-KFVRS,No,0.044345664260142616,72,114.05,Two year,Fiber optic,Credit card (automatic),Low Risk (Loyal)
0019-EFAEP,No,0.04432888721752764,72,101.3,Two year,Fiber optic,Bank transfer (automatic),Low Risk (Loyal)
5847-MXBEO,No,0.0442713861853246,22,20.3,One year,No,Mailed check,Low Risk (Loyal)
0727-BNRLG,No,0.044261916092582926,69,97.65,Two year,Fiber optic,Credit card (automatic),Low Risk (Loyal)
7833-PKIHD,No,0.04419708757164532,51,76.4,One year,DSL,Bank transfer (automatic),Low Risk (Loyal)
8738-JOKAR,No,0.04417971870459874,42,67.7,One year,DSL,Mailed check,Low Risk (Loyal)
2200-DSAAL,No,0.044118186378286385,68,80.65,Two year,DSL,Electronic check,Low Risk (Loyal)
3795-CAWEX,No,0.04411059986348049,70,116.55,Two year,Fiber optic,Credit card (automatic),Low Risk (Loyal)
6478-HRRCZ,No,0.04405635923886659,32,70.5,One year,DSL,Mailed check,Low Risk (Loyal)
9959-WOFKT,No,0.04404021114401206,71,106.7,Two year,Fiber optic,Bank transfer (automatic),Low Risk (Loyal)
3778-FOAQW,No,0.04397471513563133,24,20.15,One year,No,Mailed check,Low Risk (Loyal)
8022-BECSI,No,0.043969645950168404,22,19.6,One year,No,Mailed check,Low Risk (Loyal)
2453-SAFNS,No,0.04389359147031929,54,72.1,One year,DSL,Mailed check,Low Risk (Loyal)
9680-NIAUV,No,0.043847092223456736,72,109.7,Two year,Fiber optic,Credit card (automatic),Low Risk (Loyal)
9702-AIUJO,No,0.04383004591423254,50,44.8,One year,DSL,Bank transfer (automatic),Low Risk (Loyal)
6016-LVTJQ,No,0.043824308753007114,34,20.65,Month-to-month,No,Mailed check,Low Risk (Loyal)
8400-WZICQ,No,0.0438131622482297,55,55.7,Month-to-month,DSL,Electronic check,Low Risk (Loyal)
5575-GNVDE,No,0.04378740870380903,34,56.95,One year,DSL,Mailed check,Low Risk (Loyal)
1222-KJNZD,No,0.043765046351128954,40,20.4,Month-to-month,No,Bank transfer (automatic),Low Risk (Loyal)
5995-WWKKG,No,0.0437371997040915,37,19.8,One year,No,Electronic check,Low Risk (Loyal)
2829-HYVZP,No,0.04354391226332402,29,19.8,One year,No,Mailed check,Low Risk (Loyal)
3078-ZKNTS,No,0.0435262472442088,13,19.75,Two year,No,Bank transfer (automatic),Low Risk (Loyal)
7995-ZHHNZ,No,0.04347713955409243,42,56.1,One year,DSL,Credit card (automatic),Low Risk (Loyal)
5204-HMGYF,No,0.04346049316792351,49,87.2,One year,DSL,Mailed check,Low Risk (Loyal)
3546-GHEAE,No,0.04343862027555571,7,19.45,Two year,No,Mailed check,Low Risk (Loyal)
1834-ABKHQ,No,0.04340154373715707,52,50.95,One year,DSL,Bank transfer (automatic),Low Risk (Loyal)
7005-CYUIL,No,0.043345916473001504,71,99.4,Two year,Fiber optic,Electronic check,Low Risk (Loyal)
6584-VQMYT,No,0.043341687059953844,27,56.2,One year,DSL,Mailed check,Low Risk (Loyal)
5073-RZGBK,No,0.04331038054359793,50,80.05,One year,DSL,Bank transfer (automatic),Low Risk (Loyal)
3482-ABPKK,No,0.04323565137424273,28,54.3,One year,DSL,Mailed check,Low Risk (Loyal)
5989-AXPUC,No,0.04322717166799288,68,118.6,Two year,Fiber optic,Mailed check,Low Risk (Loyal)
9746-YKGXB,No,0.043219551043863845,52,44.25,One year,DSL,Bank transfer (automatic),Low Risk (Loyal)
1734-ZMNTZ,No,0.04321107988164383,11,25.0,Two year,No,Mailed check,Low Risk (Loyal)
9625-QNLUX,No,0.04317412309812021,68,103.25,Two year,Fiber optic,Credit card (automatic),Low Risk (Loyal)
8388-DMKAE,No,0.043053226780937905,8,20.25,Two year,No,Mailed check,Low Risk (Loyal)
2085-JVGAD,No,0.04296236793537705,37,20.35,Month-to-month,No,Bank transfer (automatic),Low Risk (Loyal)
6064-PUPMC,No,0.04293323990035991,23,57.2,One year,DSL,Credit card (automatic),Low Risk (Loyal)
8966-OIQHG,No,0.04287626467578665,22,20.75,One year,No,Bank transfer (automatic),Low Risk (Loyal)
3259-QMXUN,No,0.04286830156995618,58,86.1,Two year,DSL,Electronic check,Low Risk (Loyal)
7619-PLRLP,No,0.04284641499717329,53,74.1,One year,DSL,Bank transfer (automatic),Low Risk (Loyal)
4135-FRWKJ,No,0.04284348071127023,55,76.25,One year,DSL,Electronic check,Low Risk (Loyal)
5149-QYTTU,No,0.04281679905995826,71,95.15,One year,Fiber optic,Credit card (automatic),Low Risk (Loyal)
2017-CCBLH,No,0.04278477756826918,8,20.0,Two year,No,Mailed check,Low Risk (Loyal)
5474-LAMUQ,No,0.0427562129538078,24,20.1,One year,No,Mailed check,Low Risk (Loyal)
7037-MTYVW,No,0.04271289691635392,38,85.4,Two year,DSL,Bank transfer (automatic),Low Risk (Loyal)
7137-NAXML,No,0.04268350017330923,23,20.15,One year,No,Bank transfer (automatic),Low Risk (Loyal)
5199-FPUSP,No,0.04265352411870872,33,34.05,One year,DSL,Credit card (automatic),Low Risk (Loyal)
0254-KCJGT,No,0.042648173691411405,52,81.4,One year,DSL,Credit card (automatic),Low Risk (Loyal)
9030-QGZNL,No,0.04264006297547624,8,20.85,Two year,No,Mailed check,Low Risk (Loyal)
6368-TZZDT,No,0.04263334500226063,4,19.5,Two year,No,Credit card (automatic),Low Risk (Loyal)
7527-QNRUS,No,0.0425188957063974,17,25.15,Two year,No,Mailed check,Low Risk (Loyal)
9347-AERRL,No,0.04250969658476599,23,19.3,One year,No,Credit card (automatic),Low Risk (Loyal)
9640-ZSLDC,No,0.042486581260057825,53,60.6,One year,DSL,Credit card (automatic),Low Risk (Loyal)
1325-USMEC,No,0.042449949250208056,70,99.35,Two year,Fiber optic,Credit card (automatic),Low Risk (Loyal)
7520-HQWJU,No,0.04243408439434236,66,67.45,Month-to-month,DSL,Bank transfer (automatic),Low Risk (Loyal)
2511-MORQY,No,0.04238246648651858,50,54.9,One year,DSL,Bank transfer (automatic),Low Risk (Loyal)
4115-BNPJY,No,0.042357271035694345,29,75.55,Two year,DSL,Mailed check,Low Risk (Loyal)
1576-PFZIW,No,0.042335006293326,70,105.35,Two year,Fiber optic,Credit card (automatic),Low Risk (Loyal)
2587-YNLES,No,0.042330021895881934,6,20.1,Two year,No,Mailed check,Low Risk (Loyal)
1354-YZFNB,No,0.042293271685102767,4,19.55,Two year,No,Credit card (automatic),Low Risk (Loyal)
2995-YWTCD,No,0.04228912496503778,19,24.9,Two year,No,Bank transfer (automatic),Low Risk (Loyal)
6726-NNFWD,No,0.042286014823241375,71,89.45,Two year,Fiber optic,Credit card (automatic),Low Risk (Loyal)
3892-NXAZG,No,0.04227656093901146,72,114.05,Two year,Fiber optic,Credit card (automatic),Low Risk (Loyal)
7030-FZTFM,No,0.042172812845154305,72,110.9,Two year,Fiber optic,Credit card (automatic),Low Risk (Loyal)
6461-PPAXN,No,0.04211907375058891,35,54.95,One year,DSL,Bank transfer (automatic),Low Risk (Loyal)
7691-KGKGP,No,0.042117335890778464,53,65.0,Month-to-month,DSL,Credit card (automatic),Low Risk (Loyal)
3410-YOQBQ,No,0.04206257056171206,31,79.2,Two year,DSL,Mailed check,Low Risk (Loyal)
4717-GHADL,No,0.042034689501178,50,79.6,Two year,DSL,Mailed check,Low Risk (Loyal)
1682-VCOIO,No,0.04201537457938663,23,20.45,One year,No,Mailed check,Low Risk (Loyal)
3422-WJOYD,No,0.04197508981957577,28,54.35,One year,DSL,Mailed check,Low Risk (Loyal)
1936-CZAKF,No,0.041966109451509165,49,49.65,Two year,DSL,Credit card (automatic),Low Risk (Loyal)
8821-KVZKQ,No,0.041886511108800095,70,58.4,One year,DSL,Bank transfer (automatic),Low Risk (Loyal)
3125-RAHBV,No,0.0418704161934193,22,20.3,One year,No,Credit card (automatic),Low Risk (Loyal)
3594-BDSOA,No,0.04185992085898739,24,20.4,One year,No,Credit card (automatic),Low Risk (Loyal)
0756-MPZRL,No,0.04184905939427157,46,33.7,One year,DSL,Credit card (automatic),Low Risk (Loyal)
9108-EQPNQ,No,0.04182239180951134,10,26.1,Two year,No,Credit card (automatic),Low Risk (Loyal)
2706-QZIHY,No,0.041818779533112596,15,25.2,Two year,No,Mailed check,Low Risk (Loyal)
2580-ASVVY,No,0.0417658401608953,37,45.4,Two year,DSL,Electronic check,Low Risk (Loyal)
4709-LKHYG,No,0.04173694927518777,29,20.0,One year,No,Electronic check,Low Risk (Loyal)
4973-RLZVI,No,0.041700387450082026,30,74.65,One year,DSL,Credit card (automatic),Low Risk (Loyal)
5386-THSLQ,No,0.041605796183548704,66,45.55,One year,DSL,Bank transfer (automatic),Low Risk (Loyal)
1455-HFBXA,No,0.04157269550424263,52,91.6,Two year,Fiber optic,Credit card (automatic),Low Risk (Loyal)
6072-NUQCB,No,0.041422167333854,22,20.25,One year,No,Bank transfer (automatic),Low Risk (Loyal)
0657-DOGUM,No,0.041344270636461226,48,60.6,One year,DSL,Bank transfer (automatic),Low Risk (Loyal)
0253-ZTEOB,No,0.04129230997119607,48,79.65,Two year,DSL,Electronic check,Low Risk (Loyal)
7375-WMVMT,No,0.04127978109895888,71,95.5,Two year,Fiber optic,Credit card (automatic),Low Risk (Loyal)
7168-HDQHG,No,0.041246497162873264,36,19.2,Month-to-month,No,Bank transfer (automatic),Low Risk (Loyal)
5862-BRIXZ,No,0.04122812034297322,46,60.75,Two year,DSL,Bank transfer (automatic),Low Risk (Loyal)
9906-NHHVC,No,0.04120293522166919,65,53.5,Two year,DSL,Bank transfer (automatic),Low Risk (Loyal)
8480-PPONV,No,0.041191878045338505,62,115.55,Two year,Fiber optic,Bank transfer (automatic),Low Risk (Loyal)
9802-CAQUT,No,0.041164833614873775,72,109.55,Two year,Fiber optic,Credit card (automatic),Low Risk (Loyal)
2348-KCJLT,No,0.0410967003603309,44,61.5,One year,DSL,Mailed check,Low Risk (Loyal)
4707-YNOQA,No,0.04109399572207784,34,25.6,One year,No,Credit card (automatic),Low Risk (Loyal)
3520-FJGCV,No,0.04108732835117019,72,112.6,Two year,Fiber optic,Credit card (automatic),Low Risk (Loyal)
9500-IWPXQ,No,0.04107284190048123,61,79.4,One year,DSL,Electronic check,Low Risk (Loyal)
9648-BCHKM,No,0.041014313977417116,18,24.65,Two year,No,Credit card (automatic),Low Risk (Loyal)
6047-SUHPR,No,0.04093391565443956,39,59.8,One year,DSL,Electronic check,Low Risk (Loyal)
8779-YIQQA,No,0.040897070355536885,21,19.8,One year,No,Mailed check,Low Risk (Loyal)
8007-YYPWD,No,0.040875483232509446,15,25.05,Two year,No,Bank transfer (automatic),Low Risk (Loyal)
4778-IZARL,No,0.04083249457067766,63,110.1,Two year,Fiber optic,Credit card (automatic),Low Risk (Loyal)
4803-LBYPN,No,0.04076797928905202,34,20.8,Month-to-month,No,Mailed check,Low Risk (Loyal)
8314-HTWVE,No,0.04074506637188809,7,19.85,Two year,No,Mailed check,Low Risk (Loyal)
6670-MFRPK,No,0.040728952331280086,69,79.2,Two year,Fiber optic,Credit card (automatic),Low Risk (Loyal)
8883-ANODQ,No,0.040714871500810705,68,84.4,Two year,Fiber optic,Credit card (automatic),Low Risk (Loyal)
2188-SXWVT,No,0.04062238018141135,34,55.0,One year,DSL,Mailed check,Low Risk (Loyal)
9867-XOBQA,No,0.04060005448956222,21,53.15,Two year,DSL,Mailed check,Low Risk (Loyal)
8915-NNTRC,No,0.0405805785629838,72,107.7,Two year,Fiber optic,Credit card (automatic),Low Risk (Loyal)
6176-YJWAS,No,0.0405785598663671,72,97.95,Two year,Fiber optic,Credit card (automatic),Low Risk (Loyal)
9289-LBQVU,No,0.04052467931765322,64,70.15,One year,DSL,Mailed check,Low Risk (Loyal)
7994-XIRTR,No,0.04048440088442637,54,65.25,One year,DSL,Bank transfer (automatic),Low Risk (Loyal)
3523-BRGUW,No,0.04038725719417354,26,19.3,One year,No,Credit card (automatic),Low Risk (Loyal)
7017-VFHAY,No,0.04035095022949336,61,115.1,Two year,Fiber optic,Credit card (automatic),Low Risk (Loyal)
7337-CINUD,No,0.04026301174642847,8,19.5,Two year,No,Bank transfer (automatic),Low Risk (Loyal)
3717-FDJFU,No,0.040228899638240785,5,20.45,Two year,No,Mailed check,Low Risk (Loyal)
0946-FKYTX,No,0.04022128521896361,52,30.1,One year,DSL,Mailed check,Low Risk (Loyal)
7244-KXYZN,No,0.04018471106343359,24,20.45,One year,No,Credit card (automatic),Low Risk (Loyal)
2138-VFAPZ,No,0.04016896879645911,14,19.7,Two year,No,Mailed check,Low Risk (Loyal)
8608-OZTLB,No,0.04012171053937547,38,74.05,One year,DSL,Electronic check,Low Risk (Loyal)
9209-NWPGU,No,0.040068611458250504,44,65.4,One year,DSL,Electronic check,Low Risk (Loyal)
1439-LCGVL,No,0.04001589486608357,26,19.2,One year,No,Mailed check,Low Risk (Loyal)
6252-DFGTK,No,0.03995684405326942,37,68.1,One year,DSL,Credit card (automatic),Low Risk (Loyal)
1298-PHBTI,No,0.03995483780828932,71,84.8,Two year,Fiber optic,Electronic check,Low Risk (Loyal)
6481-LXPWL,No,0.03986883791564332,56,36.1,One year,DSL,Credit card (automatic),Low Risk (Loyal)
0868-VJRDR,No,0.039844148849317806,64,104.05,Two year,Fiber optic,Credit card (automatic),Low Risk (Loyal)
6848-YLDFR,No,0.039787587481399156,58,75.2,One year,DSL,Credit card (automatic),Low Risk (Loyal)
6103-QCKFX,No,0.039758576685876894,44,56.25,Month-to-month,DSL,Bank transfer (automatic),Low Risk (Loyal)
8498-XXGWA,No,0.03974305551843053,65,55.15,Month-to-month,DSL,Mailed check,Low Risk (Loyal)
5762-TJXGK,No,0.03972533329632705,52,58.75,Two year,DSL,Bank transfer (automatic),Low Risk (Loyal)
3882-IYOIJ,No,0.039714537861433884,60,115.25,Two year,Fiber optic,Credit card (automatic),Low Risk (Loyal)
2773-MADBQ,No,0.039700398892410206,36,53.1,Two year,DSL,Mailed check,Low Risk (Loyal)
9174-IHETN,No,0.03965679197116908,50,70.35,Two year,Fiber optic,Credit card (automatic),Low Risk (Loyal)
2282-YGNOR,No,0.03965653666020105,29,58.0,One year,DSL,Credit card (automatic),Low Risk (Loyal)
0266-GMEAO,No,0.039643826828530876,72,114.3,Two year,Fiber optic,Credit card (automatic),Low Risk (Loyal)
4632-PAOYU,No,0.03961964376933877,22,19.95,One year,No,Mailed check,Low Risk (Loyal)
2005-DWQZJ,No,0.03958592137615174,8,19.05,Two year,No,Mailed check,Low Risk (Loyal)
8292-FRFZQ,No,0.03957269951344181,39,41.15,One year,DSL,Bank transfer (automatic),Low Risk (Loyal)
4854-SSLTN,No,0.039564290776782134,2,59.5,Two year,DSL,Mailed check,Low Risk (Loyal)
2749-CTKAJ,No,0.03939410057416753,22,20.15,One year,No,Mailed check,Low Risk (Loyal)
3926-YZVVX,No,0.039372922725042205,41,50.05,One year,DSL,Bank transfer (automatic),Low Risk (Loyal)
0906-QVPMS,No,0.03932675769995644,72,115.15,Two year,Fiber optic,Bank transfer (automatic),Low Risk (Loyal)
7929-SKFGK,No,0.039284226638552265,70,114.3,Two year,Fiber optic,Credit card (automatic),Low Risk (Loyal)
0942-KOWSM,No,0.03926042219687309,30,80.8,Two year,DSL,Bank transfer (automatic),Low Risk (Loyal)
5876-QMYLD,No,0.039258931620662456,23,20.05,One year,No,Mailed check,Low Risk (Loyal)
5306-BVTKJ,No,0.03923424459778199,48,55.8,One year,DSL,Credit card (automatic),Low Risk (Loyal)
8571-ZCMCX,No,0.03921299415156354,47,60.0,Two year,DSL,Credit card (automatic),Low Risk (Loyal)
9777-IQHWP,No,0.03917119538899211,64,93.4,Two year,Fiber optic,Bank transfer (automatic),Low Risk (Loyal)
3585-YNADK,No,0.03913127998362782,57,74.6,One year,DSL,Bank transfer (automatic),Low Risk (Loyal)
2789-CZANW,No,0.039087539253551386,64,110.3,Two year,Fiber optic,Bank transfer (automatic),Low Risk (Loyal)
5641-DMBFJ,No,0.03901288049905807,58,84.3,Two year,DSL,Electronic check,Low Risk (Loyal)
2229-DPMBI,No,0.03898692140547029,8,19.5,Two year,No,Mailed check,Low Risk (Loyal)
7781-EWARA,No,0.0389371004246935,70,60.35,One year,DSL,Electronic check,Low Risk (Loyal)
1282-IHQAC,No,0.03889793127434986,70,44.05,One year,DSL,Credit card (automatic),Low Risk (Loyal)
0487-CRLZF,No,0.03883999354607179,49,74.45,Two year,DSL,Bank transfer (automatic),Low Risk (Loyal)
9720-JJJOR,No,0.03874484099556274,41,60.3,One year,DSL,Bank transfer (automatic),Low Risk (Loyal)
8639-NHQEI,No,0.038629727850384654,72,95.9,Two year,Fiber optic,Bank transfer (automatic),Low Risk (Loyal)
3258-SYSWS,No,0.038566638990480094,72,113.8,Two year,Fiber optic,Bank transfer (automatic),Low Risk (Loyal)
8194-PEEBY,No,0.038508714468328216,24,19.9,One year,No,Mailed check,Low Risk (Loyal)
5197-YPYBZ,No,0.038486553066554303,12,25.25,Two year,No,Credit card (automatic),Low Risk (Loyal)
6061-PQHMK,No,0.03834523066004597,25,19.9,One year,No,Credit card (automatic),Low Risk (Loyal)
5468-BPMMO,No,0.03831992761986167,46,19.6,Month-to-month,No,Electronic check,Low Risk (Loyal)
1937-OTUKY,No,0.038137212458492414,72,98.2,Two year,Fiber optic,Bank transfer (automatic),Low Risk (Loyal)
8659-IOOPU,No,0.0380693684791718,71,100.45,Two year,Fiber optic,Electronic check,Low Risk (Loyal)
2632-IVXVF,No,0.037905350204249816,68,111.75,Two year,Fiber optic,Credit card (automatic),Low Risk (Loyal)
6374-NTQLP,No,0.037749974879612215,72,104.1,Two year,Fiber optic,Credit card (automatic),Low Risk (Loyal)
8670-MEFCP,No,0.03774738267726068,36,92.9,Two year,DSL,Credit card (automatic),Low Risk (Loyal)
3508-CFVZL,No,0.03774364848655356,71,111.3,Two year,Fiber optic,Mailed check,Low Risk (Loyal)
6082-OQFBA,No,0.03774033136476896,23,19.65,One year,No,Mailed check,Low Risk (Loyal)
4942-VZZOM,No,0.0375922026050637,64,66.15,One year,DSL,Credit card (automatic),Low Risk (Loyal)
2055-BFOCC,No,0.03758334373424144,63,84.0,One year,DSL,Bank transfer (automatic),Low Risk (Loyal)
0872-CASZJ,No,0.03753730931661066,59,69.1,One year,DSL,Mailed check,Low Risk (Loyal)
3230-JCNZS,No,0.03749174832268722,71,99.0,Two year,Fiber optic,Credit card (automatic),Low Risk (Loyal)
8466-PZBLH,No,0.037473477009529785,67,104.6,Two year,Fiber optic,Bank transfer (automatic),Low Risk (Loyal)
4513-CXYIX,No,0.037455949380848196,71,80.7,Two year,Fiber optic,Credit card (automatic),Low Risk (Loyal)
7672-VFMXZ,No,0.03745269935384681,57,55.7,Month-to-month,DSL,Electronic check,Low Risk (Loyal)
3352-RICWQ,No,0.03737583888800311,9,19.75,Two year,No,Mailed check,Low Risk (Loyal)
2683-JXWQQ,No,0.03736783121137635,61,33.6,Month-to-month,DSL,Bank transfer (automatic),Low Risk (Loyal)
0835-DUUIQ,No,0.037302905090179465,24,21.05,One year,No,Bank transfer (automatic),Low Risk (Loyal)
5696-CEIQJ,No,0.03717826373292849,67,103.15,Two year,Fiber optic,Bank transfer (automatic),Low Risk (Loyal)
5825-XJOCM,No,0.03715715209721386,48,64.4,One year,DSL,Bank transfer (automatic),Low Risk (Loyal)
3298-QEICA,No,0.03714578468539924,23,34.6,Two year,DSL,Mailed check,Low Risk (Loyal)
3658-QQJYD,No,0.03714009188761677,62,74.3,One year,DSL,Credit card (automatic),Low Risk (Loyal)
9885-MFVSU,No,0.0370921112527031,35,46.35,Two year,DSL,Credit card (automatic),Low Risk (Loyal)
3134-DSHVC,No,0.0370616509872829,63,98.0,Two year,Fiber optic,Credit card (automatic),Low Risk (Loyal)
5057-RKGLH,No,0.036949961821474815,9,20.35,Two year,No,Mailed check,Low Risk (Loyal)
0224-NIJLP,No,0.036890197233925726,8,20.15,Two year,No,Mailed check,Low Risk (Loyal)
8809-XKHMD,No,0.03673101700650779,72,100.55,Two year,Fiber optic,Bank transfer (automatic),Low Risk (Loyal)
5647-URDKA,No,0.03671295995267136,8,19.7,Two year,No,Mailed check,Low Risk (Loyal)
3985-HOYPM,No,0.03671090308112561,26,19.4,One year,No,Mailed check,Low Risk (Loyal)
4877-TSOFF,No,0.03667078107781019,55,75.75,One year,DSL,Bank transfer (automatic),Low Risk (Loyal)
7359-WWYJV,No,0.03656437670215793,72,114.45,Two year,Fiber optic,Credit card (automatic),Low Risk (Loyal)
2027-DNKIV,No,0.036535697913558096,37,58.75,One year,DSL,Mailed check,Low Risk (Loyal)
8454-AATJP,No,0.03652343274567282,72,115.05,Two year,Fiber optic,Credit card (automatic),Low Risk (Loyal)
6194-HBGQN,No,0.036516675184746106,51,81.15,One year,DSL,Credit card (automatic),Low Risk (Loyal)
5055-BRMNE,No,0.03651190615587101,67,106.7,Two year,Fiber optic,Credit card (automatic),Low Risk (Loyal)
1998-VHJHK,No,0.036450848222703,27,19.15,One year,No,Mailed check,Low Risk (Loyal)
6352-GIGGQ,No,0.03640018456734553,67,88.8,One year,DSL,Bank transfer (automatic),Low Risk (Loyal)
7632-YUTXB,No,0.036345072363480606,25,20.05,One year,No,Mailed check,Low Risk (Loyal)
6479-OAUSD,No,0.036330353661296874,25,19.9,One year,No,Credit card (automatic),Low Risk (Loyal)
1929-ZCBHE,No,0.03629065536123547,47,40.3,One year,DSL,Electronic check,Low Risk (Loyal)
5245-VDBUR,No,0.03626739469953472,52,35.45,One year,DSL,Mailed check,Low Risk (Loyal)
7663-YJHSN,No,0.0362594206609783,72,103.95,Two year,Fiber optic,Bank transfer (automatic),Low Risk (Loyal)
9184-GALIL,No,0.03621477500164496,38,20.45,Month-to-month,No,Mailed check,Low Risk (Loyal)
8670-ERCJH,No,0.036154712550247534,72,113.4,Two year,Fiber optic,Bank transfer (automatic),Low Risk (Loyal)
2150-OEGBV,No,0.03609390493204111,27,20.1,One year,No,Bank transfer (automatic),Low Risk (Loyal)
9801-NOSHQ,No,0.03603087644586394,23,19.8,One year,No,Mailed check,Low Risk (Loyal)
2933-XEUJM,No,0.035976298476081026,46,79.2,Two year,DSL,Mailed check,Low Risk (Loyal)
3727-OWVYD,No,0.03595451061961708,35,61.2,One year,DSL,Mailed check,Low Risk (Loyal)
4500-HKANN,No,0.03585960406324749,23,59.7,Two year,DSL,Mailed check,Low Risk (Loyal)
3850-OKINF,No,0.03583812531913013,71,66.2,One year,DSL,Electronic check,Low Risk (Loyal)
3474-BAFSJ,No,0.03565233935117599,57,57.5,Two year,DSL,Bank transfer (automatic),Low Risk (Loyal)
8513-OLYGY,No,0.035643037925726186,72,115.8,Two year,Fiber optic,Credit card (automatic),Low Risk (Loyal)
1834-WULEG,No,0.03560791160526178,24,20.25,One year,No,Mailed check,Low Risk (Loyal)
9424-CMPOG,No,0.035498062222526966,9,19.6,Two year,No,Mailed check,Low Risk (Loyal)
6698-OXETB,No,0.03548029234378282,11,20.4,Two year,No,Mailed check,Low Risk (Loyal)
1494-EJZDW,No,0.035405941819234246,10,20.15,Two year,No,Mailed check,Low Risk (Loyal)
0378-CJKPV,No,0.0352665417615123,72,112.1,Two year,Fiber optic,Credit card (automatic),Low Risk (Loyal)
6950-TWMYB,No,0.03520702902305891,54,79.95,Two year,Fiber optic,Bank transfer (automatic),Low Risk (Loyal)
5214-CHIWJ,No,0.035152249802158024,27,20.3,One year,No,Mailed check,Low Risk (Loyal)
7690-KPNCU,No,0.03514861865047945,64,73.05,One year,DSL,Credit card (automatic),Low Risk (Loyal)
9309-BZGNT,No,0.03504511857106769,69,29.8,One year,DSL,Credit card (automatic),Low Risk (Loyal)
5322-TEUJK,No,0.03503571051060723,71,114.6,Two year,Fiber optic,Bank transfer (automatic),Low Risk (Loyal)
6827-IEAUQ,No,0.034901699388610964,27,66.15,One year,DSL,Mailed check,Low Risk (Loyal)
5840-NVDCG,No,0.034859674047726025,16,68.25,Two year,DSL,Bank transfer (automatic),Low Risk (Loyal)
6736-DHUQI,No,0.0348556067181943,67,84.8,One year,Fiber optic,Bank transfer (automatic),Low Risk (Loyal)
5781-BKHOP,No,0.034815275446048316,72,100.65,Two year,Fiber optic,Bank transfer (automatic),Low Risk (Loyal)
8148-WOCMK,No,0.03476831161454967,8,19.6,Two year,No,Credit card (automatic),Low Risk (Loyal)
1936-UAFEH,No,0.03475426397915879,68,110.25,Two year,Fiber optic,Credit card (automatic),Low Risk (Loyal)
6161-ERDGD,No,0.03471331498456328,71,85.45,One year,DSL,Electronic check,Low Risk (Loyal)
5327-XOKKY,No,0.03470588009582685,72,73.45,Two year,DSL,Credit card (automatic),Low Risk (Loyal)
0121-SNYRK,No,0.034660888918615365,50,35.4,One year,DSL,Mailed check,Low Risk (Loyal)
7570-WELNY,No,0.034660362477996545,68,84.7,Two year,Fiber optic,Bank transfer (automatic),Low Risk (Loyal)
6754-WKSHP,No,0.03451515088910853,30,25.35,One year,No,Bank transfer (automatic),Low Risk (Loyal)
4056-QHXHZ,No,0.03447595216031846,72,107.45,Two year,Fiber optic,Mailed check,Low Risk (Loyal)
9739-JLPQJ,No,0.034457133198758406,72,117.5,Two year,Fiber optic,Credit card (automatic),Low Risk (Loyal)
9297-FVVDH,No,0.034429326189809185,57,84.5,Two year,DSL,Electronic check,Low Risk (Loyal)
3655-SNQYZ,No,0.03424515029280806,69,113.25,Two year,Fiber optic,Credit card (automatic),Low Risk (Loyal)
9782-LGXMC,No,0.03420757023784078,49,61.75,Month-to-month,DSL,Bank transfer (automatic),Low Risk (Loyal)
3181-VTHOE,No,0.03419968630118861,70,51.05,One year,DSL,Bank transfer (automatic),Low Risk (Loyal)
1245-HARPS,No,0.03409471932106031,14,20.4,Two year,No,Mailed check,Low Risk (Loyal)
7029-IJEJK,No,0.034049833687061874,54,44.1,One year,DSL,Bank transfer (automatic),Low Risk (Loyal)
6339-TBELP,No,0.03401891427820824,71,86.4,Two year,Fiber optic,Credit card (automatic),Low Risk (Loyal)
1821-BUCWY,No,0.03400435190202954,30,55.65,Two year,DSL,Mailed check,Low Risk (Loyal)
4795-UXVCJ,No,0.034004343725776154,26,19.8,One year,No,Credit card (automatic),Low Risk (Loyal)
7446-SFAOA,No,0.03399238826756619,37,19.85,One year,No,Bank transfer (automatic),Low Risk (Loyal)
1022-RKXDR,No,0.03395164706061253,41,24.85,One year,No,Mailed check,Low Risk (Loyal)
9531-NSBMR,No,0.03386681187680324,36,19.25,One year,No,Bank transfer (automatic),Low Risk (Loyal)
1093-YSWCA,No,0.03383349407407571,11,19.55,Two year,No,Credit card (automatic),Low Risk (Loyal)
1897-RCFUM,No,0.03379171065256665,39,24.2,One year,No,Mailed check,Low Risk (Loyal)
7471-MQPOS,No,0.03378595021057582,71,72.9,One year,DSL,Bank transfer (automatic),Low Risk (Loyal)
1776-SPBWV,No,0.03363629210803315,34,20.1,One year,No,Bank transfer (automatic),Low Risk (Loyal)
1271-UODNO,No,0.033632954127468195,39,53.85,Two year,DSL,Credit card (automatic),Low Risk (Loyal)
9570-KYEUA,No,0.03356875399593828,64,99.25,Two year,Fiber optic,Credit card (automatic),Low Risk (Loyal)
5469-NUJUR,No,0.03348171874811056,19,19.95,Two year,No,Mailed check,Low Risk (Loyal)
8207-DMRVL,No,0.033443050408019356,72,114.55,Two year,Fiber optic,Bank transfer (automatic),Low Risk (Loyal)
1872-EBWSC,No,0.03341924833477931,29,20.35,One year,No,Mailed check,Low Risk (Loyal)
6061-GWWAV,No,0.0333973044307332,41,70.2,One year,DSL,Mailed check,Low Risk (Loyal)
4636-OLWOE,No,0.03338655313106776,54,61.0,One year,DSL,Electronic check,Low Risk (Loyal)
4716-MRVEN,No,0.03337807378858139,29,20.0,One year,No,Mailed check,Low Risk (Loyal)
8311-UEUAB,No,0.033336315010705324,67,75.5,Two year,DSL,Electronic check,Low Risk (Loyal)
1552-TKMXS,No,0.033309734315184,42,20.35,Month-to-month,No,Credit card (automatic),Low Risk (Loyal)
1053-MXTTK,No,0.03326373944739644,72,108.65,Two year,Fiber optic,Bank transfer (automatic),Low Risk (Loyal)
2650-GYRYL,No,0.03323104596348579,33,19.45,One year,No,Bank transfer (automatic),Low Risk (Loyal)
2664-XJZNO,No,0.03305802868149649,72,104.9,Two year,Fiber optic,Credit card (automatic),Low Risk (Loyal)
9258-CNWAC,No,0.03301206349010983,71,113.65,Two year,Fiber optic,Credit card (automatic),Low Risk (Loyal)
6519-ZHPXP,No,0.032966947324556274,72,108.3,Two year,Fiber optic,Bank transfer (automatic),Low Risk (Loyal)
5170-PTRKA,No,0.03293054822033878,49,35.8,One year,DSL,Credit card (automatic),Low Risk (Loyal)
1032-MAELW,No,0.03291880821861935,68,78.45,One year,DSL,Electronic check,Low Risk (Loyal)
7247-XOZPB,No,0.03291218536164793,53,77.4,One year,DSL,Bank transfer (automatic),Low Risk (Loyal)
0064-SUDOG,No,0.03290932778976132,12,20.3,Two year,No,Bank transfer (automatic),Low Risk (Loyal)
9560-BBZXK,No,0.03290050285645618,36,31.05,Two year,DSL,Bank transfer (automatic),Low Risk (Loyal)
0191-EQUUH,No,0.03289937968276045,25,35.05,Two year,DSL,Bank transfer (automatic),Low Risk (Loyal)
5110-CHOPY,No,0.03287744193719541,60,53.6,Two year,DSL,Electronic check,Low Risk (Loyal)
3506-OVLKD,No,0.032708832892019514,35,26.2,One year,No,Bank transfer (automatic),Low Risk (Loyal)
4114-QMKVN,No,0.0326543172243559,56,68.75,One year,DSL,Bank transfer (automatic),Low Risk (Loyal)
6556-DBKZF,No,0.03256567507229378,71,76.05,Two year,Fiber optic,Electronic check,Low Risk (Loyal)
6016-NXBNJ,No,0.03253198304557935,35,19.15,One year,No,Mailed check,Low Risk (Loyal)
7795-CFOCW,No,0.03251994498037698,45,42.3,One year,DSL,Bank transfer (automatic),Low Risk (Loyal)
5127-BZENZ,No,0.03247470962546355,56,65.2,One year,DSL,Bank transfer (automatic),Low Risk (Loyal)
5063-IUOKK,No,0.03243502217398274,13,19.75,Two year,No,Mailed check,Low Risk (Loyal)
2335-GSODA,No,0.032301475158565275,23,40.1,Two year,DSL,Mailed check,Low Risk (Loyal)
0320-DWVTU,No,0.03227247139532003,53,99.5,Two year,Fiber optic,Mailed check,Low Risk (Loyal)
2676-SSLTO,No,0.03226165158728525,49,66.15,Two year,DSL,Bank transfer (automatic),Low Risk (Loyal)
2703-AMTUL,No,0.03225752542032535,36,53.65,One year,DSL,Mailed check,Low Risk (Loyal)
5495-GPSRW,No,0.03223519745293118,20,19.7,Two year,No,Mailed check,Low Risk (Loyal)
5256-SKJGO,No,0.032228760973874046,64,54.6,Two year,DSL,Electronic check,Low Risk (Loyal)
9178-JHUVJ,No,0.03220042008677728,24,24.1,Two year,No,Bank transfer (automatic),Low Risk (Loyal)
5014-GSOUQ,No,0.03217506967286841,13,19.95,Two year,No,Mailed check,Low Risk (Loyal)
0486-LGCCH,No,0.032164253056923484,11,19.65,Two year,No,Mailed check,Low Risk (Loyal)
6693-DJWTY,No,0.03213785733537003,35,55.6,One year,DSL,Credit card (automatic),Low Risk (Loyal)
4994-OBRSZ,No,0.0319651858768977,14,76.1,Two year,DSL,Bank transfer (automatic),Low Risk (Loyal)
6823-SIDFQ,No,0.03174177371464232,28,18.25,One year,No,Credit card (automatic),Low Risk (Loyal)
8259-DZLIZ,No,0.031734024361586746,64,53.85,One year,DSL,Bank transfer (automatic),Low Risk (Loyal)
4859-ZSRDZ,No,0.03172650586666085,58,55.5,Two year,DSL,Credit card (automatic),Low Risk (Loyal)
2040-XBAVJ,No,0.0316713013330463,72,114.45,Two year,Fiber optic,Bank transfer (automatic),Low Risk (Loyal)
1154-HYWWO,No,0.031656192242844584,38,70.6,One year,DSL,Mailed check,Low Risk (Loyal)
4111-BNXIF,No,0.03162187680292976,67,59.55,Two year,DSL,Electronic check,Low Risk (Loyal)
6122-EFVKN,No,0.031578736591038624,24,35.75,Two year,DSL,Mailed check,Low Risk (Loyal)
5716-EZXZN,No,0.03157525179571035,65,99.05,Two year,Fiber optic,Credit card (automatic),Low Risk (Loyal)
1752-OZXFY,No,0.031574634827652964,60,59.8,One year,DSL,Mailed check,Low Risk (Loyal)
1982-FEBTD,No,0.03156389436389204,23,25.6,Two year,No,Credit card (automatic),Low Risk (Loyal)
8668-KNZTI,No,0.03148983200423716,52,53.75,One year,DSL,Electronic check,Low Risk (Loyal)
8873-TMKGR,No,0.03145847486224896,29,19.1,One year,No,Mailed check,Low Risk (Loyal)
5158-RIVOP,No,0.031406761036068175,11,20.9,Two year,No,Credit card (automatic),Low Risk (Loyal)
6828-HMKWP,No,0.03138528050588864,12,21.05,Two year,No,Bank transfer (automatic),Low Risk (Loyal)
1206-EHBDD,No,0.03128903398337846,56,80.3,Two year,Fiber optic,Bank transfer (automatic),Low Risk (Loyal)
3831-YCPUO,No,0.031277170328020555,72,109.5,Two year,Fiber optic,Credit card (automatic),Low Risk (Loyal)
4452-ROHMO,No,0.03126189274380898,15,19.6,Two year,No,Mailed check,Low Risk (Loyal)
2819-GWENI,No,0.03125439110488693,28,19.9,One year,No,Mailed check,Low Risk (Loyal)
1839-UMACK,No,0.031172306137449177,42,25.05,One year,No,Electronic check,Low Risk (Loyal)
1063-DHQJF,No,0.031120326545863535,69,92.15,Two year,Fiber optic,Mailed check,Low Risk (Loyal)
5574-NXZIU,No,0.03110863816435604,63,109.2,Two year,Fiber optic,Credit card (automatic),Low Risk (Loyal)
4530-NDRKU,No,0.031075304463882802,42,19.05,One year,No,Electronic check,Low Risk (Loyal)
4304-XUMGI,No,0.03105256522898897,50,75.15,Two year,DSL,Bank transfer (automatic),Low Risk (Loyal)
9577-WJVCQ,No,0.03103610562919944,68,54.45,Month-to-month,DSL,Mailed check,Low Risk (Loyal)
5820-PTRYM,No,0.030990590856091824,56,68.45,One year,DSL,Credit card (automatic),Low Risk (Loyal)
2904-GGUAZ,No,0.03096064395014472,72,84.05,Two year,Fiber optic,Bank transfer (automatic),Low Risk (Loyal)
5519-TEEUH,No,0.030949971163922684,33,20.15,One year,No,Mailed check,Low Risk (Loyal)
2984-TBYKU,No,0.030926274232294416,72,104.9,Two year,Fiber optic,Credit card (automatic),Low Risk (Loyal)
7636-PEPNS,No,0.03091989609516199,58,44.1,One year,DSL,Mailed check,Low Risk (Loyal)
8277-RVRSV,No,0.030903451810670352,33,24.15,One year,No,Credit card (automatic),Low Risk (Loyal)
3392-EHMNK,No,0.030903354078814515,67,94.1,Two year,Fiber optic,Credit card (automatic),Low Risk (Loyal)
1092-WPIVQ,No,0.030889082464623463,18,25.1,Two year,No,Mailed check,Low Risk (Loyal)
0854-UYHZD,No,0.030764896969964206,13,19.55,Two year,No,Mailed check,Low Risk (Loyal)
9194-GFVOI,No,0.03075961819581888,42,84.35,Two year,DSL,Credit card (automatic),Low Risk (Loyal)
5442-PPTJY,No,0.030757801546467223,12,19.7,Two year,No,Mailed check,Low Risk (Loyal)
1431-AIDJQ,No,0.030704329423025832,33,82.1,Two year,DSL,Credit card (automatic),Low Risk (Loyal)
6013-BHCAW,No,0.03066964706707052,61,81.0,Two year,DSL,Bank transfer (automatic),Low Risk (Loyal)
7277-KAMWT,No,0.03066386002139526,13,20.0,Two year,No,Credit card (automatic),Low Risk (Loyal)
6754-LZUKA,No,0.030502825384200502,61,80.9,Two year,DSL,Bank transfer (automatic),Low Risk (Loyal)
5161-UBZXI,No,0.03047616045779443,69,106.35,Two year,Fiber optic,Credit card (automatic),Low Risk (Loyal)
0810-DHDBD,No,0.030463775351877265,52,74.0,One year,DSL,Credit card (automatic),Low Risk (Loyal)
7581-EBBOU,No,0.030442912152586203,60,70.15,One year,DSL,Credit card (automatic),Low Risk (Loyal)
7026-YMSBE,No,0.030423834776437144,30,19.7,One year,No,Mailed check,Low Risk (Loyal)
1843-TLSGD,No,0.03040902333097892,13,20.85,Two year,No,Mailed check,Low Risk (Loyal)
6447-EGDIV,No,0.030408916496920978,31,20.95,One year,No,Mailed check,Low Risk (Loyal)
0014-BMAQU,No,0.03036199463424348,63,84.65,Two year,Fiber optic,Credit card (automatic),Low Risk (Loyal)
5906-DVAPM,No,0.03030668732197311,55,75.0,One year,DSL,Credit card (automatic),Low Risk (Loyal)
7269-JISCY,No,0.030234013787292423,55,45.05,One year,DSL,Bank transfer (automatic),Low Risk (Loyal)
8908-SLFCJ,No,0.03020058778171184,21,20.85,Two year,No,Credit card (automatic),Low Risk (Loyal)
6188-UXBBR,No,0.03019881961926307,38,20.25,One year,No,Credit card (automatic),Low Risk (Loyal)
5914-GXMDA,No,0.030184563664142943,32,19.3,One year,No,Mailed check,Low Risk (Loyal)
2541-YGPKE,No,0.03013002302065337,42,63.7,One year,DSL,Credit card (automatic),Low Risk (Loyal)
0248-PGHBZ,No,0.030116828142240176,67,92.45,Two year,Fiber optic,Bank transfer (automatic),Low Risk (Loyal)
3055-VTCGS,No,0.030040365401740432,63,58.55,One year,DSL,Credit card (automatic),Low Risk (Loyal)
4393-GEADV,No,0.029992322813445712,70,114.75,Two year,Fiber optic,Credit card (automatic),Low Risk (Loyal)
2878-DHMIN,No,0.029966049538685268,35,19.9,One year,No,Electronic check,Low Risk (Loyal)
0219-QAERP,No,0.029951126779479028,30,19.8,One year,No,Credit card (automatic),Low Risk (Loyal)
5917-RYRMG,No,0.029932296223861593,32,19.8,One year,No,Credit card (automatic),Low Risk (Loyal)
4573-JKNAE,No,0.029897579225019705,12,19.35,Two year,No,Bank transfer (automatic),Low Risk (Loyal)
3812-LRZIR,No,0.029821375861050867,27,24.5,Two year,No,Electronic check,Low Risk (Loyal)
7305-ZWMAJ,No,0.029755483531044086,30,20.7,One year,No,Credit card (automatic),Low Risk (Loyal)
2277-AXSDC,No,0.02970916906365131,32,19.75,One year,No,Bank transfer (automatic),Low Risk (Loyal)
5918-VUKWP,No,0.02970587900551426,32,20.55,One year,No,Bank transfer (automatic),Low Risk (Loyal)
7061-OVMIM,No,0.029686284619897294,30,19.55,One year,No,Bank transfer (automatic),Low Risk (Loyal)
0181-RITDD,No,0.02967970704080545,62,108.15,Two year,Fiber optic,Mailed check,Low Risk (Loyal)
4981-FLTMF,No,0.02966233761377793,57,65.2,Month-to-month,DSL,Bank transfer (automatic),Low Risk (Loyal)
3442-ZHHCC,No,0.02964131474559028,68,76.9,One year,DSL,Credit card (automatic),Low Risk (Loyal)
3129-AAQOU,No,0.02959689209073667,19,25.6,Two year,No,Mailed check,Low Risk (Loyal)
3308-JSGML,No,0.02954400343302254,59,64.05,Two year,DSL,Credit card (automatic),Low Risk (Loyal)
6229-UOLQL,No,0.029346387469055567,56,52.0,One year,DSL,Mailed check,Low Risk (Loyal)
7473-ZBDSN,No,0.02932597111090206,14,18.8,Two year,No,Mailed check,Low Risk (Loyal)
4163-NCJAK,No,0.02931781804647157,46,24.45,One year,No,Bank transfer (automatic),Low Risk (Loyal)
3982-JGSFD,No,0.02931266618482626,36,20.35,One year,No,Credit card (automatic),Low Risk (Loyal)
9926-PJHDQ,No,0.029211780662683012,72,76.8,Two year,DSL,Bank transfer (automatic),Low Risk (Loyal)
0083-PIVIK,No,0.029210543531626082,64,81.25,One year,DSL,Electronic check,Low Risk (Loyal)
2361-UPSND,No,0.02914712910230848,46,70.6,One year,DSL,Mailed check,Low Risk (Loyal)
8760-ZRHKE,No,0.029118073845835667,71,69.2,One year,DSL,Electronic check,Low Risk (Loyal)
9127-QRZMH,No,0.02908714228067115,44,59.85,One year,DSL,Bank transfer (automatic),Low Risk (Loyal)
6898-RBTLU,No,0.02904844106420966,49,79.3,Two year,DSL,Bank transfer (automatic),Low Risk (Loyal)
0023-UYUPN,No,0.029017588679973366,50,25.2,One year,No,Electronic check,Low Risk (Loyal)
2057-BOYKM,No,0.028975378266285996,72,96.6,Two year,Fiber optic,Bank transfer (automatic),Low Risk (Loyal)
6463-HHXJR,No,0.028942110122134216,71,100.5,Two year,Fiber optic,Bank transfer (automatic),Low Risk (Loyal)
8097-OMULG,No,0.02894190692310999,59,76.75,One year,DSL,Credit card (automatic),Low Risk (Loyal)
6691-CCIHA,No,0.0289138553318731,62,84.95,Two year,DSL,Electronic check,Low Risk (Loyal)
2405-LBMUW,No,0.028888423926676038,61,50.7,One year,DSL,Bank transfer (automatic),Low Risk (Loyal)
9530-GRMJG,No,0.02879507678694523,70,84.1,Two year,DSL,Electronic check,Low Risk (Loyal)
0804-YGEQV,No,0.028790182915167835,43,24.45,One year,No,Bank transfer (automatic),Low Risk (Loyal)
0164-XAIRP,No,0.028767795741971424,24,19.55,Two year,No,Bank transfer (automatic),Low Risk (Loyal)
4950-HKQTE,No,0.028757136993607525,22,26.25,Two year,No,Mailed check,Low Risk (Loyal)
2606-PKWJB,No,0.028728770312354587,40,40.25,One year,DSL,Mailed check,Low Risk (Loyal)
4648-YPBTM,No,0.02862882194001292,53,73.9,Two year,DSL,Bank transfer (automatic),Low Risk (Loyal)
5232-NXPAY,No,0.02858510083445488,47,74.45,Two year,DSL,Mailed check,Low Risk (Loyal)
9225-BZLNZ,No,0.02846961823266535,72,85.25,Two year,DSL,Electronic check,Low Risk (Loyal)
3525-DVKFN,No,0.028373629185550444,17,19.4,Two year,No,Mailed check,Low Risk (Loyal)
4891-NLUBA,No,0.028341224446967246,61,61.45,Two year,DSL,Bank transfer (automatic),Low Risk (Loyal)
1328-EUZHC,No,0.028255632720820663,18,20.1,Two year,No,Mailed check,Low Risk (Loyal)
5849-ASHZJ,No,0.028197734254780976,27,20.05,One year,No,Credit card (automatic),Low Risk (Loyal)
3547-LQRIK,No,0.0281905464263935,47,26.9,One year,No,Electronic check,Low Risk (Loyal)
7173-TETGO,No,0.02816861892135049,72,78.5,Two year,Fiber optic,Bank transfer (automatic),Low Risk (Loyal)
2351-BKRZW,No,0.028156659062236064,43,75.2,Two year,DSL,Bank transfer (automatic),Low Risk (Loyal)
4115-UMJFQ,No,0.02804708167737637,69,35.75,One year,DSL,Bank transfer (automatic),Low Risk (Loyal)
9224-VTYID,No,0.027980848469021633,47,90.5,Two year,DSL,Mailed check,Low Risk (Loyal)
7639-LIAYI,No,0.027968510208317726,52,79.75,Two year,DSL,Credit card (automatic),Low Risk (Loyal)
4750-UKWJK,No,0.02795351533360025,37,19.6,One year,No,Mailed check,Low Risk (Loyal)
3021-VLNRJ,No,0.02794856020370132,50,70.8,One year,DSL,Credit card (automatic),Low Risk (Loyal)
4560-WQAQW,No,0.027946380666126903,59,68.7,One year,DSL,Bank transfer (automatic),Low Risk (Loyal)
7322-OCWHC,No,0.027896410379934386,72,93.05,Two year,Fiber optic,Bank transfer (automatic),Low Risk (Loyal)
8606-OEGQZ,No,0.027886033041214453,18,25.3,Two year,No,Credit card (automatic),Low Risk (Loyal)
1642-HMARX,No,0.027879912115620808,68,91.7,Two year,DSL,Electronic check,Low Risk (Loyal)
9227-UAQFT,No,0.027800069283637124,16,19.75,Two year,No,Mailed check,Low Risk (Loyal)
8871-JLMHM,No,0.027738279582806124,68,90.2,Two year,Fiber optic,Credit card (automatic),Low Risk (Loyal)
7670-ZBPOQ,No,0.027707158382857925,58,61.05,One year,DSL,Bank transfer (automatic),Low Risk (Loyal)
3841-NFECX,No,0.02760520279614976,71,96.35,Two year,Fiber optic,Credit card (automatic),Low Risk (Loyal)
0743-HNPFG,No,0.027569003667309935,51,69.75,One year,DSL,Credit card (automatic),Low Risk (Loyal)
0945-TSONX,No,0.02756126278284458,47,85.3,Two year,DSL,Credit card (automatic),Low Risk (Loyal)
4227-OJHAL,No,0.02751886847399461,68,73.0,One year,DSL,Credit card (automatic),Low Risk (Loyal)
3605-JISKB,No,0.027478087292028715,55,60.0,One year,DSL,Credit card (automatic),Low Risk (Loyal)
5627-TVBPP,No,0.027438185784778867,35,20.1,One year,No,Credit card (automatic),Low Risk (Loyal)
6901-GOGZG,No,0.027390202058356353,60,84.95,Two year,DSL,Electronic check,Low Risk (Loyal)
6518-KZXCB,No,0.027348917520760033,22,25.25,Two year,No,Mailed check,Low Risk (Loyal)
9251-WNSOD,No,0.02727343577012707,67,75.1,One year,DSL,Mailed check,Low Risk (Loyal)
0853-TWRVK,No,0.027256602654353673,72,105.6,Two year,Fiber optic,Bank transfer (automatic),Low Risk (Loyal)
5871-DGTXZ,No,0.027199134712642015,32,19.8,One year,No,Mailed check,Low Risk (Loyal)
0536-ESJEP,No,0.027118957212992584,54,74.55,Two year,DSL,Bank transfer (automatic),Low Risk (Loyal)
4835-YSJMR,No,0.027117412564008674,39,49.8,Two year,DSL,Bank transfer (automatic),Low Risk (Loyal)
3133-PZNSR,No,0.027052541434235904,72,97.75,Two year,Fiber optic,Credit card (automatic),Low Risk (Loyal)
9830-ECLEN,No,0.026999977539212554,58,50.0,One year,DSL,Mailed check,Low Risk (Loyal)
3266-FTKHB,No,0.02695376900520489,17,19.15,Two year,No,Mailed check,Low Risk (Loyal)
9018-PCIOK,No,0.026921063055170374,55,64.75,Two year,DSL,Mailed check,Low Risk (Loyal)
1265-BCFEO,No,0.026875413439493158,71,80.45,Two year,DSL,Bank transfer (automatic),Low Risk (Loyal)
3057-VJJQE,No,0.026861389168006476,35,55.25,Two year,DSL,Mailed check,Low Risk (Loyal)
7469-LKBCI,No,0.02685367073344238,16,18.95,Two year,No,Credit card (automatic),Low Risk (Loyal)
6064-ZATLR,No,0.026785628729240746,27,52.85,Two year,DSL,Bank transfer (automatic),Low Risk (Loyal)
2999-AANRQ,No,0.026767603591570932,21,71.05,Two year,DSL,Credit card (automatic),Low Risk (Loyal)
8165-CBKXO,No,0.026761674620971145,66,56.75,Two year,DSL,Credit card (automatic),Low Risk (Loyal)
4962-CHQPW,No,0.026697154954677515,29,19.85,One year,No,Mailed check,Low Risk (Loyal)
0310-SUCIN,No,0.026645696973219616,71,84.8,One year,DSL,Bank transfer (automatic),Low Risk (Loyal)
2091-GPPIQ,No,0.026634936738995568,72,78.95,Two year,DSL,Electronic check,Low Risk (Loyal)
6719-FGEDO,No,0.026617843882054626,72,97.0,Two year,Fiber optic,Bank transfer (automatic),Low Risk (Loyal)
1051-EQPZR,No,0.026574102776226377,44,19.6,Month-to-month,No,Mailed check,Low Risk (Loyal)
2266-FUBDZ,No,0.026466332954066342,15,19.35,Two year,No,Mailed check,Low Risk (Loyal)
2404-JIBFC,No,0.026454330315852977,55,85.1,Two year,DSL,Bank transfer (automatic),Low Risk (Loyal)
1699-TLDLZ,No,0.026447268340639093,16,19.7,Two year,No,Mailed check,Low Risk (Loyal)
7109-CQYUZ,No,0.026421291612878966,52,89.25,Two year,DSL,Mailed check,Low Risk (Loyal)
7945-HLKEA,No,0.026386270978740953,60,64.75,One year,DSL,Electronic check,Low Risk (Loyal)
3249-VHRIP,No,0.026358618948185978,62,43.6,Two year,DSL,Credit card (automatic),Low Risk (Loyal)
1452-UZOSF,No,0.02634385431359925,72,106.1,Two year,Fiber optic,Credit card (automatic),Low Risk (Loyal)
8512-WIWYV,No,0.026310925815337474,32,20.35,One year,No,Credit card (automatic),Low Risk (Loyal)
1023-BQXZE,No,0.026290112549229007,57,74.35,Two year,DSL,Bank transfer (automatic),Low Risk (Loyal)
8782-NUUOL,No,0.026260066764759823,60,79.0,One year,DSL,Mailed check,Low Risk (Loyal)
8143-ETQTI,No,0.026257279117972526,23,19.65,Two year,No,Mailed check,Low Risk (Loyal)
5318-YKDPV,No,0.026005763572020144,43,79.15,Two year,DSL,Credit card (automatic),Low Risk (Loyal)
6322-HRPFA,No,0.025990681315319876,49,59.6,Month-to-month,DSL,Credit card (automatic),Low Risk (Loyal)
8745-PVESG,No,0.02593657866414021,57,41.1,One year,DSL,Credit card (automatic),Low Risk (Loyal)
8510-BBWMU,No,0.0258641430945515,41,19.75,One year,No,Mailed check,Low Risk (Loyal)
9670-BPNXF,No,0.025795937435884903,45,62.55,One year,DSL,Credit card (automatic),Low Risk (Loyal)
3378-AJRAO,No,0.025728555494975908,44,24.85,One year,No,Electronic check,Low Risk (Loyal)
5696-EXCYS,No,0.025619727244330127,17,19.45,Two year,No,Credit card (automatic),Low Risk (Loyal)
1139-WUOAH,No,0.025614907282462865,57,53.35,Two year,DSL,Credit card (automatic),Low Risk (Loyal)
4024-CSNBY,No,0.02556479249965536,72,94.25,Two year,Fiber optic,Bank transfer (automatic),Low Risk (Loyal)
4565-EVZMJ,No,0.025557192419174236,47,58.9,One year,DSL,Mailed check,Low Risk (Loyal)
8398-TBIYD,No,0.025475995011811654,72,84.7,Two year,Fiber optic,Bank transfer (automatic),Low Risk (Loyal)
2088-IEBAU,No,0.025456739476118703,68,88.15,Two year,DSL,Electronic check,Low Risk (Loyal)
2516-XSJKX,No,0.02539472946417722,41,78.45,Two year,DSL,Electronic check,Low Risk (Loyal)
6223-DHJGV,No,0.02531017023512855,42,20.65,One year,No,Mailed check,Low Risk (Loyal)
3389-KTRXV,No,0.025304664125761912,23,23.85,Two year,No,Mailed check,Low Risk (Loyal)
2126-GSEGL,No,0.025290966784558114,70,84.8,Two year,DSL,Bank transfer (automatic),Low Risk (Loyal)
0104-PPXDV,No,0.025282636715841376,58,50.3,One year,DSL,Credit card (automatic),Low Risk (Loyal)
3230-IUALN,No,0.02523018472064482,45,81.0,Two year,DSL,Mailed check,Low Risk (Loyal)
7138-GIRSH,No,0.0252048464004717,50,69.5,Two year,DSL,Bank transfer (automatic),Low Risk (Loyal)
8819-WFGGJ,No,0.025203967930507446,68,54.1,Two year,DSL,Bank transfer (automatic),Low Risk (Loyal)
9880-TDQAC,No,0.02519596845921582,72,60.0,Two year,DSL,Electronic check,Low Risk (Loyal)
1089-XZWHH,No,0.025170112450549134,24,19.7,Two year,No,Mailed check,Low Risk (Loyal)
4702-HDRKD,No,0.025119332503304198,67,49.35,One year,DSL,Bank transfer (automatic),Low Risk (Loyal)
3458-IDMFK,No,0.024976989354349888,25,20.75,Two year,No,Mailed check,Low Risk (Loyal)
1293-HHSHJ,No,0.02492777742020788,35,21.1,One year,No,Mailed check,Low Risk (Loyal)
2808-CHTDM,No,0.02487917686019814,23,25.1,Two year,No,Mailed check,Low Risk (Loyal)
6609-MXJHJ,No,0.024876714073510952,30,25.1,Two year,No,Mailed check,Low Risk (Loyal)
6696-YDAYZ,No,0.02487082078025036,16,20.5,Two year,No,Mailed check,Low Risk (Loyal)
6121-TNHBO,No,0.024867593302529984,63,83.0,One year,DSL,Bank transfer (automatic),Low Risk (Loyal)
6522-OIQSX,No,0.02486317522120517,69,54.95,Two year,DSL,Credit card (automatic),Low Risk (Loyal)
3887-PBQAO,No,0.024805913632197404,45,25.9,One year,No,Credit card (automatic),Low Risk (Loyal)
7596-IIWYC,No,0.024794500491567076,27,20.25,Two year,No,Bank transfer (automatic),Low Risk (Loyal)
6810-VCAEX,No,0.024746897642106826,47,39.65,One year,DSL,Credit card (automatic),Low Risk (Loyal)
9509-MPYOD,No,0.024744838719617464,35,20.75,One year,No,Mailed check,Low Risk (Loyal)
8884-FEEWR,No,0.024731822320514997,35,20.6,One year,No,Bank transfer (automatic),Low Risk (Loyal)
9717-IOAAF,No,0.0247288983910189,27,25.85,Two year,No,Credit card (automatic),Low Risk (Loyal)
3891-NLXJB,No,0.024705113244073054,37,40.55,Two year,DSL,Mailed check,Low Risk (Loyal)
5129-HHMZC,No,0.02469207573804216,43,86.45,Two year,DSL,Credit card (automatic),Low Risk (Loyal)
2167-FQSTQ,No,0.024670955776359107,72,92.4,Two year,DSL,Electronic check,Low Risk (Loyal)
4872-VXRIL,No,0.024540573518457894,56,64.65,One year,DSL,Bank transfer (automatic),Low Risk (Loyal)
1866-DIOQZ,No,0.02450348426609613,71,66.8,One year,DSL,Bank transfer (automatic),Low Risk (Loyal)
0334-ZFJSR,No,0.024503200962061707,55,66.05,One year,DSL,Credit card (automatic),Low Risk (Loyal)
1813-JYWTO,No,0.02449805114036646,72,80.45,Two year,Fiber optic,Bank transfer (automatic),Low Risk (Loyal)
3174-AKMAS,No,0.024439737838767638,46,64.2,Two year,DSL,Credit card (automatic),Low Risk (Loyal)
4980-URKXC,No,0.024434490632138144,36,20.85,One year,No,Bank transfer (automatic),Low Risk (Loyal)
4883-KCPZJ,No,0.02443243023221985,22,25.25,Two year,No,Credit card (automatic),Low Risk (Loyal)
5148-HKFIR,No,0.024428818332727673,20,19.7,Two year,No,Mailed check,Low Risk (Loyal)
1535-VTJOQ,No,0.024408164856261995,24,25.15,Two year,No,Credit card (automatic),Low Risk (Loyal)
0757-WCUUZ,No,0.02433789925434182,54,63.35,Two year,DSL,Credit card (automatic),Low Risk (Loyal)
4667-QONEA,No,0.024293812251050435,60,74.85,One year,DSL,Credit card (automatic),Low Risk (Loyal)
3721-WKIIL,No,0.024293447754215564,27,19.6,Two year,No,Mailed check,Low Risk (Loyal)
2890-WFBHU,No,0.02428077447458009,59,79.85,One year,DSL,Credit card (automatic),Low Risk (Loyal)
2333-KWEWW,No,0.02426503882506027,18,20.05,Two year,No,Credit card (automatic),Low Risk (Loyal)
2239-CGBUZ,No,0.024231559193735135,51,60.5,One year,DSL,Bank transfer (automatic),Low Risk (Loyal)
3865-ZFZIB,No,0.024197153673964553,19,19.65,Two year,No,Mailed check,Low Risk (Loyal)
7328-OWMOM,No,0.024179168090840867,31,20.1,One year,No,Credit card (automatic),Low Risk (Loyal)
4615-PIVVU,No,0.024152956288009734,42,66.5,Two year,DSL,Credit card (automatic),Low Risk (Loyal)
5512-IDZEI,No,0.024148376392627964,46,24.9,One year,No,Electronic check,Low Risk (Loyal)
7973-DZRKH,No,0.02414566933057648,66,90.95,Two year,Fiber optic,Credit card (automatic),Low Risk (Loyal)
1403-LKLIK,No,0.024139979339253725,33,20.1,One year,No,Mailed check,Low Risk (Loyal)
7779-ORAEL,No,0.024133277252248765,45,75.15,Two year,DSL,Credit card (automatic),Low Risk (Loyal)
2193-SFWQW,No,0.02403293713272649,72,111.95,Two year,Fiber optic,Bank transfer (automatic),Low Risk (Loyal)
7110-BDTWG,No,0.024029780304468427,71,47.05,Two year,DSL,Electronic check,Low Risk (Loyal)
6195-MELTI,No,0.024007897305744208,57,54.65,One year,DSL,Mailed check,Low Risk (Loyal)
0078-XZMHT,No,0.024007783851593727,72,85.15,Two year,DSL,Bank transfer (automatic),Low Risk (Loyal)
6437-UDQJM,No,0.023989437638344577,72,84.1,Two year,DSL,Credit card (automatic),Low Risk (Loyal)
6872-HXFNF,No,0.023983876794044352,64,58.35,One year,DSL,Bank transfer (automatic),Low Risk (Loyal)
2892-GESUL,No,0.02390818726145538,18,19.35,Two year,No,Mailed check,Low Risk (Loyal)
4547-FZJWE,No,0.023899960097542628,55,59.45,One year,DSL,Credit card (automatic),Low Risk (Loyal)
1194-BHJYC,No,0.02377180889628365,61,62.15,Two year,DSL,Mailed check,Low Risk (Loyal)
8331-ZXFOE,No,0.023762106315254904,58,71.1,One year,DSL,Credit card (automatic),Low Risk (Loyal)
7501-IWUNG,No,0.023731905740212476,61,73.8,Two year,DSL,Bank transfer (automatic),Low Risk (Loyal)
5583-EJXRD,No,0.02372728907987137,44,54.05,Two year,DSL,Credit card (automatic),Low Risk (Loyal)
9359-UGBTK,No,0.023660116368146942,67,72.35,One year,DSL,Bank transfer (automatic),Low Risk (Loyal)
8717-VCTXJ,No,0.023577033702403608,42,19.55,One year,No,Mailed check,Low Risk (Loyal)
6563-VRERX,No,0.023538385673130994,33,20.6,One year,No,Mailed check,Low Risk (Loyal)
4293-ETKAP,No,0.023513494598920773,65,79.4,Two year,DSL,Bank transfer (automatic),Low Risk (Loyal)
9824-QCJPK,No,0.02349764866130372,36,20.0,One year,No,Mailed check,Low Risk (Loyal)
5893-PYOLZ,No,0.023490368090801357,56,81.8,Two year,DSL,Credit card (automatic),Low Risk (Loyal)
8067-NIOYM,No,0.023461625139382346,24,21.1,Two year,No,Credit card (automatic),Low Risk (Loyal)
3896-ZVNET,No,0.02342993203384708,24,24.7,Two year,No,Mailed check,Low Risk (Loyal)
9945-PSVIP,No,0.023398947356472393,25,18.7,Two year,No,Mailed check,Low Risk (Loyal)
4584-LBNMK,No,0.023375299680157936,45,24.7,One year,No,Credit card (automatic),Low Risk (Loyal)
8510-TMWYB,No,0.023358436651789966,54,59.8,Two year,DSL,Bank transfer (automatic),Low Risk (Loyal)
1960-UOTYM,No,0.02331870986451823,52,79.2,Two year,DSL,Electronic check,Low Risk (Loyal)
3486-NPGST,No,0.02324493572468538,36,19.55,One year,No,Mailed check,Low Risk (Loyal)
4342-HFXWS,No,0.023134839783876954,48,69.7,One year,DSL,Bank transfer (automatic),Low Risk (Loyal)
6772-WFQRD,No,0.023040910215246777,40,20.4,One year,No,Bank transfer (automatic),Low Risk (Loyal)
8999-EXMNO,No,0.022960184090258857,19,20.15,Two year,No,Mailed check,Low Risk (Loyal)
2040-LDIWQ,No,0.022954525608946563,65,84.2,Two year,DSL,Bank transfer (automatic),Low Risk (Loyal)
0559-CKHUS,No,0.022790413494957633,29,19.55,Two year,No,Mailed check,Low Risk (Loyal)
7452-FOLON,No,0.02277170672888984,39,25.45,One year,No,Bank transfer (automatic),Low Risk (Loyal)
1090-ESELR,No,0.022749663107259947,72,105.5,Two year,Fiber optic,Bank transfer (automatic),Low Risk (Loyal)
5788-YPOEG,No,0.022730442298506796,34,84.75,Two year,DSL,Mailed check,Low Risk (Loyal)
8932-CZHRQ,No,0.02272092263933673,68,76.75,One year,DSL,Credit card (automatic),Low Risk (Loyal)
0916-KNFAJ,No,0.02267233645159984,61,69.9,Two year,DSL,Mailed check,Low Risk (Loyal)
3460-TJBWI,No,0.022628385587438786,24,24.2,Two year,No,Mailed check,Low Risk (Loyal)
8008-OTEZX,No,0.022577727345334003,35,19.65,One year,No,Mailed check,Low Risk (Loyal)
3569-VLDHH,No,0.022569755538711548,66,75.1,One year,DSL,Electronic check,Low Risk (Loyal)
3957-HHLMR,No,0.02249104556167125,70,65.2,One year,DSL,Bank transfer (automatic),Low Risk (Loyal)
9995-HOTOH,No,0.02245617093085896,63,59.0,Two year,DSL,Electronic check,Low Risk (Loyal)
8265-HKSOW,No,0.022428553522125225,72,107.45,Two year,Fiber optic,Credit card (automatic),Low Risk (Loyal)
6549-BTYPG,No,0.022415789189038724,60,60.8,Two year,DSL,Credit card (automatic),Low Risk (Loyal)
1757-TCATG,No,0.022340568400762907,35,20.05,One year,No,Bank transfer (automatic),Low Risk (Loyal)
2599-CIPQE,No,0.02229169792904598,71,109.3,Two year,Fiber optic,Credit card (automatic),Low Risk (Loyal)
7622-FWGEW,No,0.022271990856014175,56,85.65,Two year,DSL,Bank transfer (automatic),Low Risk (Loyal)
2123-VSCOT,No,0.022245453392848544,59,72.1,Two year,DSL,Bank transfer (automatic),Low Risk (Loyal)
5394-MEITZ,No,0.022213079094679174,60,80.6,Two year,DSL,Bank transfer (automatic),Low Risk (Loyal)
2252-NKNSI,No,0.022176411180373952,52,85.15,Two year,DSL,Mailed check,Low Risk (Loyal)
5197-LQXXH,No,0.02215918660031701,71,83.3,Two year,DSL,Credit card (automatic),Low Risk (Loyal)
8999-YPYBV,No,0.02203924530520747,45,84.35,Two year,DSL,Mailed check,Low Risk (Loyal)
9795-NREXC,No,0.02200528362570386,64,85.0,Two year,DSL,Credit card (automatic),Low Risk (Loyal)
4737-HOBAX,No,0.021991643951724076,63,79.8,Two year,DSL,Credit card (automatic),Low Risk (Loyal)
1934-MKPXS,No,0.02197934073085391,33,20.1,One year,No,Credit card (automatic),Low Risk (Loyal)
4703-MQYKT,No,0.02194694868435095,21,19.6,Two year,No,Mailed check,Low Risk (Loyal)
8144-DGHXP,No,0.0219443616559727,54,80.6,Two year,DSL,Electronic check,Low Risk (Loyal)
9919-FZDED,No,0.021912005923116092,72,84.1,Two year,DSL,Credit card (automatic),Low Risk (Loyal)
5321-NTRKC,No,0.02189400834780148,66,79.85,Two year,DSL,Bank transfer (automatic),Low Risk (Loyal)
8390-FESFV,No,0.021869685525651193,62,84.5,Two year,DSL,Bank transfer (automatic),Low Risk (Loyal)
4804-NCPET,No,0.02182149383345463,19,20.2,Two year,No,Mailed check,Low Risk (Loyal)
6339-RZCBJ,No,0.02178317254465363,48,78.9,Two year,DSL,Credit card (automatic),Low Risk (Loyal)
1635-HDGFT,No,0.021753615405927483,19,20.5,Two year,No,Mailed check,Low Risk (Loyal)
1525-LNLOJ,No,0.021739963921228254,66,63.3,Two year,DSL,Bank transfer (automatic),Low Risk (Loyal)
7190-XHTWJ,No,0.02172536364651537,38,19.3,One year,No,Mailed check,Low Risk (Loyal)
3401-URHDA,No,0.021594428132019197,51,59.9,One year,DSL,Credit card (automatic),Low Risk (Loyal)
2000-DHJUY,No,0.021568351257572276,70,92.2,Two year,DSL,Bank transfer (automatic),Low Risk (Loyal)
7711-YIJWC,No,0.02151555078599849,61,84.9,One year,DSL,Bank transfer (automatic),Low Risk (Loyal)
0513-RBGPE,No,0.021410471477705327,37,62.8,Two year,DSL,Credit card (automatic),Low Risk (Loyal)
6631-HMANX,No,0.021385676730238917,72,85.45,Two year,DSL,Credit card (automatic),Low Risk (Loyal)
5313-FPXWG,No,0.02135154349369701,51,24.6,One year,No,Bank transfer (automatic),Low Risk (Loyal)
6234-RAAPL,No,0.021344047526111014,72,99.9,Two year,Fiber optic,Bank transfer (automatic),Low Risk (Loyal)
9548-ZMVTX,No,0.021308630055021077,72,90.45,Two year,Fiber optic,Bank transfer (automatic),Low Risk (Loyal)
7609-YBPXG,No,0.021302640173616563,54,87.1,Two year,DSL,Bank transfer (automatic),Low Risk (Loyal)
9958-MEKUC,No,0.021294797796630998,72,103.95,Two year,Fiber optic,Credit card (automatic),Low Risk (Loyal)
8345-MVDYC,No,0.02128316131320081,45,81.65,Two year,DSL,Bank transfer (automatic),Low Risk (Loyal)
0993-OSGPT,No,0.02127948394145012,68,60.65,One year,DSL,Bank transfer (automatic),Low Risk (Loyal)
3649-JPUGY,No,0.02127935356512885,72,88.6,Two year,DSL,Bank transfer (automatic),Low Risk (Loyal)
3280-NMUVX,No,0.021279018600942595,34,19.6,One year,No,Credit card (automatic),Low Risk (Loyal)
2550-AEVRU,No,0.021261254682007565,57,53.45,One year,DSL,Electronic check,Low Risk (Loyal)
5317-FLPJF,No,0.02117977380056916,66,61.35,Two year,DSL,Bank transfer (automatic),Low Risk (Loyal)
7564-GHCVB,No,0.021170579721184836,72,79.05,Two year,Fiber optic,Bank transfer (automatic),Low Risk (Loyal)
2192-OZITF,No,0.021159948251377337,45,73.55,Two year,DSL,Mailed check,Low Risk (Loyal)
5924-SNGKP,No,0.021115146833439596,41,20.25,One year,No,Credit card (automatic),Low Risk (Loyal)
2302-OUZXB,No,0.021110004702468238,72,82.15,Two year,DSL,Bank transfer (automatic),Low Risk (Loyal)
7503-MIOGA,No,0.02110893421773414,72,89.85,Two year,DSL,Bank transfer (automatic),Low Risk (Loyal)
5380-XPJNZ,No,0.02110452192014816,38,20.05,One year,No,Mailed check,Low Risk (Loyal)
6516-NKQBO,No,0.021102780555459708,38,81.0,Two year,DSL,Credit card (automatic),Low Risk (Loyal)
1088-CNNKB,No,0.021040893345185798,63,80.0,One year,DSL,Credit card (automatic),Low Risk (Loyal)
0654-PQKDW,No,0.021016299672581534,62,70.75,One year,DSL,Bank transfer (automatic),Low Risk (Loyal)
2990-OGYTD,No,0.020944796119131075,67,86.15,Two year,DSL,Bank transfer (automatic),Low Risk (Loyal)
3654-ARMGP,No,0.020937567078493566,61,88.65,Two year,DSL,Credit card (automatic),Low Risk (Loyal)
2863-IMQDR,No,0.020925896127876625,61,89.65,Two year,DSL,Electronic check,Low Risk (Loyal)
5684-FJVYR,No,0.020856492481166198,72,90.35,Two year,Fiber optic,Bank transfer (automatic),Low Risk (Loyal)
1265-HVPZB,No,0.020800172316835355,59,66.4,One year,DSL,Credit card (automatic),Low Risk (Loyal)
1223-UNPKS,No,0.020787593898991687,20,20.05,Two year,No,Mailed check,Low Risk (Loyal)
3911-RSNHI,No,0.020770895398221367,71,61.4,Two year,DSL,Credit card (automatic),Low Risk (Loyal)
4178-EGMON,No,0.020743337871709174,70,88.0,Two year,Fiber optic,Credit card (automatic),Low Risk (Loyal)
1498-NHTLT,No,0.020687898077937684,59,86.75,Two year,DSL,Electronic check,Low Risk (Loyal)
6166-YIPFO,No,0.020642221999226256,72,64.7,Two year,DSL,Electronic check,Low Risk (Loyal)
8327-WKMIE,No,0.020618346718489784,37,20.15,One year,No,Credit card (automatic),Low Risk (Loyal)
5668-MEISB,No,0.0206066144405355,72,106.1,Two year,Fiber optic,Credit card (automatic),Low Risk (Loyal)
5859-HZYLF,No,0.0206020660458909,26,19.15,Two year,No,Credit card (automatic),Low Risk (Loyal)
8221-HVAYI,No,0.02055985591181918,35,69.15,Two year,DSL,Credit card (automatic),Low Risk (Loyal)
9581-GVBXT,No,0.02055405758244246,59,34.8,One year,DSL,Mailed check,Low Risk (Loyal)
0979-MOZQI,No,0.020510749335668144,62,39.0,Two year,DSL,Bank transfer (automatic),Low Risk (Loyal)
8645-KOMJQ,No,0.020462802082033937,69,81.95,Two year,DSL,Bank transfer (automatic),Low Risk (Loyal)
4254-QPEDE,No,0.02040282654213276,52,66.25,Two year,DSL,Credit card (automatic),Low Risk (Loyal)
0902-RFHOF,No,0.020344237819982652,38,20.1,One year,No,Mailed check,Low Risk (Loyal)
7665-NKLAV,No,0.020335126961336058,36,40.65,Two year,DSL,Credit card (automatic),Low Risk (Loyal)
6242-FEGFD,No,0.020326931576208115,66,96.6,Two year,Fiber optic,Mailed check,Low Risk (Loyal)
6603-YRDCJ,No,0.020233145597837728,33,61.05,Two year,DSL,Mailed check,Low Risk (Loyal)
1534-OULXE,No,0.020211756880263162,61,49.7,One year,DSL,Bank transfer (automatic),Low Risk (Loyal)
9548-LERKT,No,0.020186363969551036,24,19.75,Two year,No,Mailed check,Low Risk (Loyal)
3720-DBRWL,No,0.020156613771496093,51,83.85,Two year,DSL,Credit card (automatic),Low Risk (Loyal)
0071-NDAFP,No,0.020146136771902245,25,25.5,Two year,No,Credit card (automatic),Low Risk (Loyal)
4890-VMUAV,No,0.02007287675997988,63,71.5,One year,DSL,Electronic check,Low Risk (Loyal)
0604-THJFP,No,0.02001635805450157,59,75.95,Two year,DSL,Credit card (automatic),Low Risk (Loyal)
5177-RVZNU,No,0.02000533279751715,37,20.3,One year,No,Bank transfer (automatic),Low Risk (Loyal)
5453-YBTWV,No,0.01997574286119015,70,101.1,Two year,Fiber optic,Credit card (automatic),Low Risk (Loyal)
0436-TWFFZ,No,0.01993014993331661,67,85.25,Two year,DSL,Mailed check,Low Risk (Loyal)
3978-YNKDD,No,0.019879942550945783,19,20.85,Two year,No,Credit card (automatic),Low Risk (Loyal)
3653-NCRDJ,No,0.019835880228910748,43,19.2,One year,No,Mailed check,Low Risk (Loyal)
9385-NXKDA,No,0.019663075447131726,72,82.65,Two year,DSL,Credit card (automatic),Low Risk (Loyal)
0731-EBJQB,No,0.01965125116989886,52,20.4,One year,No,Electronic check,Low Risk (Loyal)
0129-QMPDR,No,0.019650129085801115,44,20.5,One year,No,Bank transfer (automatic),Low Risk (Loyal)
1755-FZQEC,No,0.019647865292756413,39,19.9,One year,No,Mailed check,Low Risk (Loyal)
3070-FNFZQ,No,0.019596327771458196,23,20.4,Two year,No,Bank transfer (automatic),Low Risk (Loyal)
4295-YURET,No,0.01953328858322085,56,72.6,Two year,DSL,Credit card (automatic),Low Risk (Loyal)
2192-CKRLV,No,0.019526243084337463,72,49.2,Two year,DSL,Electronic check,Low Risk (Loyal)
3489-VSFRD,No,0.01938895957910424,56,60.25,One year,DSL,Credit card (automatic),Low Risk (Loyal)
9150-HEPMB,No,0.01933107896482909,56,52.7,One year,DSL,Mailed check,Low Risk (Loyal)
7025-WCBNE,No,0.01931190074997068,47,59.6,Two year,DSL,Bank transfer (automatic),Low Risk (Loyal)
8590-OHDIW,No,0.019306956017152863,38,20.3,One year,No,Mailed check,Low Risk (Loyal)
5696-JVVQY,No,0.019249724301937086,48,70.1,Two year,DSL,Credit card (automatic),Low Risk (Loyal)
8672-OAUPW,No,0.019247408572878266,51,47.85,One year,DSL,Credit card (automatic),Low Risk (Loyal)
5656-MJEFC,No,0.019219031452128135,42,48.15,Two year,DSL,Credit card (automatic),Low Risk (Loyal)
2521-NPUZR,No,0.019140972283782958,70,101.0,Two year,Fiber optic,Credit card (automatic),Low Risk (Loyal)
6418-HNFED,No,0.019111996143809852,51,83.25,Two year,DSL,Credit card (automatic),Low Risk (Loyal)
2498-XLDZR,No,0.01898281283097642,32,73.6,Two year,DSL,Mailed check,Low Risk (Loyal)
1395-WSWXR,No,0.018956040674859235,24,20.75,Two year,No,Mailed check,Low Risk (Loyal)
6120-RJKLU,No,0.018934515843290364,62,79.95,Two year,DSL,Credit card (automatic),Low Risk (Loyal)
2812-REYAT,No,0.018918910846032692,49,20.05,One year,No,Bank transfer (automatic),Low Risk (Loyal)
6203-HBZPA,No,0.018876974016397135,52,63.9,Two year,DSL,Credit card (automatic),Low Risk (Loyal)
8200-LGKSR,No,0.018876311626675912,71,83.2,Two year,DSL,Electronic check,Low Risk (Loyal)
8060-HIWJJ,No,0.018868655137115824,64,86.55,Two year,DSL,Credit card (automatic),Low Risk (Loyal)
1930-QPBVZ,No,0.018780786613801944,68,95.1,Two year,Fiber optic,Bank transfer (automatic),Low Risk (Loyal)
2612-PHGOX,No,0.01877762282126775,64,76.1,Two year,DSL,Bank transfer (automatic),Low Risk (Loyal)
5126-RCXYW,No,0.01876580434381955,54,46.0,Two year,DSL,Credit card (automatic),Low Risk (Loyal)
5622-UEJFI,No,0.018765214424296434,35,25.4,Two year,No,Credit card (automatic),Low Risk (Loyal)
7977-HXJKU,No,0.018750634417901348,21,19.6,Two year,No,Mailed check,Low Risk (Loyal)
5387-ASZNZ,No,0.01874310930533513,66,63.85,One year,DSL,Credit card (automatic),Low Risk (Loyal)
2324-AALNO,No,0.018713435407743596,48,24.55,One year,No,Bank transfer (automatic),Low Risk (Loyal)
6963-EZQEE,No,0.018630640898979058,70,88.55,Two year,DSL,Credit card (automatic),Low Risk (Loyal)
6732-VAILE,No,0.018626487809534954,70,85.95,Two year,DSL,Credit card (automatic),Low Risk (Loyal)
9888-ZCUMM,No,0.018589310083820556,64,60.05,Two year,DSL,Bank transfer (automatic),Low Risk (Loyal)
4751-ERMAN,No,0.01852196190867999,72,75.4,Two year,DSL,Bank transfer (automatic),Low Risk (Loyal)
4487-ZYJZK,No,0.018478690619039635,38,19.6,One year,No,Credit card (automatic),Low Risk (Loyal)
3935-TBRZZ,No,0.01847095262914635,44,25.7,One year,No,Mailed check,Low Risk (Loyal)
0301-KOBTQ,No,0.018458004210395625,32,20.05,Two year,No,Bank transfer (automatic),Low Risk (Loyal)
6546-OPBBH,No,0.018444570255128828,51,23.95,One year,No,Mailed check,Low Risk (Loyal)
0230-UBYPQ,No,0.018404288065294868,63,36.1,One year,DSL,Bank transfer (automatic),Low Risk (Loyal)
1371-OJCEK,No,0.01839563421740219,48,24.35,One year,No,Bank transfer (automatic),Low Risk (Loyal)
8125-QPFJD,No,0.018370273234927813,72,84.9,Two year,DSL,Bank transfer (automatic),Low Risk (Loyal)
2725-IWWBA,No,0.01836941284120245,46,56.9,One year,DSL,Mailed check,Low Risk (Loyal)
5996-EBTKM,No,0.01836194032180654,67,69.9,Two year,DSL,Bank transfer (automatic),Low Risk (Loyal)
5702-KVQRD,No,0.0182655121559419,71,82.55,Two year,DSL,Electronic check,Low Risk (Loyal)
4039-PIMHX,No,0.01825720689294254,49,49.8,Two year,DSL,Mailed check,Low Risk (Loyal)
6199-IPCAO,No,0.018253344881723678,29,26.1,Two year,No,Mailed check,Low Risk (Loyal)
8174-TBVCF,No,0.018236703928357297,70,94.8,Two year,DSL,Credit card (automatic),Low Risk (Loyal)
8450-LUGUK,No,0.01822698678432354,37,24.1,Two year,No,Bank transfer (automatic),Low Risk (Loyal)
7233-PAHHL,No,0.018223461726715268,66,84.0,Two year,DSL,Mailed check,Low Risk (Loyal)
5792-JALQC,No,0.018221764975728198,52,59.85,Two year,DSL,Bank transfer (automatic),Low Risk (Loyal)
4676-WLUHT,No,0.01818035141994951,54,46.2,Two year,DSL,Bank transfer (automatic),Low Risk (Loyal)
9950-MTGYX,No,0.018143963716564904,28,20.3,Two year,No,Credit card (automatic),Low Risk (Loyal)
0969-RGKCU,No,0.018068855998026385,37,19.8,One year,No,Credit card (automatic),Low Risk (Loyal)
9447-YPTBX,No,0.018066103056858965,50,19.85,One year,No,Bank transfer (automatic),Low Risk (Loyal)
5248-RPYWW,No,0.018037094156290966,72,90.15,Two year,DSL,Bank transfer (automatic),Low Risk (Loyal)
2805-AUFQN,No,0.018004664426277437,25,19.8,Two year,No,Credit card (automatic),Low Risk (Loyal)
0057-QBUQH,No,0.017995185827594868,43,25.1,Two year,No,Electronic check,Low Risk (Loyal)
7552-KEYGT,No,0.017992878637718358,27,19.55,Two year,No,Bank transfer (automatic),Low Risk (Loyal)
8173-RXAYP,No,0.017960604627672704,24,19.7,Two year,No,Mailed check,Low Risk (Loyal)
8958-JPTRR,No,0.01795595705743066,56,24.3,One year,No,Electronic check,Low Risk (Loyal)
1177-XZBJL,No,0.017935465200095858,53,64.15,One year,DSL,Bank transfer (automatic),Low Risk (Loyal)
8404-VIOMB,No,0.017930327849633294,66,62.5,Two year,DSL,Bank transfer (automatic),Low Risk (Loyal)
3566-CAAYU,No,0.01792627722680694,64,49.85,Two year,DSL,Electronic check,Low Risk (Loyal)
6814-ZPWFQ,No,0.01791559006152012,51,25.0,One year,No,Bank transfer (automatic),Low Risk (Loyal)
9470-YFUYI,No,0.017885628117965888,71,71.0,One year,DSL,Bank transfer (automatic),Low Risk (Loyal)
5751-USDBL,No,0.017875364899066302,46,81.0,Two year,DSL,Mailed check,Low Risk (Loyal)
6048-NJXHX,No,0.017871829255176313,41,19.75,Two year,No,Electronic check,Low Risk (Loyal)
4538-WNTMJ,No,0.017855421571740537,46,24.95,One year,No,Mailed check,Low Risk (Loyal)
1897-OKVMW,No,0.017818672997061483,64,90.6,Two year,DSL,Mailed check,Low Risk (Loyal)
4381-MHQDC,No,0.017812429157439916,47,65.0,Two year,DSL,Mailed check,Low Risk (Loyal)
6923-AQONU,No,0.01779945494983675,23,20.9,Two year,No,Mailed check,Low Risk (Loyal)
0383-CLDDA,No,0.017795677449396783,69,85.35,Two year,DSL,Credit card (automatic),Low Risk (Loyal)
0707-HOVVN,No,0.0177928296434466,70,75.5,Two year,DSL,Bank transfer (automatic),Low Risk (Loyal)
3745-HRPHI,No,0.017783373150410568,66,54.65,Two year,DSL,Bank transfer (automatic),Low Risk (Loyal)
0455-ENTCR,No,0.017763597400957145,66,85.25,Two year,DSL,Electronic check,Low Risk (Loyal)
6762-QVYJO,No,0.01776313706123111,58,59.75,Two year,DSL,Mailed check,Low Risk (Loyal)
1837-YQUCE,No,0.017738168695021397,70,58.35,Two year,DSL,Bank transfer (automatic),Low Risk (Loyal)
7508-DQAKK,No,0.017685438391575943,64,86.4,Two year,DSL,Credit card (automatic),Low Risk (Loyal)
8565-WUXZU,No,0.01767076772077184,72,84.8,Two year,Fiber optic,Credit card (automatic),Low Risk (Loyal)
8050-DVOJX,No,0.017647600066706168,49,81.35,Two year,DSL,Credit card (automatic),Low Risk (Loyal)
2977-CEBSX,No,0.01764227511416398,66,90.05,Two year,DSL,Credit card (automatic),Low Risk (Loyal)
0263-FJTQO,No,0.017640211508490915,50,70.5,Two year,DSL,Credit card (automatic),Low Risk (Loyal)
2274-XUATA,No,0.01761106202168603,72,63.1,Two year,DSL,Bank transfer (automatic),Low Risk (Loyal)
9805-FILKB,No,0.01761080536714217,46,20.2,One year,No,Bank transfer (automatic),Low Risk (Loyal)
7153-CHRBV,No,0.017596479154370813,57,59.3,One year,DSL,Mailed check,Low Risk (Loyal)
1686-STUHN,No,0.01759605198478847,42,19.8,One year,No,Bank transfer (automatic),Low Risk (Loyal)
0016-QLJIS,No,0.01757664086145811,65,90.45,Two year,DSL,Mailed check,Low Risk (Loyal)
1333-PBMXB,No,0.017527419664014048,54,24.75,One year,No,Bank transfer (automatic),Low Risk (Loyal)
1227-UDMZR,No,0.017507253322232977,72,91.15,Two year,DSL,Bank transfer (automatic),Low Risk (Loyal)
0739-UUAJR,No,0.01749336741804252,72,53.8,Two year,DSL,Credit card (automatic),Low Risk (Loyal)
4849-PYRLQ,No,0.017397818462365346,56,73.25,Two year,DSL,Bank transfer (automatic),Low Risk (Loyal)
5986-WWXDV,No,0.017368854014535955,39,19.35,One year,No,Bank transfer (automatic),Low Risk (Loyal)
2753-JMMCV,No,0.017325169862570607,65,74.2,Two year,DSL,Credit card (automatic),Low Risk (Loyal)
6258-PVZWJ,No,0.017291663582235915,68,90.8,Two year,DSL,Credit card (automatic),Low Risk (Loyal)
7771-CFQRQ,No,0.01725211981299371,47,63.8,Two year,DSL,Bank transfer (automatic),Low Risk (Loyal)
0298-XACET,No,0.0172490763392987,52,50.2,Two year,DSL,Mailed check,Low Risk (Loyal)
4335-UPJSI,No,0.017229361515467077,24,19.75,Two year,No,Mailed check,Low Risk (Loyal)
7301-ABVAD,No,0.017167427771902246,72,86.6,Two year,DSL,Bank transfer (automatic),Low Risk (Loyal)
2256-YLYLP,No,0.017154896957377937,68,72.95,Two year,DSL,Bank transfer (automatic),Low Risk (Loyal)
3557-HTYWR,No,0.0171305888317131,47,74.05,Two year,DSL,Mailed check,Low Risk (Loyal)
0277-ORXQS,No,0.01712417521978868,66,50.55,Two year,DSL,Bank transfer (automatic),Low Risk (Loyal)
3908-MKIMJ,No,0.017113478552840625,68,41.95,Two year,DSL,Electronic check,Low Risk (Loyal)
7267-FRMJW,No,0.017105114788995453,25,20.1,Two year,No,Mailed check,Low Risk (Loyal)
8098-TDCBU,No,0.01708968914937796,42,25.25,Two year,No,Electronic check,Low Risk (Loyal)
4893-GYUJU,No,0.017059707426771382,50,19.35,One year,No,Mailed check,Low Risk (Loyal)
9871-ELEYA,No,0.017055690480512965,34,67.65,Two year,DSL,Credit card (automatic),Low Risk (Loyal)
8661-BOYNW,No,0.017043717863939267,72,84.4,Two year,DSL,Credit card (automatic),Low Risk (Loyal)
0354-VXMJC,No,0.01695087533162528,23,19.6,Two year,No,Credit card (automatic),Low Risk (Loyal)
4999-IEZLT,No,0.016900706570077445,66,29.45,One year,DSL,Credit card (automatic),Low Risk (Loyal)
2400-XIWIO,No,0.016897174023892507,71,90.1,Two year,DSL,Electronic check,Low Risk (Loyal)
2332-TODQS,No,0.01688307130256436,48,25.05,One year,No,Credit card (automatic),Low Risk (Loyal)
9253-VIFJQ,No,0.016879761281259974,65,67.05,One year,DSL,Credit card (automatic),Low Risk (Loyal)
2137-DQMEV,No,0.016857216665699695,68,44.8,One year,DSL,Mailed check,Low Risk (Loyal)
9297-EONCV,No,0.01683092658839636,72,91.35,Two year,DSL,Bank transfer (automatic),Low Risk (Loyal)
3544-FBCAS,No,0.01677876810799988,72,83.6,Two year,DSL,Credit card (automatic),Low Risk (Loyal)
1971-DTCZB,No,0.01674832305467589,72,90.95,Two year,DSL,Bank transfer (automatic),Low Risk (Loyal)
6369-MCAKO,No,0.016713713993955697,68,89.05,Two year,DSL,Bank transfer (automatic),Low Risk (Loyal)
0214-JHPFW,No,0.0166536219070782,70,57.8,Two year,DSL,Bank transfer (automatic),Low Risk (Loyal)
5498-IBWPI,No,0.01663397831588712,66,49.4,One year,DSL,Credit card (automatic),Low Risk (Loyal)
4549-ZDQYY,No,0.016622500981937866,52,57.95,One year,DSL,Credit card (automatic),Low Risk (Loyal)
1172-VIYBP,No,0.016536156851706826,53,69.7,Two year,DSL,Bank transfer (automatic),Low Risk (Loyal)
7216-KAOID,No,0.016515064568374198,41,19.5,One year,No,Bank transfer (automatic),Low Risk (Loyal)
3521-HTQTV,No,0.016506321170975186,34,26.1,Two year,No,Bank transfer (automatic),Low Risk (Loyal)
7297-DVYGA,No,0.01646904634136429,51,19.85,One year,No,Bank transfer (automatic),Low Risk (Loyal)
6094-ZIVKX,No,0.0164547972396217,68,54.45,One year,DSL,Credit card (automatic),Low Risk (Loyal)
8469-SNFFH,No,0.016451490445918343,70,79.4,One year,DSL,Bank transfer (automatic),Low Risk (Loyal)
7054-DMVAS,No,0.016419569123087098,54,65.3,Two year,DSL,Bank transfer (automatic),Low Risk (Loyal)
9339-FIIJL,No,0.01641866112023658,72,85.95,Two year,DSL,Bank transfer (automatic),Low Risk (Loyal)
7401-JIXNM,No,0.016350863320825568,54,91.3,Two year,DSL,Credit card (automatic),Low Risk (Loyal)
4568-KNYWR,No,0.016315696304771737,52,63.25,Two year,DSL,Credit card (automatic),Low Risk (Loyal)
4526-EXKKN,No,0.016263662414257272,40,24.6,Two year,No,Mailed check,Low Risk (Loyal)
9479-HYNYL,No,0.016240013791738627,71,80.7,Two year,DSL,Credit card (automatic),Low Risk (Loyal)
8169-SAEJD,No,0.016221451616933592,69,56.55,Two year,DSL,Credit card (automatic),Low Risk (Loyal)
0459-SPZHJ,No,0.016173028176338804,63,83.5,Two year,DSL,Credit card (automatic),Low Risk (Loyal)
0114-IGABW,No,0.016172338808095155,71,58.25,Two year,DSL,Bank transfer (automatic),Low Risk (Loyal)
4213-HKBJO,No,0.01613746453846465,33,25.7,Two year,No,Credit card (automatic),Low Risk (Loyal)
1187-WILMM,No,0.01613178859451585,63,89.4,Two year,DSL,Credit card (automatic),Low Risk (Loyal)
1970-KKFWL,No,0.016115544155976526,35,23.3,Two year,No,Bank transfer (automatic),Low Risk (Loyal)
6681-ZSEXG,No,0.016109949880711304,56,59.5,Two year,DSL,Credit card (automatic),Low Risk (Loyal)
1830-GGFNM,No,0.016087765422932238,65,94.55,Two year,Fiber optic,Credit card (automatic),Low Risk (Loyal)
5816-JMLGY,No,0.0160712172226788,70,80.4,Two year,DSL,Bank transfer (automatic),Low Risk (Loyal)
9227-YBAXE,No,0.016003088974105295,65,82.5,Two year,DSL,Bank transfer (automatic),Low Risk (Loyal)
3166-PNEOF,No,0.015990713777604793,61,86.45,Two year,DSL,Credit card (automatic),Low Risk (Loyal)
5322-ZSMZY,No,0.01591441450325173,31,25.75,Two year,No,Mailed check,Low Risk (Loyal)
0909-SELIE,No,0.015843982923062827,61,80.8,Two year,DSL,Bank transfer (automatic),Low Risk (Loyal)
5125-CNDSP,No,0.015835415210293642,63,40.6,One year,DSL,Bank transfer (automatic),Low Risk (Loyal)
4827-DPADN,No,0.01582678310939052,72,83.3,Two year,DSL,Bank transfer (automatic),Low Risk (Loyal)
2987-BJXIK,No,0.015774998708385498,70,84.7,Two year,DSL,Mailed check,Low Risk (Loyal)
3638-WEABW,No,0.015757716271305046,58,59.9,Two year,DSL,Credit card (automatic),Low Risk (Loyal)
1627-AFWVJ,No,0.015743748581309606,29,19.4,Two year,No,Mailed check,Low Risk (Loyal)
9778-OGKQZ,No,0.0157020209055519,72,92.0,Two year,DSL,Credit card (automatic),Low Risk (Loyal)
5456-ITGIC,No,0.015692802794485164,72,64.45,Two year,DSL,Credit card (automatic),Low Risk (Loyal)
4609-KNNWG,No,0.01566480242916745,27,19.9,Two year,No,Mailed check,Low Risk (Loyal)
4163-HFTUK,No,0.01566025443943338,51,19.1,One year,No,Electronic check,Low Risk (Loyal)
2211-RMNHO,No,0.01562471728788757,68,85.3,Two year,DSL,Bank transfer (automatic),Low Risk (Loyal)
8218-FFJDS,No,0.015583260682188163,72,86.4,Two year,DSL,Bank transfer (automatic),Low Risk (Loyal)
3146-MSEGF,No,0.015580010166074708,72,88.05,Two year,DSL,Credit card (automatic),Low Risk (Loyal)
5249-QYHEX,No,0.015565262463173133,40,24.8,Two year,No,Mailed check,Low Risk (Loyal)
8232-CTLKO,No,0.01556042493367795,66,59.75,Two year,DSL,Electronic check,Low Risk (Loyal)
5980-BDHPY,No,0.015532696491025968,72,87.1,Two year,DSL,Bank transfer (automatic),Low Risk (Loyal)
6586-MYGKD,No,0.015525232456706548,70,76.95,Two year,DSL,Credit card (automatic),Low Risk (Loyal)
2346-CZYIL,No,0.015519988767531705,27,20.35,Two year,No,Credit card (automatic),Low Risk (Loyal)
9415-ZNBSX,No,0.015464658248974073,70,89.0,Two year,DSL,Bank transfer (automatic),Low Risk (Loyal)
9541-ZPSEA,No,0.015461560351560027,68,80.35,Two year,Fiber optic,Credit card (automatic),Low Risk (Loyal)
7815-PDTHL,No,0.015455610917427231,35,20.2,Two year,No,Mailed check,Low Risk (Loyal)
7850-THJMU,No,0.015449741560015749,26,19.65,Two year,No,Credit card (automatic),Low Risk (Loyal)
2725-TTRIQ,No,0.01543691428981983,72,84.2,Two year,DSL,Bank transfer (automatic),Low Risk (Loyal)
3398-GCPMU,No,0.015432772038370766,72,89.55,Two year,DSL,Credit card (automatic),Low Risk (Loyal)
3933-DQPWX,No,0.015402196114311227,50,39.7,Two year,DSL,Credit card (automatic),Low Risk (Loyal)
3108-PCCGG,No,0.015391700910171531,72,84.45,Two year,DSL,Credit card (automatic),Low Risk (Loyal)
8184-WMOFI,No,0.01536854481766833,62,71.4,One year,DSL,Credit card (automatic),Low Risk (Loyal)
4774-HHGGS,No,0.015366341510457389,30,19.05,Two year,No,Mailed check,Low Risk (Loyal)
5171-EPLKN,No,0.015340495640283794,27,19.85,Two year,No,Credit card (automatic),Low Risk (Loyal)
6248-TKCQV,No,0.015336785542964805,70,80.6,Two year,DSL,Bank transfer (automatic),Low Risk (Loyal)
0674-GCDXG,No,0.015334893032190353,63,71.9,Two year,DSL,Bank transfer (automatic),Low Risk (Loyal)
5997-OPVFA,No,0.015317655463654115,72,89.05,Two year,DSL,Bank transfer (automatic),Low Risk (Loyal)
5003-XZWWO,No,0.01530663032494421,71,84.2,Two year,DSL,Credit card (automatic),Low Risk (Loyal)
1492-KGETH,No,0.015303111563800103,70,78.35,One year,DSL,Bank transfer (automatic),Low Risk (Loyal)
8859-AXJZP,No,0.015266635814163465,39,23.8,Two year,No,Mailed check,Low Risk (Loyal)
4518-FZBSX,No,0.015245501208954388,42,20.25,One year,No,Mailed check,Low Risk (Loyal)
2845-KDHVX,No,0.015231490713033513,64,68.3,Two year,DSL,Mailed check,Low Risk (Loyal)
4334-HOWRP,No,0.015207479846128018,72,64.95,Two year,DSL,Credit card (automatic),Low Risk (Loyal)
3572-UUHRS,No,0.015195650362484056,45,18.85,One year,No,Bank transfer (automatic),Low Risk (Loyal)
8295-KMENE,No,0.015176773874466858,59,76.45,Two year,DSL,Mailed check,Low Risk (Loyal)
2996-XAUVF,No,0.015155560524345461,70,40.05,Two year,DSL,Mailed check,Low Risk (Loyal)
8766-PAFNE,No,0.015109009298679348,71,79.1,Two year,DSL,Credit card (automatic),Low Risk (Loyal)
1552-CZCLL,No,0.015104754399983733,55,20.0,Month-to-month,No,Credit card (automatic),Low Risk (Loyal)
4955-VCWBI,No,0.015082177812700435,43,20.0,One year,No,Mailed check,Low Risk (Loyal)
0771-CHWSK,No,0.015061812114526148,66,74.6,Two year,DSL,Credit card (automatic),Low Risk (Loyal)
0795-LAFGP,No,0.015052369268185513,71,90.4,Two year,DSL,Electronic check,Low Risk (Loyal)
6023-GSSXW,No,0.015005546084187207,69,61.45,Two year,DSL,Credit card (automatic),Low Risk (Loyal)
2430-RRYUW,No,0.014948419015761907,66,54.8,One year,DSL,Mailed check,Low Risk (Loyal)
7131-ZQZNK,No,0.014937855649082735,60,59.85,Two year,DSL,Credit card (automatic),Low Risk (Loyal)
8626-PTQGE,No,0.014934233030828461,69,60.05,Two year,DSL,Bank transfer (automatic),Low Risk (Loyal)
8204-YJCLA,No,0.014932443157167411,72,64.8,Two year,DSL,Bank transfer (automatic),Low Risk (Loyal)
9385-EHGDO,No,0.014894946249450196,35,19.85,Two year,No,Mailed check,Low Risk (Loyal)
1568-LJSZU,No,0.014883240626154592,68,92.2,Two year,DSL,Credit card (automatic),Low Risk (Loyal)
5451-MHQOF,No,0.014872125945594466,56,24.45,One year,No,Mailed check,Low Risk (Loyal)
3740-RLMVT,No,0.014841884945640762,67,60.95,One year,DSL,Bank transfer (automatic),Low Risk (Loyal)
8197-BFWVU,No,0.014798739088418434,72,93.25,Two year,DSL,Bank transfer (automatic),Low Risk (Loyal)
1265-ZFOSD,No,0.014679138668375885,64,81.3,Two year,DSL,Mailed check,Low Risk (Loyal)
9102-OXKFY,No,0.01466042127071496,59,54.15,Two year,DSL,Credit card (automatic),Low Risk (Loyal)
9028-LIHRP,No,0.014605990818581873,71,100.2,Two year,Fiber optic,Credit card (automatic),Low Risk (Loyal)
9675-ICXCT,No,0.014603606081260451,72,80.8,Two year,DSL,Electronic check,Low Risk (Loyal)
4782-OSFXZ,No,0.014567530338233678,71,82.7,Two year,DSL,Bank transfer (automatic),Low Risk (Loyal)
8148-NLEGT,No,0.014542267975200383,42,22.95,Two year,No,Electronic check,Low Risk (Loyal)
3079-BCHLN,No,0.014534739402251905,47,19.9,One year,No,Bank transfer (automatic),Low Risk (Loyal)
2122-SZZZD,No,0.014443882647773605,44,19.5,One year,No,Credit card (automatic),Low Risk (Loyal)
7799-LGRDP,No,0.014439071877498407,43,25.7,Two year,No,Credit card (automatic),Low Risk (Loyal)
6974-DAFLI,No,0.014437385606053227,55,19.7,One year,No,Electronic check,Low Risk (Loyal)
2511-ALLCS,No,0.014433621110153347,35,24.3,Two year,No,Bank transfer (automatic),Low Risk (Loyal)
4825-XJGDM,No,0.014411271733204455,61,43.7,One year,DSL,Credit card (automatic),Low Risk (Loyal)
6119-SPUDB,No,0.01440596173961436,46,38.25,Two year,DSL,Mailed check,Low Risk (Loyal)
9674-EHPPG,No,0.014401732826107775,46,40.4,Two year,DSL,Credit card (automatic),Low Risk (Loyal)
9565-FLVCG,No,0.014401237423381038,65,69.55,Two year,DSL,Mailed check,Low Risk (Loyal)
9067-SQTNS,No,0.014383872077865286,44,20.6,One year,No,Bank transfer (automatic),Low Risk (Loyal)
8414-OOEEL,No,0.014374801971709454,66,79.5,Two year,DSL,Credit card (automatic),Low Risk (Loyal)
4079-WWQQQ,No,0.014365547625278986,72,65.55,Two year,DSL,Bank transfer (automatic),Low Risk (Loyal)
8100-PNJMH,No,0.0143561810038884,68,88.85,Two year,DSL,Credit card (automatic),Low Risk (Loyal)
8181-YHCMF,No,0.014355320390745574,68,60.3,Two year,DSL,Credit card (automatic),Low Risk (Loyal)
2226-ICFDO,No,0.014351915119315769,72,85.9,Two year,DSL,Credit card (automatic),Low Risk (Loyal)
9548-LIGTA,No,0.014344990512434106,61,81.05,Two year,DSL,Mailed check,Low Risk (Loyal)
1088-AUUZZ,No,0.014340089282796563,56,75.85,Two year,DSL,Credit card (automatic),Low Risk (Loyal)
0123-CRBRT,No,0.01430308732875296,61,88.1,Two year,DSL,Mailed check,Low Risk (Loyal)
3161-ONRWK,No,0.014300067441412299,60,65.85,One year,DSL,Bank transfer (automatic),Low Risk (Loyal)
5248-YGIJN,No,0.014280358451912877,72,90.25,Two year,DSL,Credit card (automatic),Low Risk (Loyal)
4837-PZTIC,No,0.014277615049732881,47,41.9,Two year,DSL,Mailed check,Low Risk (Loyal)
7579-KKLOE,No,0.01426557447642387,71,91.25,Two year,DSL,Mailed check,Low Risk (Loyal)
6701-YVNQG,No,0.01424874637906101,72,88.7,Two year,DSL,Credit card (automatic),Low Risk (Loyal)
1269-FOYWN,No,0.014218506357225078,44,20.0,One year,No,Bank transfer (automatic),Low Risk (Loyal)
0839-QNXME,No,0.014210671552521897,30,19.4,Two year,No,Credit card (automatic),Low Risk (Loyal)
2581-VKIRT,No,0.014172172599845207,59,65.5,One year,DSL,Mailed check,Low Risk (Loyal)
3796-ENZGF,No,0.014146214953762776,63,67.25,Two year,DSL,Mailed check,Low Risk (Loyal)
9392-XBGTD,No,0.014131658348333008,27,20.6,Two year,No,Mailed check,Low Risk (Loyal)
3638-VBZTA,No,0.014124833734285781,68,86.5,Two year,DSL,Bank transfer (automatic),Low Risk (Loyal)
0827-ITJPH,No,0.014119669686694584,36,18.55,Two year,No,Credit card (automatic),Low Risk (Loyal)
3957-SQXML,No,0.014119201940059698,34,24.95,Two year,No,Credit card (automatic),Low Risk (Loyal)
7975-JMZNT,No,0.014111745025360863,66,91.7,Two year,DSL,Bank transfer (automatic),Low Risk (Loyal)
0336-KXKFK,No,0.014106971457226784,72,61.2,Two year,DSL,Credit card (automatic),Low Risk (Loyal)
1122-YJBCS,No,0.01410579954528551,69,53.65,One year,DSL,Credit card (automatic),Low Risk (Loyal)
6332-FBZRI,No,0.014064164981332896,67,69.35,One year,DSL,Credit card (automatic),Low Risk (Loyal)
5774-QPLTF,No,0.014060175310493382,50,20.35,One year,No,Mailed check,Low Risk (Loyal)
2661-GKBTK,No,0.014059235341707955,60,76.95,Two year,DSL,Bank transfer (automatic),Low Risk (Loyal)
0625-AFOHS,No,0.014052645303240314,29,20.2,Two year,No,Mailed check,Low Risk (Loyal)
4077-HWUYD,No,0.0140432911597778,72,87.55,Two year,DSL,Bank transfer (automatic),Low Risk (Loyal)
3251-YMVWZ,No,0.014036687342102642,53,24.05,One year,No,Bank transfer (automatic),Low Risk (Loyal)
6916-HIJSE,No,0.0140363094273829,65,84.85,Two year,DSL,Bank transfer (automatic),Low Risk (Loyal)
0254-WWRKD,No,0.01401594632656973,67,50.55,One year,DSL,Credit card (automatic),Low Risk (Loyal)
4006-HKYHO,No,0.013986399745126742,63,86.7,Two year,DSL,Bank transfer (automatic),Low Risk (Loyal)
6265-FRMTQ,No,0.013961071473215656,31,20.4,Two year,No,Bank transfer (automatic),Low Risk (Loyal)
4884-LEVMQ,No,0.013959718638578499,39,20.45,Two year,No,Bank transfer (automatic),Low Risk (Loyal)
6656-GULJQ,No,0.013919559467704387,72,83.55,Two year,DSL,Credit card (automatic),Low Risk (Loyal)
9066-QRSDU,No,0.01390764465157146,69,26.3,One year,No,Electronic check,Low Risk (Loyal)
8316-BBQAY,No,0.01388252398080957,65,59.95,Two year,DSL,Credit card (automatic),Low Risk (Loyal)
6152-ONASV,No,0.013792873188522355,68,58.25,One year,DSL,Bank transfer (automatic),Low Risk (Loyal)
0788-DXBFY,No,0.013716866128246016,58,19.55,One year,No,Electronic check,Low Risk (Loyal)
5248-KWLAR,No,0.013705409651381664,71,90.35,Two year,DSL,Electronic check,Low Risk (Loyal)
8050-XGRVL,No,0.01370270925179523,62,54.75,One year,DSL,Credit card (automatic),Low Risk (Loyal)
5485-ITNPC,No,0.013695056949941282,66,85.9,Two year,DSL,Bank transfer (automatic),Low Risk (Loyal)
7164-BPTUT,No,0.013667354821347505,57,89.55,Two year,DSL,Mailed check,Low Risk (Loyal)
8174-LNWMW,No,0.013662265444915202,31,20.9,Two year,No,Credit card (automatic),Low Risk (Loyal)
4641-FROLU,No,0.013606074100118845,30,19.3,Two year,No,Mailed check,Low Risk (Loyal)
5124-EOGYE,No,0.013599089172808635,31,20.45,Two year,No,Mailed check,Low Risk (Loyal)
9798-OPFEM,No,0.013557239535443001,46,21.1,Two year,No,Electronic check,Low Risk (Loyal)
1270-XKUCC,No,0.013534904087854727,30,19.7,Two year,No,Mailed check,Low Risk (Loyal)
6741-QRLUP,No,0.013533269149365071,63,80.3,Two year,DSL,Credit card (automatic),Low Risk (Loyal)
1506-YJTYT,No,0.013528987561068542,45,73.85,Two year,DSL,Credit card (automatic),Low Risk (Loyal)
0412-UCCNP,No,0.013528463780143956,55,59.2,Two year,DSL,Electronic check,Low Risk (Loyal)
4121-AGSIN,No,0.013527367876156571,58,24.5,One year,No,Credit card (automatic),Low Risk (Loyal)
4896-CPRPF,No,0.013508049745653724,35,25.45,Two year,No,Bank transfer (automatic),Low Risk (Loyal)
0048-PIHNL,No,0.013489648657973967,49,20.45,One year,No,Bank transfer (automatic),Low Risk (Loyal)
5642-MHDQT,No,0.013449447321415424,53,19.85,One year,No,Bank transfer (automatic),Low Risk (Loyal)
9348-ROUAI,No,0.01344054053067152,59,90.3,Two year,DSL,Credit card (automatic),Low Risk (Loyal)
8908-NMQTX,No,0.013436930796069202,72,65.6,Two year,DSL,Bank transfer (automatic),Low Risk (Loyal)
9140-CZQZZ,No,0.01342225457026,68,79.6,Two year,DSL,Bank transfer (automatic),Low Risk (Loyal)
7284-ZZLOH,No,0.013415301111991518,45,53.3,Two year,DSL,Credit card (automatic),Low Risk (Loyal)
0301-FIDRB,No,0.0133787019170047,72,63.8,Two year,DSL,Bank transfer (automatic),Low Risk (Loyal)
0567-XRHCU,No,0.0133526143200335,69,43.95,Two year,DSL,Credit card (automatic),Low Risk (Loyal)
5397-NSKQG,No,0.013344356129096764,67,50.9,Two year,DSL,Credit card (automatic),Low Risk (Loyal)
4967-WPNCF,No,0.013331816853916432,72,63.7,Two year,DSL,Bank transfer (automatic),Low Risk (Loyal)
1568-BEKZM,No,0.013307646843630533,70,90.05,Two year,DSL,Credit card (automatic),Low Risk (Loyal)
7205-BAIAD,No,0.013301064877828417,40,20.6,Two year,No,Bank transfer (automatic),Low Risk (Loyal)
6685-GBWJZ,No,0.013297672155602276,63,70.8,One year,DSL,Credit card (automatic),Low Risk (Loyal)
8859-YSTWS,No,0.013266721910496536,48,19.95,One year,No,Bank transfer (automatic),Low Risk (Loyal)
9968-FFVVH,No,0.013239306802061377,63,68.8,One year,DSL,Bank transfer (automatic),Low Risk (Loyal)
2595-KIWPV,No,0.013232909070364654,27,19.7,Two year,No,Credit card (automatic),Low Risk (Loyal)
1084-MNSMJ,No,0.013204499969128973,51,85.5,Two year,DSL,Credit card (automatic),Low Risk (Loyal)
1972-XMUWV,No,0.013192877060856369,65,59.8,Two year,DSL,Credit card (automatic),Low Risk (Loyal)
2176-LVPNX,No,0.013167317048214753,71,89.85,Two year,DSL,Mailed check,Low Risk (Loyal)
6122-LJADA,No,0.013081174372546554,70,90.15,Two year,DSL,Credit card (automatic),Low Risk (Loyal)
3373-DIUUN,No,0.013054398863255661,30,21.25,Two year,No,Mailed check,Low Risk (Loyal)
9055-MOJJJ,No,0.013028966827808809,64,65.8,One year,DSL,Mailed check,Low Risk (Loyal)
6408-WHTEF,No,0.012998634416299316,72,89.4,Two year,DSL,Mailed check,Low Risk (Loyal)
5480-XTFFL,No,0.012995409025137726,31,21.0,Two year,No,Mailed check,Low Risk (Loyal)
3508-VLHCZ,No,0.012990429143785676,71,90.55,Two year,DSL,Credit card (automatic),Low Risk (Loyal)
3227-WLKLI,No,0.012963975909073928,65,91.55,Two year,DSL,Bank transfer (automatic),Low Risk (Loyal)
2824-DXNKN,No,0.01290791738958279,72,71.45,Two year,DSL,Bank transfer (automatic),Low Risk (Loyal)
0017-DINOC,No,0.012896907854462843,54,45.2,Two year,DSL,Credit card (automatic),Low Risk (Loyal)
9073-ZZIAY,No,0.012873972635112476,62,86.1,Two year,DSL,Electronic check,Low Risk (Loyal)
1839-FBNFR,No,0.012816934478288506,39,19.85,Two year,No,Bank transfer (automatic),Low Risk (Loyal)
4718-WXBGI,No,0.012783007013420123,72,91.95,Two year,DSL,Credit card (automatic),Low Risk (Loyal)
2885-HIJDH,No,0.012779579934211818,69,86.9,Two year,DSL,Bank transfer (automatic),Low Risk (Loyal)
6461-SZMCV,No,0.01277154183991234,71,87.95,Two year,DSL,Bank transfer (automatic),Low Risk (Loyal)
3219-JQRSL,No,0.012760655481558823,72,89.1,Two year,DSL,Credit card (automatic),Low Risk (Loyal)
8430-TWCBX,No,0.012758579032545184,49,20.7,One year,No,Credit card (automatic),Low Risk (Loyal)
6418-PIQSP,No,0.012742494630936518,62,81.0,Two year,DSL,Mailed check,Low Risk (Loyal)
9418-RUKPH,No,0.012714546326116342,38,19.95,Two year,No,Mailed check,Low Risk (Loyal)
8292-ITGYJ,No,0.012706224318391513,45,24.65,Two year,No,Bank transfer (automatic),Low Risk (Loyal)
8039-EQPIM,No,0.01268811033104881,69,60.25,Two year,DSL,Bank transfer (automatic),Low Risk (Loyal)
8577-QSOCG,No,0.012644763113963032,38,20.2,Two year,No,Mailed check,Low Risk (Loyal)
6701-DHKWQ,No,0.012623832887803735,61,51.35,Two year,DSL,Credit card (automatic),Low Risk (Loyal)
5879-HMFFH,No,0.012615844254953507,72,88.05,Two year,DSL,Bank transfer (automatic),Low Risk (Loyal)
9732-OUYRN,No,0.012591392886088376,49,19.0,One year,No,Credit card (automatic),Low Risk (Loyal)
7103-ZGVNT,No,0.012573123316808562,69,73.7,One year,DSL,Credit card (automatic),Low Risk (Loyal)
5130-YPIRV,No,0.012568745711525558,62,72.0,Two year,DSL,Credit card (automatic),Low Risk (Loyal)
9110-HSGTV,No,0.01252998171256945,69,82.45,Two year,DSL,Credit card (automatic),Low Risk (Loyal)
9477-LGWQI,No,0.01252147977727627,70,80.15,Two year,DSL,Credit card (automatic),Low Risk (Loyal)
2589-AYCRP,No,0.012501346229673265,50,19.75,One year,No,Bank transfer (automatic),Low Risk (Loyal)
4312-GVYNH,No,0.012477545069015895,70,49.85,Two year,DSL,Bank transfer (automatic),Low Risk (Loyal)
5360-XGYAZ,No,0.012401779425884652,72,65.65,Two year,DSL,Bank transfer (automatic),Low Risk (Loyal)
3813-DHBBB,No,0.012400512816418695,67,50.95,Two year,DSL,Bank transfer (automatic),Low Risk (Loyal)
7781-HVGMK,No,0.012393786973199292,72,65.2,Two year,DSL,Credit card (automatic),Low Risk (Loyal)
8859-DZTGQ,No,0.012393091653004618,33,20.35,Two year,No,Mailed check,Low Risk (Loyal)
4654-ULTTN,No,0.012384489987060793,70,74.8,Two year,DSL,Credit card (automatic),Low Risk (Loyal)
1951-IEYXM,No,0.012363679297338004,72,90.6,Two year,DSL,Credit card (automatic),Low Risk (Loyal)
9135-MGVPY,No,0.012329049444455991,69,84.7,Two year,DSL,Mailed check,Low Risk (Loyal)
5266-PFRQK,No,0.012320358980482908,52,20.85,One year,No,Credit card (automatic),Low Risk (Loyal)
1335-MXCSE,No,0.012319141095864286,55,55.25,Two year,DSL,Credit card (automatic),Low Risk (Loyal)
9068-VPWQQ,No,0.012258958095980306,61,75.35,Two year,DSL,Credit card (automatic),Low Risk (Loyal)
9361-YNQWJ,No,0.012255227906619278,64,24.4,One year,No,Bank transfer (automatic),Low Risk (Loyal)
5231-FIQPA,No,0.012222206970455722,41,19.85,Two year,No,Mailed check,Low Risk (Loyal)
5727-MYATE,No,0.012187919003255068,72,90.8,Two year,DSL,Credit card (automatic),Low Risk (Loyal)
8966-KZXXA,No,0.012149524339217926,36,25.1,Two year,No,Credit card (automatic),Low Risk (Loyal)
5676-CFLYY,No,0.012124478281401192,71,73.35,Two year,DSL,Credit card (automatic),Low Risk (Loyal)
0230-WEQUW,No,0.012106236338444248,66,56.6,Two year,DSL,Bank transfer (automatic),Low Risk (Loyal)
0784-GTUUK,No,0.012087566772310954,62,23.75,One year,No,Credit card (automatic),Low Risk (Loyal)
7349-ALMUX,No,0.011998429854839981,37,65.6,Two year,DSL,Bank transfer (automatic),Low Risk (Loyal)
8902-ZEOVF,No,0.011978320158734939,47,20.05,One year,No,Mailed check,Low Risk (Loyal)
5542-NKVRU,No,0.011976105394089618,42,20.75,Two year,No,Bank transfer (automatic),Low Risk (Loyal)
6504-VBLFL,No,0.011945769393577882,55,58.6,Two year,DSL,Electronic check,Low Risk (Loyal)
3084-DOWLE,No,0.011944156926460968,72,92.0,Two year,DSL,Bank transfer (automatic),Low Risk (Loyal)
7398-HPYZQ,No,0.011935319534669673,71,90.55,Two year,DSL,Bank transfer (automatic),Low Risk (Loyal)
4825-FUREZ,No,0.011918175806416366,42,20.25,Two year,No,Electronic check,Low Risk (Loyal)
8413-YNHNV,No,0.011896704377954368,69,90.65,Two year,DSL,Mailed check,Low Risk (Loyal)
2535-PBCGC,No,0.01189051227188409,70,64.55,Two year,DSL,Bank transfer (automatic),Low Risk (Loyal)
4671-VJLCL,No,0.011863619821687679,63,79.85,Two year,DSL,Credit card (automatic),Low Risk (Loyal)
7633-MVPUY,No,0.011854080482026304,57,59.75,Two year,DSL,Electronic check,Low Risk (Loyal)
9803-FTJCG,No,0.011853209891344859,71,66.85,One year,DSL,Credit card (automatic),Low Risk (Loyal)
6115-ZTBFQ,No,0.011844591038557317,72,65.5,Two year,DSL,Bank transfer (automatic),Low Risk (Loyal)
0602-DDUML,No,0.011828929030907723,57,69.75,Two year,DSL,Mailed check,Low Risk (Loyal)
2384-OVPSA,No,0.011824751246092825,38,20.2,Two year,No,Mailed check,Low Risk (Loyal)
9435-JMLSX,No,0.011809544113320029,71,86.1,Two year,DSL,Bank transfer (automatic),Low Risk (Loyal)
5680-LQOGP,No,0.011792488699642008,68,82.45,Two year,DSL,Credit card (automatic),Low Risk (Loyal)
1414-YADCW,No,0.011762399358507395,70,84.6,Two year,Fiber optic,Bank transfer (automatic),Low Risk (Loyal)
2428-HYUNX,No,0.011733408680195002,44,19.35,Two year,No,Credit card (automatic),Low Risk (Loyal)
6813-GZQCG,No,0.011725734566226133,45,24.65,Two year,No,Credit card (automatic),Low Risk (Loyal)
6551-VLJMV,No,0.011725297753824294,34,20.05,Two year,No,Credit card (automatic),Low Risk (Loyal)
4291-TPNFG,No,0.011720280984977008,72,82.3,Two year,DSL,Bank transfer (automatic),Low Risk (Loyal)
1027-LKKQQ,No,0.011717955520583856,72,80.45,Two year,DSL,Bank transfer (automatic),Low Risk (Loyal)
9242-TKFSV,No,0.011694922643109878,72,65.1,Two year,DSL,Credit card (automatic),Low Risk (Loyal)
2580-ATZSQ,No,0.011687472523246362,65,61.35,One year,DSL,Bank transfer (automatic),Low Risk (Loyal)
3769-MHZNV,No,0.011687433445628273,33,20.1,Two year,No,Mailed check,Low Risk (Loyal)
4635-EJYPD,No,0.01168666584794905,32,18.95,Two year,No,Mailed check,Low Risk (Loyal)
6388-TABGU,No,0.011670543246536451,62,56.15,One year,DSL,Bank transfer (automatic),Low Risk (Loyal)
4188-PCPIG,No,0.011626341731610092,57,70.35,Two year,DSL,Credit card (automatic),Low Risk (Loyal)
5275-PMFUT,No,0.011620991058222188,72,64.8,Two year,DSL,Credit card (automatic),Low Risk (Loyal)
0361-HJRDX,No,0.01161672513766701,68,64.35,Two year,DSL,Credit card (automatic),Low Risk (Loyal)
9610-WCESF,No,0.011603236096537455,67,43.9,Two year,DSL,Electronic check,Low Risk (Loyal)
4632-XJMEX,No,0.011592381314993605,53,62.85,One year,DSL,Credit card (automatic),Low Risk (Loyal)
2194-IIQOF,No,0.011588863619154456,71,89.3,Two year,DSL,Credit card (automatic),Low Risk (Loyal)
6885-PKOAM,No,0.011499286807376012,71,85.75,Two year,DSL,Credit card (automatic),Low Risk (Loyal)
3779-OSWCF,No,0.011484834776456477,71,93.2,Two year,DSL,Credit card (automatic),Low Risk (Loyal)
5494-WOZRZ,No,0.011479849773290491,71,82.0,Two year,DSL,Credit card (automatic),Low Risk (Loyal)
4701-LKOZD,No,0.011468301313038757,70,89.75,Two year,DSL,Credit card (automatic),Low Risk (Loyal)
0556-FJEGU,No,0.011455522237746802,58,70.1,Two year,DSL,Bank transfer (automatic),Low Risk (Loyal)
6463-MVYRY,No,0.01144082474578175,57,69.85,Two year,DSL,Bank transfer (automatic),Low Risk (Loyal)
6953-PBDIN,No,0.011438845884949197,70,72.95,Two year,DSL,Bank transfer (automatic),Low Risk (Loyal)
7945-PRBVF,No,0.011422138599054795,35,21.45,Two year,No,Bank transfer (automatic),Low Risk (Loyal)
0839-JTCUD,No,0.011415355260943361,66,89.9,Two year,DSL,Credit card (automatic),Low Risk (Loyal)
4723-BEGSG,No,0.011382282784332091,72,86.65,Two year,DSL,Credit card (automatic),Low Risk (Loyal)
4973-MGTON,No,0.011328616608062479,71,84.4,Two year,DSL,Credit card (automatic),Low Risk (Loyal)
2649-HWLYB,No,0.011313159840199592,65,76.15,Two year,DSL,Bank transfer (automatic),Low Risk (Loyal)
5320-BRKGK,No,0.011281979316718373,58,75.8,Two year,DSL,Mailed check,Low Risk (Loyal)
7560-QRBXH,No,0.011278990074065338,48,19.95,One year,No,Mailed check,Low Risk (Loyal)
1985-MBRYP,No,0.011274328484967164,43,19.65,Two year,No,Bank transfer (automatic),Low Risk (Loyal)
3704-IEAXF,No,0.011260080875063501,72,53.65,Two year,DSL,Credit card (automatic),Low Risk (Loyal)
2990-IAJSV,No,0.01123740737055907,72,92.0,Two year,DSL,Bank transfer (automatic),Low Risk (Loyal)
5795-BKOYE,No,0.011226052148715197,69,59.1,One year,DSL,Bank transfer (automatic),Low Risk (Loyal)
7340-KEFQE,No,0.011223777364083594,51,34.2,Two year,DSL,Bank transfer (automatic),Low Risk (Loyal)
9631-RXVJM,No,0.011216628726262173,35,19.25,Two year,No,Mailed check,Low Risk (Loyal)
5707-ZMDJP,No,0.011151100180739826,53,69.7,Two year,DSL,Mailed check,Low Risk (Loyal)
7321-KKSDU,No,0.011144830948834856,32,20.5,Two year,No,Mailed check,Low Risk (Loyal)
9489-DEDVP,No,0.011140365344499237,70,69.2,Two year,DSL,Credit card (automatic),Low Risk (Loyal)
1116-FRYVH,No,0.011083040368188362,48,39.4,Two year,DSL,Mailed check,Low Risk (Loyal)
8874-EJNSR,No,0.0110793537957661,39,25.2,Two year,No,Mailed check,Low Risk (Loyal)
3967-KXAPS,No,0.011074239732800651,72,92.3,Two year,DSL,Credit card (automatic),Low Risk (Loyal)
1221-GHZEP,No,0.011057631813155867,62,65.1,Two year,DSL,Mailed check,Low Risk (Loyal)
8690-ZVLCL,No,0.011055731401516711,68,88.0,Two year,DSL,Credit card (automatic),Low Risk (Loyal)
3950-VPYJB,No,0.011051238866494464,57,59.6,One year,DSL,Mailed check,Low Risk (Loyal)
9650-VBUOG,No,0.011009324582841798,38,25.05,Two year,No,Credit card (automatic),Low Risk (Loyal)
2729-VNVAP,No,0.011004313426083842,33,19.8,Two year,No,Credit card (automatic),Low Risk (Loyal)
2234-EOFPT,No,0.011001188809738266,72,79.35,Two year,DSL,Bank transfer (automatic),Low Risk (Loyal)
6288-CHQJB,No,0.010987606383322617,54,69.95,Two year,DSL,Bank transfer (automatic),Low Risk (Loyal)
7649-SIJJF,No,0.010977662678418775,71,80.1,Two year,DSL,Mailed check,Low Risk (Loyal)
9624-EGDEQ,No,0.010930101786720622,37,19.8,Two year,No,Mailed check,Low Risk (Loyal)
0420-TXVSG,No,0.010920838585761747,66,66.1,Two year,DSL,Credit card (automatic),Low Risk (Loyal)
5329-KRDTM,No,0.010882430675783112,72,77.35,Two year,DSL,Credit card (automatic),Low Risk (Loyal)
9620-QJREV,No,0.0108642791907356,47,20.55,One year,No,Credit card (automatic),Low Risk (Loyal)
3487-EARAT,No,0.010858855763120972,70,74.1,One year,DSL,Credit card (automatic),Low Risk (Loyal)
0244-LGNFY,No,0.010848385614766427,72,92.65,Two year,DSL,Bank transfer (automatic),Low Risk (Loyal)
8191-XWSZG,No,0.010843209041446696,52,20.65,One year,No,Mailed check,Low Risk (Loyal)
8917-FAEMR,No,0.010837060864093404,37,19.85,Two year,No,Mailed check,Low Risk (Loyal)
9443-JUBUO,No,0.010821873367480556,72,65.25,Two year,DSL,Credit card (automatic),Low Risk (Loyal)
9602-WCXPI,No,0.010820709291021129,50,20.15,One year,No,Credit card (automatic),Low Risk (Loyal)
6169-PGNCD,No,0.010769562560761486,57,74.3,Two year,DSL,Credit card (automatic),Low Risk (Loyal)
3938-YFPXD,No,0.010765476981924614,72,84.3,Two year,DSL,Credit card (automatic),Low Risk (Loyal)
7471-WNSUF,No,0.010722002191197148,60,24.15,One year,No,Bank transfer (automatic),Low Risk (Loyal)
5930-GBIWP,No,0.010708462477010012,69,81.5,Two year,DSL,Credit card (automatic),Low Risk (Loyal)
7018-FPXHH,No,0.010706607507564303,56,59.8,Two year,DSL,Bank transfer (automatic),Low Risk (Loyal)
5148-ORICT,No,0.010698308189967165,64,74.35,Two year,DSL,Mailed check,Low Risk (Loyal)
0744-BIKKF,No,0.010628355076205612,72,86.65,Two year,DSL,Bank transfer (automatic),Low Risk (Loyal)
9585-KKMFD,No,0.010624646226168988,41,20.0,Two year,No,Mailed check,Low Risk (Loyal)
5117-ZSMHQ,No,0.010587257380064687,71,89.9,Two year,DSL,Bank transfer (automatic),Low Risk (Loyal)
1459-QNFQT,No,0.0105756133650731,70,59.5,Two year,DSL,Bank transfer (automatic),Low Risk (Loyal)
8219-VYBVI,No,0.010568131290439417,39,25.0,Two year,No,Mailed check,Low Risk (Loyal)
8722-PRFDV,No,0.010540409760529187,71,77.55,Two year,DSL,Credit card (automatic),Low Risk (Loyal)
6169-PPETC,No,0.01052429318324707,35,20.5,Two year,No,Bank transfer (automatic),Low Risk (Loyal)
6177-PEVRA,No,0.010499921454526539,48,55.5,Two year,DSL,Credit card (automatic),Low Risk (Loyal)
8234-GSZYK,No,0.010483161699018233,43,26.45,Two year,No,Bank transfer (automatic),Low Risk (Loyal)
1087-GRUYI,No,0.010472227207167326,38,20.4,Two year,No,Bank transfer (automatic),Low Risk (Loyal)
7722-VJRQD,No,0.010448379798232977,72,60.95,Two year,DSL,Bank transfer (automatic),Low Risk (Loyal)
7101-HRBLJ,No,0.01042812483073091,72,83.7,Two year,DSL,Bank transfer (automatic),Low Risk (Loyal)
8146-QQKZH,No,0.01040046270993248,71,81.85,Two year,DSL,Bank transfer (automatic),Low Risk (Loyal)
2642-MAWLJ,No,0.010398228408741682,36,20.25,Two year,No,Bank transfer (automatic),Low Risk (Loyal)
6922-NCEDI,No,0.010368298138264637,56,21.2,One year,No,Mailed check,Low Risk (Loyal)
1209-VFFOC,No,0.010346579646099214,68,56.4,Two year,DSL,Mailed check,Low Risk (Loyal)
9451-WLYRI,No,0.010338585019625287,53,19.05,One year,No,Credit card (automatic),Low Risk (Loyal)
3050-RLLXC,No,0.010324337422195328,56,81.25,Two year,DSL,Credit card (automatic),Low Risk (Loyal)
3067-SVMTC,No,0.010233960178377202,68,55.9,One year,DSL,Bank transfer (automatic),Low Risk (Loyal)
3284-SVCRO,No,0.010231096076424967,45,25.5,Two year,No,Mailed check,Low Risk (Loyal)
2160-GPFXD,No,0.010218716297683391,54,65.65,Two year,DSL,Credit card (automatic),Low Risk (Loyal)
2378-YIZKA,No,0.010204258186176839,68,85.0,Two year,DSL,Credit card (automatic),Low Risk (Loyal)
0363-SVHYR,No,0.01016979454815293,71,86.85,Two year,DSL,Bank transfer (automatic),Low Risk (Loyal)
3451-VAWLI,No,0.010131455384911793,35,19.7,Two year,No,Credit card (automatic),Low Risk (Loyal)
2300-RQGOI,No,0.010123832898073077,38,20.05,Two year,No,Mailed check,Low Risk (Loyal)
2821-WARNZ,No,0.010119023823493382,49,19.45,One year,No,Credit card (automatic),Low Risk (Loyal)
6870-ZWMNX,No,0.010112557154151106,70,76.1,Two year,DSL,Credit card (automatic),Low Risk (Loyal)
0582-AVCLN,No,0.010101270801752512,38,20.3,Two year,No,Mailed check,Low Risk (Loyal)
7601-GNDYK,No,0.01006738180604203,35,19.6,Two year,No,Mailed check,Low Risk (Loyal)
3472-QPRCH,No,0.009975936728112419,40,25.25,Two year,No,Credit card (automatic),Low Risk (Loyal)
5377-NDTOU,No,0.009973571790478045,71,91.05,Two year,DSL,Mailed check,Low Risk (Loyal)
7963-SHNDT,No,0.009972736730227976,52,39.1,Two year,DSL,Mailed check,Low Risk (Loyal)
8336-TAVKX,No,0.00996988825382489,72,78.45,Two year,DSL,Bank transfer (automatic),Low Risk (Loyal)
3500-NSDOA,No,0.009954115458200944,68,70.8,Two year,DSL,Credit card (automatic),Low Risk (Loyal)
8374-UULRV,No,0.009935411018255428,72,86.05,Two year,DSL,Credit card (automatic),Low Risk (Loyal)
5845-BZZIB,No,0.00992680701598187,35,20.1,Two year,No,Mailed check,Low Risk (Loyal)
9488-FVZCC,No,0.009906399194367798,72,79.5,Two year,DSL,Bank transfer (automatic),Low Risk (Loyal)
6723-CEGQI,No,0.009895411314330065,65,45.25,Two year,DSL,Mailed check,Low Risk (Loyal)
0379-DJQHR,No,0.009893473198250551,67,81.35,Two year,DSL,Credit card (automatic),Low Risk (Loyal)
7873-CVMAW,No,0.009893363736227711,72,88.55,Two year,DSL,Credit card (automatic),Low Risk (Loyal)
3569-JFODW,No,0.009879096168887576,72,90.95,Two year,DSL,Credit card (automatic),Low Risk (Loyal)
0343-QLUZP,No,0.009863840360425384,60,39.6,Two year,DSL,Bank transfer (automatic),Low Risk (Loyal)
9489-JMTTN,No,0.009850925381941539,72,89.75,Two year,DSL,Credit card (automatic),Low Risk (Loyal)
3262-EIDHV,No,0.0098508986988482,72,84.7,Two year,DSL,Credit card (automatic),Low Risk (Loyal)
8249-THVEC,No,0.009837934689080802,51,19.4,One year,No,Mailed check,Low Risk (Loyal)
5181-OABFK,No,0.009833494194134342,56,61.3,Two year,DSL,Credit card (automatic),Low Risk (Loyal)
1699-UOTXU,No,0.009808973992234949,60,61.4,Two year,DSL,Electronic check,Low Risk (Loyal)
9710-NJERN,No,0.009805987695125867,39,20.15,Two year,No,Mailed check,Low Risk (Loyal)
4933-BSAIP,No,0.009788864025239489,40,19.1,Two year,No,Mailed check,Low Risk (Loyal)
0440-EKDCF,No,0.00973431762574282,62,60.15,Two year,DSL,Credit card (automatic),Low Risk (Loyal)
3902-MIVLE,No,0.0097228892798314,63,75.7,Two year,DSL,Mailed check,Low Risk (Loyal)
7524-VRLPL,No,0.009721750390009127,69,74.1,Two year,DSL,Credit card (automatic),Low Risk (Loyal)
7560-QJAVJ,No,0.00971337822624871,70,79.6,Two year,DSL,Bank transfer (automatic),Low Risk (Loyal)
7639-OPLNG,No,0.00970691115302783,70,79.25,Two year,DSL,Bank transfer (automatic),Low Risk (Loyal)
5338-YHWYT,No,0.009658065763619139,37,61.45,Two year,DSL,Credit card (automatic),Low Risk (Loyal)
2296-DKZFP,No,0.009651767572189806,65,71.0,Two year,DSL,Bank transfer (automatic),Low Risk (Loyal)
6439-PKTRR,No,0.00964169650230261,70,80.7,Two year,DSL,Electronic check,Low Risk (Loyal)
7872-BAAZR,No,0.009621170166386271,53,19.55,One year,No,Bank transfer (automatic),Low Risk (Loyal)
7408-OFWXJ,No,0.009615948264370261,72,89.8,Two year,DSL,Credit card (automatic),Low Risk (Loyal)
8468-FZTOE,No,0.0095924090097205,72,74.35,Two year,DSL,Electronic check,Low Risk (Loyal)
1716-LSAMB,No,0.009580637193374318,45,54.65,Two year,DSL,Bank transfer (automatic),Low Risk (Loyal)
4194-FJARJ,No,0.009526387932516622,54,60.0,Two year,DSL,Bank transfer (automatic),Low Risk (Loyal)
4674-HGNUA,No,0.009496376991947565,71,89.9,Two year,DSL,Credit card (automatic),Low Risk (Loyal)
7073-QETQY,No,0.00945467028531936,66,20.35,One year,No,Electronic check,Low Risk (Loyal)
6625-IUTTT,No,0.00944328855283947,67,65.55,Two year,DSL,Bank transfer (automatic),Low Risk (Loyal)
7696-CFTAT,No,0.009427140697817799,37,19.8,Two year,No,Bank transfer (automatic),Low Risk (Loyal)
3712-PKXZA,No,0.009372597659817327,61,20.55,One year,No,Credit card (automatic),Low Risk (Loyal)
2208-MPXIO,No,0.009329312610957872,45,20.0,Two year,No,Bank transfer (automatic),Low Risk (Loyal)
5310-NOOVA,No,0.009304699569506032,46,19.95,Two year,No,Electronic check,Low Risk (Loyal)
9170-ARBTB,No,0.009294014986450234,52,19.6,One year,No,Credit card (automatic),Low Risk (Loyal)
1775-KWJKQ,No,0.009267027990508929,72,89.85,Two year,DSL,Credit card (automatic),Low Risk (Loyal)
2208-NKVVH,No,0.00923842514166517,43,24.25,Two year,No,Mailed check,Low Risk (Loyal)
4735-BJKOU,No,0.009234494542990482,40,20.15,Two year,No,Mailed check,Low Risk (Loyal)
2925-VDZHY,No,0.00922291166931214,72,88.7,Two year,DSL,Credit card (automatic),Low Risk (Loyal)
0019-GFNTW,No,0.009218901482406098,56,45.05,Two year,DSL,Bank transfer (automatic),Low Risk (Loyal)
6479-SZPLM,No,0.009206017348736962,36,19.45,Two year,No,Credit card (automatic),Low Risk (Loyal)
6374-AFWOX,No,0.009201298806530327,46,65.65,Two year,DSL,Mailed check,Low Risk (Loyal)
4139-DETXS,No,0.009152953973742543,72,64.45,Two year,DSL,Bank transfer (automatic),Low Risk (Loyal)
0769-MURVM,No,0.009150957196461518,72,65.7,Two year,DSL,Bank transfer (automatic),Low Risk (Loyal)
8205-VSLRB,No,0.009120355016723477,70,77.3,Two year,DSL,Credit card (automatic),Low Risk (Loyal)
5176-LMJXE,No,0.009100125536279056,47,20.55,Two year,No,Mailed check,Low Risk (Loyal)
5135-RDDQL,No,0.009088328053779602,63,50.65,Two year,DSL,Bank transfer (automatic),Low Risk (Loyal)
7274-CGTOD,No,0.009076267828364884,62,43.7,Two year,DSL,Bank transfer (automatic),Low Risk (Loyal)
5006-MXVRN,No,0.00906166507228377,39,20.7,Two year,No,Credit card (automatic),Low Risk (Loyal)
0318-ZOPWS,No,0.009022602816388113,49,20.15,Two year,No,Bank transfer (automatic),Low Risk (Loyal)
0730-BGQGF,No,0.009022295721551768,71,90.3,Two year,DSL,Credit card (automatic),Low Risk (Loyal)
0774-RMNUW,No,0.009016008387415153,71,59.7,Two year,DSL,Bank transfer (automatic),Low Risk (Loyal)
8597-CTXVJ,No,0.009008858697501159,70,64.95,One year,DSL,Bank transfer (automatic),Low Risk (Loyal)
0732-OCQOC,No,0.008981579722493343,52,25.05,Two year,No,Bank transfer (automatic),Low Risk (Loyal)
0442-TDYUO,No,0.008911974370870473,48,20.05,Two year,No,Mailed check,Low Risk (Loyal)
4475-NVTLU,No,0.008888554288804189,45,19.2,Two year,No,Electronic check,Low Risk (Loyal)
6614-YOLAC,No,0.00886776657779057,71,58.65,Two year,DSL,Mailed check,Low Risk (Loyal)
0936-NQLJU,No,0.00885859966001638,41,20.65,Two year,No,Credit card (automatic),Low Risk (Loyal)
0362-RAOQO,No,0.008844094011224954,40,19.65,Two year,No,Credit card (automatic),Low Risk (Loyal)
4915-BFSXL,No,0.008816335069616677,70,68.95,Two year,DSL,Credit card (automatic),Low Risk (Loyal)
5176-OLSKT,No,0.008815179038768701,66,66.9,Two year,DSL,Bank transfer (automatic),Low Risk (Loyal)
2451-YMUXS,No,0.008805168893265403,67,64.55,Two year,DSL,Bank transfer (automatic),Low Risk (Loyal)
3097-FQTVJ,No,0.008774237127837786,41,20.0,Two year,No,Mailed check,Low Risk (Loyal)
8402-OOOHJ,No,0.008773794581499886,41,20.65,Two year,No,Mailed check,Low Risk (Loyal)
3727-OVPRY,No,0.00874006608941241,66,25.7,One year,No,Credit card (automatic),Low Risk (Loyal)
0238-WHBIQ,No,0.008725343849246813,72,89.7,Two year,DSL,Credit card (automatic),Low Risk (Loyal)
5804-JMYIO,No,0.008683411362364085,39,19.75,Two year,No,Mailed check,Low Risk (Loyal)
2796-NNUFI,No,0.00864263687844175,46,19.95,Two year,No,Mailed check,Low Risk (Loyal)
2888-ADFAO,No,0.008617751523885026,47,21.3,Two year,No,Bank transfer (automatic),Low Risk (Loyal)
3533-UVMOM,No,0.00860444485395294,68,70.95,Two year,DSL,Bank transfer (automatic),Low Risk (Loyal)
2263-SFSQZ,No,0.008604060253927178,51,24.95,Two year,No,Mailed check,Low Risk (Loyal)
8592-PLTMQ,No,0.008588678756452849,64,24.7,One year,No,Mailed check,Low Risk (Loyal)
0621-TSSMU,No,0.008588555756321923,56,19.95,One year,No,Credit card (automatic),Low Risk (Loyal)
0206-OYVOC,No,0.008557134294552439,46,19.25,Two year,No,Mailed check,Low Risk (Loyal)
9823-EALYC,No,0.008551762870965542,72,80.85,Two year,DSL,Bank transfer (automatic),Low Risk (Loyal)
9453-PATOS,No,0.008521839895586377,72,85.1,Two year,DSL,Mailed check,Low Risk (Loyal)
9068-FHQHD,No,0.008518916924416987,40,20.15,Two year,No,Bank transfer (automatic),Low Risk (Loyal)
8046-DNVTL,No,0.008509416969409227,62,38.6,Two year,DSL,Credit card (automatic),Low Risk (Loyal)
9755-JHNMN,No,0.008506062604336152,49,67.4,Two year,DSL,Bank transfer (automatic),Low Risk (Loyal)
6348-SNFUS,No,0.008484041712729762,72,55.45,Two year,DSL,Credit card (automatic),Low Risk (Loyal)
9281-CEDRU,No,0.008449777967222072,68,64.1,Two year,DSL,Bank transfer (automatic),Low Risk (Loyal)
1722-LDZJS,No,0.008441885112884512,53,20.2,One year,No,Credit card (automatic),Low Risk (Loyal)
7599-NTMDP,No,0.008424694903154173,62,48.7,Two year,DSL,Bank transfer (automatic),Low Risk (Loyal)
1074-WVEVG,No,0.00840428658338034,59,20.35,One year,No,Mailed check,Low Risk (Loyal)
5993-JSUWV,No,0.008390897812622644,66,61.15,Two year,DSL,Bank transfer (automatic),Low Risk (Loyal)
0848-SOMKO,No,0.008370894445743265,70,48.4,Two year,DSL,Bank transfer (automatic),Low Risk (Loyal)
6695-AMZUF,No,0.00836805747868695,70,86.45,Two year,DSL,Credit card (automatic),Low Risk (Loyal)
1599-EAHXY,No,0.008365317524490278,60,23.95,One year,No,Credit card (automatic),Low Risk (Loyal)
7197-VOJMM,No,0.00836246065765617,67,69.2,Two year,DSL,Credit card (automatic),Low Risk (Loyal)
8780-YRMTT,No,0.008337887033615357,66,47.4,Two year,DSL,Mailed check,Low Risk (Loyal)
5736-YEJAX,No,0.008314395460960385,69,79.45,Two year,DSL,Credit card (automatic),Low Risk (Loyal)
6000-UKLWI,No,0.008306609286563793,41,20.15,Two year,No,Mailed check,Low Risk (Loyal)
4652-ODEVH,No,0.008294581567363577,45,24.45,Two year,No,Mailed check,Low Risk (Loyal)
9065-ZCPQX,No,0.00823169181232933,72,78.85,Two year,DSL,Bank transfer (automatic),Low Risk (Loyal)
5296-BFCYD,No,0.008222139887532677,46,20.1,Two year,No,Mailed check,Low Risk (Loyal)
9503-XJUME,No,0.00817136441643426,52,19.65,One year,No,Credit card (automatic),Low Risk (Loyal)
0506-YLVKJ,No,0.008169405170308064,46,20.2,Two year,No,Mailed check,Low Risk (Loyal)
9938-PRCVK,No,0.008168301191810761,41,19.7,Two year,No,Bank transfer (automatic),Low Risk (Loyal)
0608-JDVEC,No,0.008153936304692012,50,19.8,Two year,No,Electronic check,Low Risk (Loyal)
5465-BUBFA,No,0.008131209705457327,41,19.3,Two year,No,Bank transfer (automatic),Low Risk (Loyal)
2162-FRZAA,No,0.008118688168014154,63,39.35,Two year,DSL,Bank transfer (automatic),Low Risk (Loyal)
3889-VWBID,No,0.008108473113653616,68,82.85,Two year,DSL,Bank transfer (automatic),Low Risk (Loyal)
4102-HLENU,No,0.008071916927062358,67,65.65,Two year,DSL,Mailed check,Low Risk (Loyal)
5201-CBWYG,No,0.008066904794496349,62,24.8,One year,No,Bank transfer (automatic),Low Risk (Loyal)
7601-DHFWZ,No,0.008055410978637389,48,24.0,Two year,No,Credit card (automatic),Low Risk (Loyal)
3719-TDVQB,No,0.008020624978213247,54,18.95,Two year,No,Mailed check,Low Risk (Loyal)
4644-OBGFZ,No,0.007973634319184362,55,19.5,One year,No,Mailed check,Low Risk (Loyal)
7998-WNZEM,No,0.00795952887059414,71,80.6,Two year,DSL,Bank transfer (automatic),Low Risk (Loyal)
4521-WFJAI,No,0.007946750850537889,56,25.95,Two year,No,Bank transfer (automatic),Low Risk (Loyal)
9481-WHGWY,No,0.007943589793078134,70,75.35,Two year,DSL,Credit card (automatic),Low Risk (Loyal)
1106-HRLKZ,No,0.00793968371835892,40,19.6,Two year,No,Mailed check,Low Risk (Loyal)
6980-CDGFC,No,0.007928787811567377,67,20.85,One year,No,Bank transfer (automatic),Low Risk (Loyal)
6051-PTVNS,No,0.007904629430562327,55,19.15,One year,No,Credit card (automatic),Low Risk (Loyal)
5766-FTRTS,No,0.00788314172667894,72,84.45,Two year,DSL,Mailed check,Low Risk (Loyal)
5614-DNZCE,No,0.007807378749685162,58,64.9,Two year,DSL,Credit card (automatic),Low Risk (Loyal)
4940-KHCWD,No,0.0077963685855877134,60,37.7,Two year,DSL,Bank transfer (automatic),Low Risk (Loyal)
7009-PCARS,No,0.007795287674356603,55,19.1,One year,No,Bank transfer (automatic),Low Risk (Loyal)
2969-VAPYH,No,0.00779070358936191,67,60.5,One year,DSL,Credit card (automatic),Low Risk (Loyal)
7898-PDWQE,No,0.00773801383527544,71,80.4,Two year,DSL,Credit card (automatic),Low Risk (Loyal)
5044-XDPYX,No,0.007723927551678624,51,25.5,Two year,No,Mailed check,Low Risk (Loyal)
0973-KYVNF,No,0.007719264712338521,72,70.65,Two year,DSL,Credit card (automatic),Low Risk (Loyal)
6925-BAYGL,No,0.007704198760942451,53,25.1,Two year,No,Credit card (automatic),Low Risk (Loyal)
3120-FAZKD,No,0.007655490348776389,54,24.05,Two year,No,Bank transfer (automatic),Low Risk (Loyal)
1047-RNXZV,No,0.007654562921737392,43,19.55,Two year,No,Mailed check,Low Risk (Loyal)
8042-RNLKO,No,0.007633501729290724,66,25.45,One year,No,Bank transfer (automatic),Low Risk (Loyal)
6407-GSJNL,No,0.0076296817025469175,51,24.95,Two year,No,Bank transfer (automatic),Low Risk (Loyal)
5115-GZDEL,No,0.007613442800243462,72,67.2,Two year,DSL,Credit card (automatic),Low Risk (Loyal)
8241-JUIQO,No,0.007606144108089625,61,19.45,One year,No,Bank transfer (automatic),Low Risk (Loyal)
6096-EGVTU,No,0.007599532319808606,64,24.9,One year,No,Mailed check,Low Risk (Loyal)
4012-YCFAI,No,0.007591825247195864,60,61.35,Two year,DSL,Mailed check,Low Risk (Loyal)
5968-HYJRZ,No,0.007583268734497838,47,24.55,Two year,No,Mailed check,Low Risk (Loyal)
2251-PYLPB,No,0.007569249173694598,72,79.55,Two year,DSL,Credit card (automatic),Low Risk (Loyal)
9588-YRFHY,No,0.007548796545860103,49,19.9,Two year,No,Credit card (automatic),Low Risk (Loyal)
8215-NGSPE,No,0.007514478767474819,42,20.0,Two year,No,Mailed check,Low Risk (Loyal)
5915-ANOEI,No,0.007512299754396837,70,79.15,Two year,DSL,Mailed check,Low Risk (Loyal)
0052-YNYOT,No,0.0074879488705861886,67,20.55,One year,No,Electronic check,Low Risk (Loyal)
5939-SXWHM,No,0.0074667242600831895,48,26.3,Two year,No,Bank transfer (automatic),Low Risk (Loyal)
6292-TOSSS,No,0.007464686450086518,50,24.9,Two year,No,Bank transfer (automatic),Low Risk (Loyal)
6479-VDGRK,No,0.007434129246814868,72,85.3,Two year,DSL,Bank transfer (automatic),Low Risk (Loyal)
6365-HITVU,No,0.007427249876142567,71,87.25,Two year,DSL,Credit card (automatic),Low Risk (Loyal)
5457-COLHT,No,0.007369195522310221,69,80.65,Two year,DSL,Bank transfer (automatic),Low Risk (Loyal)
0988-AADSA,No,0.007341117046373459,72,80.85,Two year,DSL,Bank transfer (automatic),Low Risk (Loyal)
3486-HOOGQ,No,0.007328280188125666,70,79.7,Two year,DSL,Bank transfer (automatic),Low Risk (Loyal)
4872-JCVCA,No,0.0073215875100917744,71,47.6,Two year,DSL,Bank transfer (automatic),Low Risk (Loyal)
8990-YOZLV,No,0.007319182813744584,69,66.9,Two year,DSL,Mailed check,Low Risk (Loyal)
5196-WPYOW,No,0.007311725551795191,67,60.05,One year,DSL,Mailed check,Low Risk (Loyal)
4779-ZGICK,No,0.007285356543204446,48,23.55,Two year,No,Mailed check,Low Risk (Loyal)
2560-QTSBS,No,0.007265446485979722,72,23.3,One year,No,Bank transfer (automatic),Low Risk (Loyal)
9593-CVZKR,No,0.007260179648963232,56,24.45,Two year,No,Mailed check,Low Risk (Loyal)
8922-NPKBJ,No,0.0072578368995817166,42,19.35,Two year,No,Mailed check,Low Risk (Loyal)
6384-VMJHP,No,0.007248859389443924,72,73.0,Two year,DSL,Credit card (automatic),Low Risk (Loyal)
6997-UVGOX,No,0.0072446746610122705,71,85.45,Two year,DSL,Bank transfer (automatic),Low Risk (Loyal)
2882-WDTBA,No,0.00724180215891886,69,75.75,Two year,DSL,Bank transfer (automatic),Low Risk (Loyal)
5075-JSDKI,No,0.007240316862251466,59,24.45,Two year,No,Electronic check,Low Risk (Loyal)
5016-LIPDW,No,0.007230823927785086,57,19.4,One year,No,Mailed check,Low Risk (Loyal)
2662-NNTDK,No,0.007220351997217558,65,24.8,One year,No,Credit card (automatic),Low Risk (Loyal)
6770-UAYGJ,No,0.007206990473347221,49,25.25,Two year,No,Mailed check,Low Risk (Loyal)
8807-OPMBM,No,0.007162658629245929,55,25.65,Two year,No,Credit card (automatic),Low Risk (Loyal)
5093-FEGLU,No,0.007161425239948914,47,19.65,Two year,No,Bank transfer (automatic),Low Risk (Loyal)
6725-TPKJO,No,0.007149860797208032,44,20.05,Two year,No,Mailed check,Low Risk (Loyal)
5846-NEQVZ,No,0.007096333982072364,71,70.85,Two year,DSL,Credit card (automatic),Low Risk (Loyal)
9661-JALZV,No,0.007096216952294352,58,24.7,Two year,No,Credit card (automatic),Low Risk (Loyal)
4878-BUNFV,No,0.007078258451758571,42,20.7,Two year,No,Mailed check,Low Risk (Loyal)
8242-PDSGJ,No,0.006996167791548768,70,39.15,Two year,DSL,Credit card (automatic),Low Risk (Loyal)
2908-WGAXL,No,0.006989627215164507,56,24.95,Two year,No,Credit card (automatic),Low Risk (Loyal)
0562-KBDVM,No,0.006920713417441385,70,44.6,Two year,DSL,Bank transfer (automatic),Low Risk (Loyal)
6080-LNESI,No,0.006919090551320716,51,24.75,Two year,No,Mailed check,Low Risk (Loyal)
5067-WJEUN,No,0.006898381794004128,67,54.2,Two year,DSL,Bank transfer (automatic),Low Risk (Loyal)
5803-NQJZO,No,0.006859639437030561,72,67.8,Two year,DSL,Bank transfer (automatic),Low Risk (Loyal)
4625-LAMOB,No,0.006851091610222509,44,20.4,Two year,No,Credit card (automatic),Low Risk (Loyal)
1676-MQAOA,No,0.006798495714679687,72,75.1,Two year,DSL,Bank transfer (automatic),Low Risk (Loyal)
2954-PIBKO,No,0.006791299925063862,69,64.15,Two year,DSL,Credit card (automatic),Low Risk (Loyal)
6729-FZWSY,No,0.006752026940447026,67,19.45,One year,No,Mailed check,Low Risk (Loyal)
0885-HMGPY,No,0.006751775338270748,62,69.4,Two year,DSL,Bank transfer (automatic),Low Risk (Loyal)
5529-GIBVH,No,0.006751266630715301,47,20.15,Two year,No,Mailed check,Low Risk (Loyal)
5356-KZCKT,No,0.006750923018480479,58,24.45,Two year,No,Credit card (automatic),Low Risk (Loyal)
5781-RFZRP,No,0.006749699804493905,71,73.5,Two year,DSL,Credit card (automatic),Low Risk (Loyal)
2068-WWXQZ,No,0.006741012257306908,46,20.05,Two year,No,Bank transfer (automatic),Low Risk (Loyal)
7162-WPHPM,No,0.0067172562855270694,58,71.6,Two year,DSL,Credit card (automatic),Low Risk (Loyal)
9646-NMHXE,No,0.006671594638868482,47,19.65,Two year,No,Mailed check,Low Risk (Loyal)
9769-TSBZE,No,0.00664974800050517,70,66.0,Two year,DSL,Electronic check,Low Risk (Loyal)
6164-HAQTX,No,0.0066465217401849635,71,53.95,Two year,DSL,Bank transfer (automatic),Low Risk (Loyal)
6897-RWMUB,No,0.006622079038061915,61,68.05,Two year,DSL,Bank transfer (automatic),Low Risk (Loyal)
5995-LFTLE,No,0.006617569830727135,58,25.3,Two year,No,Credit card (automatic),Low Risk (Loyal)
5010-IPEAQ,No,0.006616016362944403,67,54.2,Two year,DSL,Credit card (automatic),Low Risk (Loyal)
3913-FCUUW,No,0.006600111609839014,72,70.45,Two year,DSL,Bank transfer (automatic),Low Risk (Loyal)
5549-ZGHFB,No,0.006597240496240366,50,24.95,Two year,No,Mailed check,Low Risk (Loyal)
5095-ETBRJ,No,0.006594301669488923,55,56.8,Two year,DSL,Mailed check,Low Risk (Loyal)
3884-UEBXB,No,0.006582947815857126,67,36.15,Two year,DSL,Bank transfer (automatic),Low Risk (Loyal)
8626-XHBIE,No,0.006580667611184333,56,24.8,Two year,No,Mailed check,Low Risk (Loyal)
7139-JZFVG,No,0.006563272224380682,60,60.5,Two year,DSL,Bank transfer (automatic),Low Risk (Loyal)
3470-OBUET,No,0.006524794545654601,67,74.0,Two year,DSL,Credit card (automatic),Low Risk (Loyal)
4900-MSOMT,No,0.006486030536024985,72,80.2,Two year,DSL,Bank transfer (automatic),Low Risk (Loyal)
2235-EZAIK,No,0.006458668593325781,72,79.2,Two year,DSL,Credit card (automatic),Low Risk (Loyal)
8896-RAZCR,No,0.006453910540406717,44,19.9,Two year,No,Mailed check,Low Risk (Loyal)
6619-RPLQZ,No,0.0064299825223556595,45,20.85,Two year,No,Mailed check,Low Risk (Loyal)
6961-MJKBO,No,0.00642979137771611,47,20.45,Two year,No,Bank transfer (automatic),Low Risk (Loyal)
3662-FXJFO,No,0.006382852067683684,54,20.5,Two year,No,Mailed check,Low Risk (Loyal)
1073-XXCZD,No,0.006378019335175406,55,25.7,Two year,No,Bank transfer (automatic),Low Risk (Loyal)
5324-KTGCG,No,0.006360916345233011,71,20.85,One year,No,Electronic check,Low Risk (Loyal)
0932-YIXYU,No,0.006349866713008235,47,20.25,Two year,No,Credit card (automatic),Low Risk (Loyal)
1207-BLKSA,No,0.0063440346439957995,52,23.05,Two year,No,Mailed check,Low Risk (Loyal)
3190-ITQXP,No,0.0063382531553622945,46,20.25,Two year,No,Bank transfer (automatic),Low Risk (Loyal)
0386-CWRGM,No,0.006315876867855615,46,19.4,Two year,No,Mailed check,Low Risk (Loyal)
3785-KTYSH,No,0.006293194556140878,53,24.6,Two year,No,Mailed check,Low Risk (Loyal)
7242-EDTYC,No,0.006284521974986784,44,19.55,Two year,No,Bank transfer (automatic),Low Risk (Loyal)
9993-LHIEB,No,0.006282940505752291,67,67.85,Two year,DSL,Mailed check,Low Risk (Loyal)
9091-WTUUY,No,0.006271021563892139,64,69.25,Two year,DSL,Mailed check,Low Risk (Loyal)
7921-BEPCI,No,0.006270190964085394,72,59.75,Two year,DSL,Bank transfer (automatic),Low Risk (Loyal)
7306-YDSOI,No,0.006267412883490116,69,59.75,Two year,DSL,Bank transfer (automatic),Low Risk (Loyal)
8338-QIUNR,No,0.0062396337250787805,72,66.5,Two year,DSL,Credit card (automatic),Low Risk (Loyal)
9114-DPSIA,No,0.0062361193243063735,72,81.0,Two year,DSL,Credit card (automatic),Low Risk (Loyal)
3764-MNMOI,No,0.006228953387047531,46,19.2,Two year,No,Credit card (automatic),Low Risk (Loyal)
5242-UOWHD,No,0.006205884241323437,45,20.35,Two year,No,Mailed check,Low Risk (Loyal)
3071-MVJCD,No,0.006197419071412554,72,82.3,Two year,DSL,Bank transfer (automatic),Low Risk (Loyal)
9639-BUJXT,No,0.006182030065225996,63,20.5,One year,No,Mailed check,Low Risk (Loyal)
7416-CKTEP,No,0.006145088329361327,57,19.6,Two year,No,Bank transfer (automatic),Low Risk (Loyal)
6425-JWTDV,No,0.006141341628588195,48,19.25,Two year,No,Mailed check,Low Risk (Loyal)
9067-YGSCA,No,0.006132717152636266,70,26.05,One year,No,Credit card (automatic),Low Risk (Loyal)
0526-SXDJP,No,0.006132203810316442,72,42.1,Two year,DSL,Bank transfer (automatic),Low Risk (Loyal)
0336-PIKEI,No,0.006129529690979083,72,74.4,Two year,DSL,Bank transfer (automatic),Low Risk (Loyal)
0562-FGDCR,No,0.0061069949585364205,72,74.55,Two year,DSL,Mailed check,Low Risk (Loyal)
8587-XYZSF,No,0.006095983738155277,67,50.55,Two year,DSL,Bank transfer (automatic),Low Risk (Loyal)
4742-TXUEX,No,0.0060642206904554,47,19.3,Two year,No,Bank transfer (automatic),Low Risk (Loyal)
4299-OPXEJ,No,0.006058936835716708,56,19.55,Two year,No,Bank transfer (automatic),Low Risk (Loyal)
2207-RYYRL,No,0.006058521260351994,52,24.55,Two year,No,Mailed check,Low Risk (Loyal)
8039-ACLPL,No,0.006044151017529023,72,68.75,Two year,DSL,Credit card (automatic),Low Risk (Loyal)
3399-BMLVW,No,0.006040909698922443,51,60.5,Two year,DSL,Credit card (automatic),Low Risk (Loyal)
7647-GYYKX,No,0.006035612217567353,54,20.35,Two year,No,Bank transfer (automatic),Low Risk (Loyal)
6248-BSHKG,No,0.006025051998422132,61,20.4,One year,No,Mailed check,Low Risk (Loyal)
8532-UEFWH,No,0.006005967430750991,52,25.75,Two year,No,Mailed check,Low Risk (Loyal)
1814-WFGVS,No,0.006005278400312957,72,48.9,Two year,DSL,Mailed check,Low Risk (Loyal)
4992-LTJNE,No,0.0059749630070565826,72,55.3,Two year,DSL,Bank transfer (automatic),Low Risk (Loyal)
5472-CVMDX,No,0.005963315161119892,68,38.9,Two year,DSL,Mailed check,Low Risk (Loyal)
4636-TVXVG,No,0.005962788712570211,62,19.95,One year,No,Bank transfer (automatic),Low Risk (Loyal)
6762-NSODU,No,0.005957617828534111,46,19.4,Two year,No,Credit card (automatic),Low Risk (Loyal)
1697-LYYYX,No,0.005943370343672326,61,19.1,One year,No,Credit card (automatic),Low Risk (Loyal)
6518-PPLMZ,No,0.005941718680530344,53,19.4,Two year,No,Mailed check,Low Risk (Loyal)
4698-KVLLG,No,0.005929115609228217,51,19.6,Two year,No,Credit card (automatic),Low Risk (Loyal)
1862-QRWPE,No,0.005928494502867384,48,20.65,Two year,No,Bank transfer (automatic),Low Risk (Loyal)
1709-EJDOX,No,0.005927991785481388,47,19.75,Two year,No,Mailed check,Low Risk (Loyal)
7033-CLAMM,No,0.005908106492455752,48,20.2,Two year,No,Bank transfer (automatic),Low Risk (Loyal)
2314-TNDJQ,No,0.00589040788097698,72,55.65,Two year,DSL,Credit card (automatic),Low Risk (Loyal)
1248-DYXUB,No,0.005873900160525524,52,24.8,Two year,No,Mailed check,Low Risk (Loyal)
2077-DDHJK,No,0.005869569599418515,68,70.9,Two year,DSL,Credit card (automatic),Low Risk (Loyal)
7596-ZYWBB,No,0.005833362651812387,65,59.6,Two year,DSL,Mailed check,Low Risk (Loyal)
4018-PPNDW,No,0.0058139152265518175,61,24.1,Two year,No,Mailed check,Low Risk (Loyal)
3948-KXDUF,No,0.005797731487352611,66,68.75,Two year,DSL,Bank transfer (automatic),Low Risk (Loyal)
1813-JLKWR,No,0.005783002845824159,64,19.8,One year,No,Bank transfer (automatic),Low Risk (Loyal)
6283-GITPX,No,0.005767530632045768,71,76.9,Two year,DSL,Credit card (automatic),Low Risk (Loyal)
1215-EXRMO,No,0.0057621785214907895,50,20.55,Two year,No,Mailed check,Low Risk (Loyal)
9668-PUGNU,No,0.005757104353016243,71,24.5,Two year,No,Electronic check,Low Risk (Loyal)
3795-GWTRD,No,0.0057535329198192845,63,75.55,Two year,DSL,Credit card (automatic),Low Risk (Loyal)
1085-LDWAM,No,0.005742609995030103,69,20.35,One year,No,Credit card (automatic),Low Risk (Loyal)
4335-BSMJS,No,0.005713225583588334,62,25.8,Two year,No,Credit card (automatic),Low Risk (Loyal)
7634-HLQJR,No,0.005694860891310104,47,20.05,Two year,No,Credit card (automatic),Low Risk (Loyal)
1468-DEFNC,No,0.005670551861422093,64,24.4,Two year,No,Bank transfer (automatic),Low Risk (Loyal)
4361-FEBGN,No,0.005646359669746903,48,20.15,Two year,No,Credit card (automatic),Low Risk (Loyal)
6695-FRVEC,No,0.005639498096126073,67,60.4,Two year,DSL,Bank transfer (automatic),Low Risk (Loyal)
3580-GICBM,No,0.005638780930733639,61,24.2,Two year,No,Mailed check,Low Risk (Loyal)
9251-AWQGT,No,0.005578946305925163,48,20.0,Two year,No,Mailed check,Low Risk (Loyal)
9372-TXXPS,No,0.005577750984383732,60,59.85,Two year,DSL,Bank transfer (automatic),Low Risk (Loyal)
9916-AYHTC,No,0.0055602372628938065,48,19.85,Two year,No,Credit card (automatic),Low Risk (Loyal)
4807-IZYOZ,No,0.005550508358700354,51,20.65,Two year,No,Bank transfer (automatic),Low Risk (Loyal)
6614-YWYSC,No,0.005525133470617109,61,25.0,Two year,No,Bank transfer (automatic),Low Risk (Loyal)
2230-XTUWL,No,0.005524691248085111,48,19.55,Two year,No,Mailed check,Low Risk (Loyal)
3200-MNQTF,No,0.005518392960734675,67,70.9,Two year,DSL,Credit card (automatic),Low Risk (Loyal)
9975-GPKZU,No,0.005482794049348809,46,19.75,Two year,No,Credit card (automatic),Low Risk (Loyal)
5970-GHJAW,No,0.005480052705325762,46,19.95,Two year,No,Credit card (automatic),Low Risk (Loyal)
7860-UXCRM,No,0.005477632370999219,63,74.5,Two year,DSL,Credit card (automatic),Low Risk (Loyal)
9081-WWXKP,No,0.00546118735890695,47,20.25,Two year,No,Credit card (automatic),Low Risk (Loyal)
5208-FVQKB,No,0.005455555119286214,70,67.95,Two year,DSL,Mailed check,Low Risk (Loyal)
2817-LVCPP,No,0.00543406513998009,50,19.4,Two year,No,Credit card (automatic),Low Risk (Loyal)
5227-JSCFE,No,0.0053900204580049705,71,46.35,Two year,DSL,Credit card (automatic),Low Risk (Loyal)
4302-ZYFEL,No,0.005385330793236968,69,20.55,One year,No,Credit card (automatic),Low Risk (Loyal)
3088-FVYWK,No,0.005376525739169204,53,25.55,Two year,No,Credit card (automatic),Low Risk (Loyal)
0463-TXOAK,No,0.005372554093188897,52,25.6,Two year,No,Credit card (automatic),Low Risk (Loyal)
7860-KSUGX,No,0.005319030485135237,72,64.45,Two year,DSL,Credit card (automatic),Low Risk (Loyal)
5666-MBJPT,No,0.005314457848361321,65,25.1,Two year,No,Bank transfer (automatic),Low Risk (Loyal)
9499-XPZXM,No,0.005313658427001567,72,64.75,Two year,DSL,Bank transfer (automatic),Low Risk (Loyal)
8069-RHUXK,No,0.005233657931430277,67,35.7,Two year,DSL,Credit card (automatic),Low Risk (Loyal)
8028-PNXHQ,No,0.005217354959272303,62,24.25,Two year,No,Bank transfer (automatic),Low Risk (Loyal)
4979-HPRFL,No,0.005165250842548553,56,24.15,Two year,No,Bank transfer (automatic),Low Risk (Loyal)
3170-NMYVV,No,0.0051617899906600834,50,20.15,Two year,No,Bank transfer (automatic),Low Risk (Loyal)
8701-DGLVH,No,0.005138884886460096,51,20.45,Two year,No,Mailed check,Low Risk (Loyal)
3429-IFLEM,No,0.00513632346466143,71,77.35,Two year,DSL,Credit card (automatic),Low Risk (Loyal)
0508-SQWPL,No,0.005133585575477019,57,20.1,Two year,No,Bank transfer (automatic),Low Risk (Loyal)
2176-OSJUV,No,0.005130279154126545,71,65.15,Two year,DSL,Bank transfer (automatic),Low Risk (Loyal)
1231-YNDEK,No,0.005121000936982531,58,19.15,Two year,No,Bank transfer (automatic),Low Risk (Loyal)
3212-KXOCR,No,0.0050965989461795765,52,21.0,Two year,No,Bank transfer (automatic),Low Risk (Loyal)
2481-SBOYW,No,0.005083134246624951,61,25.0,Two year,No,Credit card (automatic),Low Risk (Loyal)
8441-SHIPE,No,0.005080913459072218,67,25.6,Two year,No,Bank transfer (automatic),Low Risk (Loyal)
1266-NZYUI,No,0.005063823796072973,72,66.85,Two year,DSL,Bank transfer (automatic),Low Risk (Loyal)
9359-JANWS,No,0.005049459919229037,65,58.9,Two year,DSL,Credit card (automatic),Low Risk (Loyal)
2799-TSLAG,No,0.005045569595386526,65,25.3,Two year,No,Bank transfer (automatic),Low Risk (Loyal)
6370-ZVHDV,No,0.00501603008584885,61,25.3,Two year,No,Bank transfer (automatic),Low Risk (Loyal)
2418-TPEUN,No,0.005015271575293769,56,19.8,Two year,No,Credit card (automatic),Low Risk (Loyal)
1955-IBMMB,No,0.005008855707353781,59,20.2,Two year,No,Bank transfer (automatic),Low Risk (Loyal)
3154-HMWUU,No,0.0050006354643659864,60,20.5,Two year,No,Bank transfer (automatic),Low Risk (Loyal)
8395-ETZKQ,No,0.0049973284538202874,68,19.5,One year,No,Bank transfer (automatic),Low Risk (Loyal)
8361-LBRDI,No,0.004981027885441386,58,24.35,Two year,No,Credit card (automatic),Low Risk (Loyal)
0531-XBKMM,No,0.004960698881641852,66,65.7,Two year,DSL,Bank transfer (automatic),Low Risk (Loyal)
7503-EPSZW,No,0.004951035305763898,64,24.05,Two year,No,Mailed check,Low Risk (Loyal)
0621-CXBKL,No,0.004891716503941922,53,18.7,Two year,No,Mailed check,Low Risk (Loyal)
8882-TLVRW,No,0.00489016485943899,69,39.1,Two year,DSL,Mailed check,Low Risk (Loyal)
1241-FPMOF,No,0.004884439153011915,52,19.65,Two year,No,Mailed check,Low Risk (Loyal)
6340-DACFT,No,0.004883099496163024,50,20.55,Two year,No,Credit card (automatic),Low Risk (Loyal)
6253-GNHWH,No,0.004881744927013388,71,71.1,Two year,DSL,Mailed check,Low Risk (Loyal)
9504-YAZWB,No,0.004868758562308835,53,20.25,Two year,No,Mailed check,Low Risk (Loyal)
1574-DYCWE,No,0.004864643684375191,51,19.95,Two year,No,Mailed check,Low Risk (Loyal)
9795-SHUHB,No,0.004858030281238175,66,58.2,Two year,DSL,Credit card (automatic),Low Risk (Loyal)
2143-LJULT,No,0.004843540196252966,67,25.25,Two year,No,Credit card (automatic),Low Risk (Loyal)
1240-HCBOH,No,0.004842576804529472,67,26.1,Two year,No,Mailed check,Low Risk (Loyal)
1306-RPWXZ,No,0.0048279765779195285,49,20.45,Two year,No,Credit card (automatic),Low Risk (Loyal)
9257-AZMTZ,No,0.004825748360988487,52,20.1,Two year,No,Bank transfer (automatic),Low Risk (Loyal)
4458-KVRBJ,No,0.004820641644851146,59,25.0,Two year,No,Mailed check,Low Risk (Loyal)
8207-VVMYB,No,0.004817269259848543,70,26.0,Two year,No,Bank transfer (automatic),Low Risk (Loyal)
3359-DSRKA,No,0.004804886895304043,58,19.85,Two year,No,Mailed check,Low Risk (Loyal)
9087-EYCPR,No,0.004797507785024099,60,25.0,Two year,No,Mailed check,Low Risk (Loyal)
7996-MHXLW,No,0.004783611858613566,66,25.15,Two year,No,Credit card (automatic),Low Risk (Loyal)
7608-RGIRO,No,0.004753158652962557,62,24.4,Two year,No,Mailed check,Low Risk (Loyal)
6087-YPWHO,No,0.004747253003996026,72,68.15,Two year,DSL,Mailed check,Low Risk (Loyal)
1241-EZFMJ,No,0.004736742383434928,61,25.45,Two year,No,Bank transfer (automatic),Low Risk (Loyal)
2675-IJRGJ,No,0.004724121356557866,53,19.65,Two year,No,Bank transfer (automatic),Low Risk (Loyal)
9220-CXRSC,No,0.004720590192022613,69,61.4,Two year,DSL,Credit card (automatic),Low Risk (Loyal)
1657-DYMBM,No,0.004716012294219213,53,19.9,Two year,No,Credit card (automatic),Low Risk (Loyal)
2253-KPMNB,No,0.004711910675685326,69,46.25,Two year,DSL,Bank transfer (automatic),Low Risk (Loyal)
4785-FCIFB,No,0.004711811712319858,61,24.4,Two year,No,Mailed check,Low Risk (Loyal)
0229-LFJAF,No,0.004707229229628972,72,69.65,Two year,DSL,Bank transfer (automatic),Low Risk (Loyal)
3511-BFTJW,No,0.004689339586712029,72,38.5,Two year,DSL,Credit card (automatic),Low Risk (Loyal)
8540-ZQGEA,No,0.004682992727540599,54,20.05,Two year,No,Credit card (automatic),Low Risk (Loyal)
9371-BITHB,No,0.004665496682305514,52,19.85,Two year,No,Mailed check,Low Risk (Loyal)
2228-BZDEE,No,0.004658014380292301,54,20.1,Two year,No,Mailed check,Low Risk (Loyal)
7706-YLMQA,No,0.00465605430985311,70,19.7,One year,No,Bank transfer (automatic),Low Risk (Loyal)
2632-TACXW,No,0.004652776104851506,62,23.65,Two year,No,Bank transfer (automatic),Low Risk (Loyal)
3620-EHIMZ,No,0.004640241338180093,52,19.35,Two year,No,Mailed check,Low Risk (Loyal)
6349-JDHQP,No,0.004625813817267955,53,19.85,Two year,No,Credit card (automatic),Low Risk (Loyal)
1852-QSWCD,No,0.004609457611578511,64,24.8,Two year,No,Mailed check,Low Risk (Loyal)
5605-XNWEN,No,0.004597360862551643,72,25.0,Two year,No,Bank transfer (automatic),Low Risk (Loyal)
6217-KDYWC,No,0.0045934330699673965,57,19.6,Two year,No,Mailed check,Low Risk (Loyal)
0603-TPMIB,No,0.004564401379916402,59,25.45,Two year,No,Mailed check,Low Risk (Loyal)
2452-MRMZF,No,0.004557026238574966,72,25.7,Two year,No,Credit card (automatic),Low Risk (Loyal)
1080-BWSYE,No,0.004551540373143542,64,25.65,Two year,No,Credit card (automatic),Low Risk (Loyal)
4534-WGCIR,No,0.004542455952966774,58,25.15,Two year,No,Credit card (automatic),Low Risk (Loyal)
8957-THMOA,No,0.004518714091503785,50,20.15,Two year,No,Credit card (automatic),Low Risk (Loyal)
9507-HSMMZ,No,0.0045176062169228004,54,20.0,Two year,No,Mailed check,Low Risk (Loyal)
6139-ZZRBQ,No,0.004488543500369614,64,20.05,Two year,No,Bank transfer (automatic),Low Risk (Loyal)
9173-IVZVP,No,0.004461449069197049,53,20.9,Two year,No,Mailed check,Low Risk (Loyal)
6582-PLFUU,No,0.004461211953684051,51,19.55,Two year,No,Credit card (automatic),Low Risk (Loyal)
1619-YWUBB,No,0.0044528518274464185,68,24.95,Two year,No,Credit card (automatic),Low Risk (Loyal)
0270-THENM,No,0.00445195088630119,72,69.85,Two year,DSL,Bank transfer (automatic),Low Risk (Loyal)
9565-AXSMR,No,0.00444418574066838,52,19.2,Two year,No,Mailed check,Low Risk (Loyal)
5699-BNCAS,No,0.004416553940867914,71,24.65,Two year,No,Mailed check,Low Risk (Loyal)
9814-AOUDH,No,0.004412619855429045,53,19.5,Two year,No,Credit card (automatic),Low Risk (Loyal)
5821-MMEIL,No,0.004374272852169675,57,19.9,Two year,No,Bank transfer (automatic),Low Risk (Loyal)
9786-YWNHU,No,0.004371975564754122,63,63.55,Two year,DSL,Mailed check,Low Risk (Loyal)
3148-AOIQT,No,0.004339678401555959,69,24.95,Two year,No,Credit card (automatic),Low Risk (Loyal)
6685-XSHHU,No,0.004318593568489515,60,20.95,Two year,No,Bank transfer (automatic),Low Risk (Loyal)
0281-CNTZX,No,0.004314752425731797,63,19.95,Two year,No,Bank transfer (automatic),Low Risk (Loyal)
1167-OYZJF,No,0.004312701580542153,67,20.05,Two year,No,Bank transfer (automatic),Low Risk (Loyal)
3967-VQOGC,No,0.004309097737382734,67,24.9,Two year,No,Mailed check,Low Risk (Loyal)
3646-ITDGM,No,0.004307782351441107,56,19.7,Two year,No,Bank transfer (automatic),Low Risk (Loyal)
3913-RDSJZ,No,0.004292421032852969,64,25.55,Two year,No,Mailed check,Low Risk (Loyal)
2560-WBWXF,No,0.004281943480023391,68,24.15,Two year,No,Bank transfer (automatic),Low Risk (Loyal)
4565-NLZBV,No,0.004261984157947619,71,24.65,Two year,No,Bank transfer (automatic),Low Risk (Loyal)
1705-GUHPV,No,0.004240388888876629,63,24.2,Two year,No,Mailed check,Low Risk (Loyal)
6134-KWTBV,No,0.004213521841850444,62,23.4,Two year,No,Bank transfer (automatic),Low Risk (Loyal)
8838-GPHZP,No,0.004202201717610434,63,20.6,Two year,No,Mailed check,Low Risk (Loyal)
1926-QUZNN,No,0.004158830590857089,72,25.25,Two year,No,Bank transfer (automatic),Low Risk (Loyal)
7427-AUFPY,No,0.004123741082574045,54,19.65,Two year,No,Credit card (automatic),Low Risk (Loyal)
7169-YWAMK,No,0.004087968668701215,72,68.4,Two year,DSL,Bank transfer (automatic),Low Risk (Loyal)
5793-YOLJN,No,0.004068502022218087,55,21.0,Two year,No,Mailed check,Low Risk (Loyal)
7008-LZVOZ,No,0.004062250560898836,66,25.3,Two year,No,Credit card (automatic),Low Risk (Loyal)
3970-XGJDU,No,0.004057746338345746,62,19.2,Two year,No,Credit card (automatic),Low Risk (Loyal)
5296-PSYVW,No,0.004042107589271631,72,24.55,Two year,No,Electronic check,Low Risk (Loyal)
7293-LSCDV,No,0.004038370592906372,60,19.25,Two year,No,Credit card (automatic),Low Risk (Loyal)
5220-AGAAX,No,0.004032597931295289,68,24.0,Two year,No,Bank transfer (automatic),Low Risk (Loyal)
5406-KGRMX,No,0.004007783336467687,71,24.55,Two year,No,Electronic check,Low Risk (Loyal)
2075-PUEPR,No,0.004007050808406046,55,19.35,Two year,No,Bank transfer (automatic),Low Risk (Loyal)
7399-QHBJS,No,0.003994191014027482,72,66.75,Two year,DSL,Credit card (automatic),Low Risk (Loyal)
5334-AFQJB,No,0.003961677600658666,72,25.1,Two year,No,Credit card (automatic),Low Risk (Loyal)
5115-SQAAU,No,0.003961076666568974,69,25.6,Two year,No,Bank transfer (automatic),Low Risk (Loyal)
8380-MQINP,No,0.003952276778685802,55,20.3,Two year,No,Mailed check,Low Risk (Loyal)
2961-VNFKL,No,0.003940555984742767,71,25.95,Two year,No,Credit card (automatic),Low Risk (Loyal)
3027-YNWZU,No,0.003938311103096546,64,25.0,Two year,No,Credit card (automatic),Low Risk (Loyal)
7014-ZZXAW,No,0.003936745836584298,71,24.25,Two year,No,Credit card (automatic),Low Risk (Loyal)
5982-XMDEX,No,0.0039257080088263415,65,26.5,Two year,No,Bank transfer (automatic),Low Risk (Loyal)
9764-REAFF,No,0.003922591919138376,59,18.4,Two year,No,Bank transfer (automatic),Low Risk (Loyal)
9964-WBQDJ,No,0.003922191775222155,71,24.4,Two year,No,Credit card (automatic),Low Risk (Loyal)
9953-ZMKSM,No,0.0039190549290119975,63,25.25,Two year,No,Mailed check,Low Risk (Loyal)
0780-XNZFN,No,0.0039158777854756245,57,20.65,Two year,No,Bank transfer (automatic),Low Risk (Loyal)
6917-FIJHC,No,0.003915370807897653,72,26.0,Two year,No,Mailed check,Low Risk (Loyal)
3635-QQRQD,No,0.0039040019728750013,62,20.05,Two year,No,Credit card (automatic),Low Risk (Loyal)
6734-PSBAW,No,0.003894795361743085,72,23.55,Two year,No,Bank transfer (automatic),Low Risk (Loyal)
1399-OUPJN,No,0.003892238093490814,57,19.75,Two year,No,Bank transfer (automatic),Low Risk (Loyal)
6485-QXWWE,No,0.003888105169083326,62,26.0,Two year,No,Bank transfer (automatic),Low Risk (Loyal)
4737-AQCPU,No,0.0038785517078114527,72,72.1,Two year,DSL,Credit card (automatic),Low Risk (Loyal)
7480-SPLEF,No,0.003877741634559368,69,26.0,Two year,No,Bank transfer (automatic),Low Risk (Loyal)
7643-RCHXS,No,0.003877079588322992,63,19.35,Two year,No,Electronic check,Low Risk (Loyal)
3612-YVGSJ,No,0.003872661197420926,71,24.45,Two year,No,Credit card (automatic),Low Risk (Loyal)
7688-AWMDX,No,0.0038516170686623726,71,54.5,Two year,DSL,Bank transfer (automatic),Low Risk (Loyal)
2400-FEQME,No,0.0038513715415675613,55,20.5,Two year,No,Mailed check,Low Risk (Loyal)
9337-SRRNI,No,0.003849230857513341,66,25.3,Two year,No,Credit card (automatic),Low Risk (Loyal)
6625-FLENO,No,0.003843252867072767,58,20.75,Two year,No,Mailed check,Low Risk (Loyal)
8755-OGKNA,No,0.003790995010228543,57,19.5,Two year,No,Bank transfer (automatic),Low Risk (Loyal)
1098-KFQEC,No,0.003777982053100529,55,19.4,Two year,No,Credit card (automatic),Low Risk (Loyal)
0626-QXNGV,No,0.0037772776500596553,72,24.15,Two year,No,Credit card (automatic),Low Risk (Loyal)
4990-ALDGW,No,0.0037730887776464125,57,20.75,Two year,No,Mailed check,Low Risk (Loyal)
8129-GMVGI,No,0.003764169416740902,56,20.05,Two year,No,Mailed check,Low Risk (Loyal)
0040-HALCW,No,0.0037580422489758964,54,20.4,Two year,No,Credit card (automatic),Low Risk (Loyal)
7493-GVFIO,No,0.0037115806185890757,57,20.55,Two year,No,Credit card (automatic),Low Risk (Loyal)
0374-FIUCA,No,0.0036992714181442675,65,20.4,Two year,No,Credit card (automatic),Low Risk (Loyal)
9084-OAYKL,No,0.0036649578410347756,58,20.8,Two year,No,Mailed check,Low Risk (Loyal)
4625-XMOYM,No,0.003645426640709071,72,26.25,Two year,No,Bank transfer (automatic),Low Risk (Loyal)
8464-EETCQ,No,0.003618757257310035,57,18.8,Two year,No,Credit card (automatic),Low Risk (Loyal)
4176-RELJR,No,0.0036129051070187867,67,25.1,Two year,No,Credit card (automatic),Low Risk (Loyal)
2097-YVPKN,No,0.003589436785733791,65,25.75,Two year,No,Mailed check,Low Risk (Loyal)
3836-FZSDJ,No,0.003585998109627278,71,24.85,Two year,No,Bank transfer (automatic),Low Risk (Loyal)
8590-YFFQO,No,0.0035786581364116825,70,64.95,Two year,DSL,Credit card (automatic),Low Risk (Loyal)
2900-PHPLN,No,0.003556177856606725,70,19.55,Two year,No,Credit card (automatic),Low Risk (Loyal)
1460-UZPRJ,No,0.0035463288456416405,60,19.95,Two year,No,Mailed check,Low Risk (Loyal)
8946-BFWSG,No,0.003532664416971128,63,25.25,Two year,No,Mailed check,Low Risk (Loyal)
7114-AEOZE,No,0.003532336084037736,60,19.85,Two year,No,Bank transfer (automatic),Low Risk (Loyal)
9286-BHDQG,No,0.003529705216004312,72,45.25,Two year,DSL,Credit card (automatic),Low Risk (Loyal)
9135-HSWOC,No,0.0035227617404305126,64,19.7,Two year,No,Bank transfer (automatic),Low Risk (Loyal)
7113-HIPFI,No,0.0035215182512527477,66,65.85,Two year,DSL,Mailed check,Low Risk (Loyal)
3498-LZGQZ,No,0.0035201331489398435,63,19.15,Two year,No,Mailed check,Low Risk (Loyal)
3454-JFUBC,No,0.003487010112272149,68,20.0,Two year,No,Credit card (automatic),Low Risk (Loyal)
3696-DFHHB,No,0.0034866917146731944,68,25.5,Two year,No,Bank transfer (automatic),Low Risk (Loyal)
1131-QQZEB,No,0.0034778489218197524,71,23.95,Two year,No,Bank transfer (automatic),Low Risk (Loyal)
8735-SDUFN,No,0.0034750913373409508,72,24.3,Two year,No,Bank transfer (automatic),Low Risk (Loyal)
1767-CJKBA,No,0.0034638024615256348,66,25.1,Two year,No,Mailed check,Low Risk (Loyal)
1820-DJFPH,No,0.003453839816874569,72,24.05,Two year,No,Bank transfer (automatic),Low Risk (Loyal)
3118-UHVVQ,No,0.0034381107170273523,68,25.8,Two year,No,Credit card (automatic),Low Risk (Loyal)
2072-ZVJJX,No,0.003416668176290332,68,25.25,Two year,No,Bank transfer (automatic),Low Risk (Loyal)
5567-GZKQY,No,0.0034071203863945353,58,20.3,Two year,No,Credit card (automatic),Low Risk (Loyal)
8727-JQFHV,No,0.0033921619783665925,57,20.75,Two year,No,Mailed check,Low Risk (Loyal)
8780-IHCRN,No,0.0033636409955824613,63,24.65,Two year,No,Credit card (automatic),Low Risk (Loyal)
0971-QIFJK,No,0.003360357389740131,69,24.25,Two year,No,Bank transfer (automatic),Low Risk (Loyal)
8164-OCKUJ,No,0.003355225647929137,59,20.6,Two year,No,Mailed check,Low Risk (Loyal)
2525-GVKQU,No,0.0033533814582582585,60,20.6,Two year,No,Mailed check,Low Risk (Loyal)
0704-VCUMB,No,0.0033510847890478,61,20.25,Two year,No,Credit card (automatic),Low Risk (Loyal)
7941-RCJOW,No,0.0033484812505678047,65,19.55,Two year,No,Credit card (automatic),Low Risk (Loyal)
3563-SVYLG,No,0.003339236663004451,68,62.65,Two year,DSL,Credit card (automatic),Low Risk (Loyal)
3873-WOSBC,No,0.003337297186522764,67,25.6,Two year,No,Credit card (automatic),Low Risk (Loyal)
6024-RUGGH,No,0.0033230822631380615,72,25.2,Two year,No,Bank transfer (automatic),Low Risk (Loyal)
2346-LOCWC,No,0.003267285369774627,58,20.5,Two year,No,Credit card (automatic),Low Risk (Loyal)
6010-DDPPW,No,0.0032536971713392473,70,25.15,Two year,No,Bank transfer (automatic),Low Risk (Loyal)
9972-EWRJS,No,0.003251690534498012,67,19.25,Two year,No,Bank transfer (automatic),Low Risk (Loyal)
7167-PCEYD,No,0.0032490917028144555,67,19.8,Two year,No,Mailed check,Low Risk (Loyal)
3457-PQBYH,No,0.003246499743574464,58,20.3,Two year,No,Credit card (automatic),Low Risk (Loyal)
2050-ONYDQ,No,0.003199726745396289,65,26.0,Two year,No,Credit card (automatic),Low Risk (Loyal)
3777-XROBG,No,0.0031996928835203485,58,19.55,Two year,No,Credit card (automatic),Low Risk (Loyal)
3768-VHXQO,No,0.0031809574683477103,67,24.85,Two year,No,Credit card (automatic),Low Risk (Loyal)
4443-EMBNA,No,0.003164081110971197,71,24.75,Two year,No,Bank transfer (automatic),Low Risk (Loyal)
1635-NZATJ,No,0.0031568800085960314,71,25.45,Two year,No,Credit card (automatic),Low Risk (Loyal)
7328-ZJAJO,No,0.0031544514817501237,59,19.5,Two year,No,Credit card (automatic),Low Risk (Loyal)
3308-DGHKL,No,0.0031482124949806837,69,19.3,Two year,No,Bank transfer (automatic),Low Risk (Loyal)
0485-ZBSLN,No,0.0031329198689827643,65,24.75,Two year,No,Credit card (automatic),Low Risk (Loyal)
8711-LOBKY,No,0.00312715188223283,59,19.85,Two year,No,Mailed check,Low Risk (Loyal)
6892-BOGQE,No,0.003122872791814563,71,20.9,Two year,No,Bank transfer (automatic),Low Risk (Loyal)
0795-XCCTE,No,0.003116840983113803,72,25.4,Two year,No,Bank transfer (automatic),Low Risk (Loyal)
5656-JAMLX,No,0.003116007169007798,62,19.85,Two year,No,Bank transfer (automatic),Low Risk (Loyal)
7729-XBTWX,No,0.0031112203153086404,66,19.75,Two year,No,Mailed check,Low Risk (Loyal)
8514-VZHEB,No,0.003103822746551505,59,19.5,Two year,No,Mailed check,Low Risk (Loyal)
4656-CAURT,No,0.003094232963921634,69,23.95,Two year,No,Bank transfer (automatic),Low Risk (Loyal)
4589-IUAJB,No,0.003093057307075322,70,24.25,Two year,No,Bank transfer (automatic),Low Risk (Loyal)
6484-LATFU,No,0.003089354351265586,68,24.55,Two year,No,Mailed check,Low Risk (Loyal)
9153-BTBVV,No,0.0030828296331784143,71,25.0,Two year,No,Bank transfer (automatic),Low Risk (Loyal)
2696-RZVZW,No,0.003044080113345401,68,25.05,Two year,No,Credit card (automatic),Low Risk (Loyal)
6734-JDTTV,No,0.0030376287530614328,65,19.85,Two year,No,Credit card (automatic),Low Risk (Loyal)
8619-IJNDK,No,0.003037139247124896,71,64.05,Two year,DSL,Credit card (automatic),Low Risk (Loyal)
9430-NKQLY,No,0.003033239366476539,72,25.1,Two year,No,Credit card (automatic),Low Risk (Loyal)
8857-CUPFQ,No,0.0030164405937237668,63,19.25,Two year,No,Mailed check,Low Risk (Loyal)
8747-UDCOI,No,0.0030109418595111615,65,19.35,Two year,No,Bank transfer (automatic),Low Risk (Loyal)
4231-LZUYM,No,0.0030089865137169144,72,25.65,Two year,No,Bank transfer (automatic),Low Risk (Loyal)
2007-QVGAW,No,0.0030078651753820502,68,19.35,Two year,No,Bank transfer (automatic),Low Risk (Loyal)
6857-TKDJV,No,0.0029972270759946237,67,24.65,Two year,No,Bank transfer (automatic),Low Risk (Loyal)
7115-IRDHS,No,0.0029935918903158457,72,24.65,Two year,No,Bank transfer (automatic),Low Risk (Loyal)
2146-EGVDT,No,0.0029783626812199524,59,19.3,Two year,No,Credit card (automatic),Low Risk (Loyal)
7558-IMLMT,No,0.002968209141287053,67,20.8,Two year,No,Mailed check,Low Risk (Loyal)
0962-CQPWQ,No,0.0029657013277940188,62,20.3,Two year,No,Bank transfer (automatic),Low Risk (Loyal)
7717-BICXI,No,0.0029527599305429345,60,20.55,Two year,No,Mailed check,Low Risk (Loyal)
7161-DFHUF,No,0.002948951396564428,71,23.85,Two year,No,Mailed check,Low Risk (Loyal)
5846-ABOBJ,No,0.002927846845298224,71,24.45,Two year,No,Bank transfer (automatic),Low Risk (Loyal)
9397-TZSHA,No,0.0029270250524359893,69,24.6,Two year,No,Credit card (automatic),Low Risk (Loyal)
1987-AUELQ,No,0.0029118632948143576,71,25.05,Two year,No,Credit card (automatic),Low Risk (Loyal)
2169-RRLFW,No,0.0029064962196015784,71,25.6,Two year,No,Credit card (automatic),Low Risk (Loyal)
9500-WBGRP,No,0.0029007123443820304,69,19.1,Two year,No,Mailed check,Low Risk (Loyal)
6651-RLGGM,No,0.0029003652534196106,67,26.3,Two year,No,Mailed check,Low Risk (Loyal)
1830-IPXVJ,No,0.0028914700691494953,61,19.75,Two year,No,Credit card (automatic),Low Risk (Loyal)
5743-KHMNA,No,0.002871239921080816,71,25.55,Two year,No,Bank transfer (automatic),Low Risk (Loyal)
2181-TIDSV,No,0.002847643092123942,68,19.95,Two year,No,Bank transfer (automatic),Low Risk (Loyal)
8347-GDTMP,No,0.002827538993394571,64,19.45,Two year,No,Credit card (automatic),Low Risk (Loyal)
9574-BOSMD,No,0.002815157715975448,68,25.4,Two year,No,Bank transfer (automatic),Low Risk (Loyal)
6848-HJTXY,No,0.002814157191834647,64,19.45,Two year,No,Credit card (automatic),Low Risk (Loyal)
7268-WNTCP,No,0.002813920826516077,62,20.45,Two year,No,Bank transfer (automatic),Low Risk (Loyal)
3507-GASNP,No,0.0028028269917580242,60,19.95,Two year,No,Mailed check,Low Risk (Loyal)
8917-SZTTJ,No,0.0027855558576784065,60,19.65,Two year,No,Credit card (automatic),Low Risk (Loyal)
4195-PNGZS,No,0.0027673649665428076,69,24.45,Two year,No,Bank transfer (automatic),Low Risk (Loyal)
8237-ULIXL,No,0.002761720016396804,72,24.85,Two year,No,Credit card (automatic),Low Risk (Loyal)
7225-IILWY,No,0.0027604582939220476,68,25.75,Two year,No,Mailed check,Low Risk (Loyal)
2626-VEEWG,No,0.00274983402854503,67,19.4,Two year,No,Credit card (automatic),Low Risk (Loyal)
7096-ZNBZI,No,0.0027471822065274184,72,26.45,Two year,No,Credit card (automatic),Low Risk (Loyal)
4836-WNFNO,No,0.0027399613917760014,72,25.0,Two year,No,Credit card (automatic),Low Risk (Loyal)
2569-WGERO,No,0.002736439175215432,72,21.15,Two year,No,Bank transfer (automatic),Low Risk (Loyal)
1299-AURJA,No,0.0027262444435787563,70,24.7,Two year,No,Bank transfer (automatic),Low Risk (Loyal)
8434-VGEQQ,No,0.0027192468314192215,61,20.55,Two year,No,Credit card (automatic),Low Risk (Loyal)
6963-KQYQB,No,0.0027117873471101906,70,24.05,Two year,No,Mailed check,Low Risk (Loyal)
8774-GSBUN,No,0.0027014458463906813,72,25.4,Two year,No,Mailed check,Low Risk (Loyal)
2616-FLVQC,No,0.0026984165507418995,64,19.55,Two year,No,Mailed check,Low Risk (Loyal)
0613-WUXUM,No,0.002690538358469964,70,19.2,Two year,No,Mailed check,Low Risk (Loyal)
7711-GQBZC,No,0.002672557595213188,71,24.7,Two year,No,Bank transfer (automatic),Low Risk (Loyal)
3261-CQXOL,No,0.0026532291075933344,71,25.45,Two year,No,Bank transfer (automatic),Low Risk (Loyal)
8092-NLTGF,No,0.002651738242444273,72,24.75,Two year,No,Bank transfer (automatic),Low Risk (Loyal)
0847-HGRML,No,0.0026430132595780466,62,20.0,Two year,No,Bank transfer (automatic),Low Risk (Loyal)
4312-KFRXN,No,0.0026374160028431732,72,25.4,Two year,No,Mailed check,Low Risk (Loyal)
8749-TZYEC,No,0.0026268878444412683,72,24.8,Two year,No,Credit card (automatic),Low Risk (Loyal)
1945-XISKS,No,0.0026114927478775186,67,19.65,Two year,No,Mailed check,Low Risk (Loyal)
7157-SMCFK,No,0.0026114739781367626,61,19.75,Two year,No,Mailed check,Low Risk (Loyal)
4707-MAXGU,No,0.002595974789526862,72,25.85,Two year,No,Credit card (automatic),Low Risk (Loyal)
5598-IKHQQ,No,0.002594995006247807,72,25.45,Two year,No,Credit card (automatic),Low Risk (Loyal)
8544-JNBOX,No,0.00259409743160015,72,20.8,Two year,No,Mailed check,Low Risk (Loyal)
2509-TFPJU,No,0.002592979153009045,72,25.75,Two year,No,Credit card (automatic),Low Risk (Loyal)
9625-RZFUK,No,0.0025801136527923347,63,19.7,Two year,No,Mailed check,Low Risk (Loyal)
8043-PNYSD,No,0.0025626001436783257,63,19.55,Two year,No,Mailed check,Low Risk (Loyal)
3774-VBNXY,No,0.002559210343156648,64,20.2,Two year,No,Mailed check,Low Risk (Loyal)
7064-JHXCE,No,0.002558530278981342,62,20.05,Two year,No,Credit card (automatic),Low Risk (Loyal)
5884-FBCTL,No,0.0025531609248484674,72,25.1,Two year,No,Bank transfer (automatic),Low Risk (Loyal)
5854-KSRBJ,No,0.0025514947948320306,70,25.4,Two year,No,Mailed check,Low Risk (Loyal)
5902-WBLSE,No,0.002525359053446367,70,20.15,Two year,No,Credit card (automatic),Low Risk (Loyal)
6621-NRZAK,No,0.002512942496422708,63,20.0,Two year,No,Credit card (automatic),Low Risk (Loyal)
2236-HILPA,No,0.002510175371778716,62,20.65,Two year,No,Credit card (automatic),Low Risk (Loyal)
1302-TPUBN,No,0.002509431163686605,66,19.35,Two year,No,Bank transfer (automatic),Low Risk (Loyal)
5730-DBDSI,No,0.0025090966611148336,66,19.7,Two year,No,Bank transfer (automatic),Low Risk (Loyal)
3810-PJUHR,No,0.002505769667109082,70,25.35,Two year,No,Mailed check,Low Risk (Loyal)
6976-BWGLQ,No,0.0025008708366226146,72,25.2,Two year,No,Bank transfer (automatic),Low Risk (Loyal)
3973-SKMLN,No,0.002497609173469332,71,19.9,Two year,No,Credit card (automatic),Low Risk (Loyal)
2718-YSKCS,No,0.0024841777304135146,71,19.6,Two year,No,Bank transfer (automatic),Low Risk (Loyal)
0397-ZXWQF,No,0.0024745702133790685,67,20.5,Two year,No,Bank transfer (automatic),Low Risk (Loyal)
7980-MHFLQ,No,0.0024734671180644974,72,24.9,Two year,No,Mailed check,Low Risk (Loyal)
0402-OAMEN,No,0.002466743573066766,72,24.45,Two year,No,Bank transfer (automatic),Low Risk (Loyal)
8165-ZJRNM,No,0.002464758743658675,72,23.75,Two year,No,Bank transfer (automatic),Low Risk (Loyal)
5848-FHRFC,No,0.0024481307022405966,68,20.05,Two year,No,Bank transfer (automatic),Low Risk (Loyal)
7606-BPHHN,No,0.0024435466591255883,72,19.8,Two year,No,Credit card (automatic),Low Risk (Loyal)
1293-BSEUN,No,0.0024278674831699834,72,20.7,Two year,No,Mailed check,Low Risk (Loyal)
0394-YONDK,No,0.002424688598766822,70,25.15,Two year,No,Credit card (automatic),Low Risk (Loyal)
5146-YYFRZ,No,0.0024079701260829355,67,19.95,Two year,No,Bank transfer (automatic),Low Risk (Loyal)
5799-JRCZO,No,0.0023967021521502387,63,19.5,Two year,No,Credit card (automatic),Low Risk (Loyal)
5893-KCLGT,No,0.002378385806775002,72,19.75,Two year,No,Mailed check,Low Risk (Loyal)
4193-IBKSW,No,0.00237557024848505,72,24.75,Two year,No,Bank transfer (automatic),Low Risk (Loyal)
1555-HAPSU,No,0.0023644471017840864,71,23.9,Two year,No,Credit card (automatic),Low Risk (Loyal)
8224-KDLKN,No,0.0023490517827121707,72,25.0,Two year,No,Bank transfer (automatic),Low Risk (Loyal)
7515-LODFU,No,0.0023347641722442037,69,20.3,Two year,No,Credit card (automatic),Low Risk (Loyal)
6855-VLGOS,No,0.0023323848141797807,72,20.55,Two year,No,Electronic check,Low Risk (Loyal)
0505-SPOOW,No,0.0023306905774893934,70,19.8,Two year,No,Bank transfer (automatic),Low Risk (Loyal)
0174-QRVVY,No,0.0023278473151036342,71,25.35,Two year,No,Credit card (automatic),Low Risk (Loyal)
7969-FFOWG,No,0.0023190872067487245,65,19.9,Two year,No,Mailed check,Low Risk (Loyal)
9838-BFCQT,No,0.0023147761096233713,72,26.1,Two year,No,Mailed check,Low Risk (Loyal)
0480-KYJVA,No,0.0023068424332981174,72,24.25,Two year,No,Credit card (automatic),Low Risk (Loyal)
7684-XSZIY,No,0.002304559985344231,72,24.3,Two year,No,Bank transfer (automatic),Low Risk (Loyal)
6585-WCEWR,No,0.0022870898844732064,72,20.35,Two year,No,Electronic check,Low Risk (Loyal)
3274-NSDWE,No,0.0022824192133974494,68,19.6,Two year,No,Credit card (automatic),Low Risk (Loyal)
8966-SNIZF,No,0.002278933361378817,70,19.45,Two year,No,Bank transfer (automatic),Low Risk (Loyal)
7695-PKLCZ,No,0.0022499857418855325,68,20.5,Two year,No,Credit card (automatic),Low Risk (Loyal)
6345-FZOQH,No,0.0022358882847962943,69,19.9,Two year,No,Mailed check,Low Risk (Loyal)
9365-CSLBQ,No,0.002233376322813014,71,24.35,Two year,No,Mailed check,Low Risk (Loyal)
6181-AXXYF,No,0.0022255264944304703,72,24.75,Two year,No,Credit card (automatic),Low Risk (Loyal)
0562-HKHML,No,0.0022231479522894252,71,23.9,Two year,No,Credit card (automatic),Low Risk (Loyal)
4821-WQOYN,No,0.0022124164685978207,72,20.1,Two year,No,Credit card (automatic),Low Risk (Loyal)
6285-FTQBF,No,0.0022118083719422487,72,25.55,Two year,No,Credit card (automatic),Low Risk (Loyal)
7010-BRBUU,No,0.0021647712926798264,72,24.1,Two year,No,Credit card (automatic),Low Risk (Loyal)
2607-DHDAK,No,0.0021610971083719727,72,19.8,Two year,No,Credit card (automatic),Low Risk (Loyal)
3910-MRQOY,No,0.002157085897508589,72,19.4,Two year,No,Bank transfer (automatic),Low Risk (Loyal)
7602-DBTOU,No,0.0021483841789808997,71,19.6,Two year,No,Mailed check,Low Risk (Loyal)
9800-OUIGR,No,0.002121858004513489,66,20.0,Two year,No,Credit card (automatic),Low Risk (Loyal)
2804-ETQDK,No,0.0021026483825651175,66,20.55,Two year,No,Mailed check,Low Risk (Loyal)
7463-IFMQU,No,0.002099121480344069,72,20.05,Two year,No,Bank transfer (automatic),Low Risk (Loyal)
0042-RLHYP,No,0.002094855237498055,69,19.7,Two year,No,Bank transfer (automatic),Low Risk (Loyal)
6980-IMXXE,No,0.0020928114267054787,69,20.2,Two year,No,Bank transfer (automatic),Low Risk (Loyal)
8285-ABVLB,No,0.0020879184110390533,70,19.85,Two year,No,Credit card (automatic),Low Risk (Loyal)
3678-MNGZX,No,0.002084989439551704,68,19.95,Two year,No,Bank transfer (automatic),Low Risk (Loyal)
2984-RGEYA,No,0.0020812358089927854,69,19.75,Two year,No,Bank transfer (automatic),Low Risk (Loyal)
7673-BQGKU,No,0.002050573387727535,69,20.15,Two year,No,Bank transfer (automatic),Low Risk (Loyal)
6060-QBMGV,No,0.0020426049119391036,70,19.85,Two year,No,Credit card (automatic),Low Risk (Loyal)
8232-UTFOZ,No,0.002021421605687318,69,19.95,Two year,No,Credit card (automatic),Low Risk (Loyal)
2545-LXYVJ,No,0.002018398410863158,72,20.7,Two year,No,Bank transfer (automatic),Low Risk (Loyal)
0825-CPPQH,No,0.0020175403484141733,71,19.1,Two year,No,Credit card (automatic),Low Risk (Loyal)
1591-XWLGB,No,0.002005367222096118,71,19.85,Two year,No,Credit card (automatic),Low Risk (Loyal)
5346-BZCHP,No,0.0020023818049924483,69,19.4,Two year,No,Mailed check,Low Risk (Loyal)
8750-QWZAJ,No,0.001971404777919512,70,19.8,Two year,No,Bank transfer (automatic),Low Risk (Loyal)
0902-XKXPN,No,0.0019682338091834904,69,20.2,Two year,No,Bank transfer (automatic),Low Risk (Loyal)
9537-JALFH,No,0.0019637190304164155,69,19.9,Two year,No,Bank transfer (automatic),Low Risk (Loyal)
1764-VUUMT,No,0.0019526579789746706,66,19.95,Two year,No,Credit card (automatic),Low Risk (Loyal)
1927-QEWMY,No,0.0019511052930049559,72,20.5,Two year,No,Credit card (automatic),Low Risk (Loyal)
7876-DNYAP,No,0.0019335921178652183,69,19.8,Two year,No,Credit card (automatic),Low Risk (Loyal)
8229-BUJHX,No,0.001916791550589281,71,20.5,Two year,No,Bank transfer (automatic),Low Risk (Loyal)
3996-ZNWYK,No,0.0019063967806025805,71,19.8,Two year,No,Credit card (automatic),Low Risk (Loyal)
3976-HXHCE,No,0.001899169851056057,72,19.3,Two year,No,Bank transfer (automatic),Low Risk (Loyal)
2429-AYKKO,No,0.0018981751197081735,72,19.85,Two year,No,Bank transfer (automatic),Low Risk (Loyal)
7083-MIOPC,No,0.0018864630773803431,72,20.25,Two year,No,Credit card (automatic),Low Risk (Loyal)
3642-BYHDO,No,0.0018701299867069237,71,19.9,Two year,No,Bank transfer (automatic),Low Risk (Loyal)
0264-CNITK,No,0.001866252631130122,71,20.1,Two year,No,Bank transfer (automatic),Low Risk (Loyal)
4817-KEQSP,No,0.001838589022354087,71,19.85,Two year,No,Bank transfer (automatic),Low Risk (Loyal)
0404-AHASP,No,0.001828116702095399,72,19.7,Two year,No,Credit card (automatic),Low Risk (Loyal)
1166-PQLGG,No,0.001814440559490727,72,19.55,Two year,No,Bank transfer (automatic),Low Risk (Loyal)
0464-WJTKO,No,0.0018024623560507758,72,20.1,Two year,No,Bank transfer (automatic),Low Risk (Loyal)
5787-KXGIY,No,0.00177706336473636,72,19.3,Two year,No,Credit card (automatic),Low Risk (Loyal)
4957-SREEC,No,0.0017392127581216167,70,20.35,Two year,No,Credit card (automatic),Low Risk (Loyal)
3173-WSSUE,No,0.001725176722627129,71,19.7,Two year,No,Credit card (automatic),Low Risk (Loyal)
0831-JNISG,No,0.001721901684709492,71,19.8,Two year,No,Mailed check,Low Risk (Loyal)
3279-DYZQM,No,0.0017198304721832817,71,19.45,Two year,No,Mailed check,Low Risk (Loyal)
1052-QJIBV,No,0.0017126076135859898,71,19.9,Two year,No,Credit card (automatic),Low Risk (Loyal)
0640-YJTPY,No,0.0017114548529876246,72,21.0,Two year,No,Bank transfer (automatic),Low Risk (Loyal)
1403-GYAFU,No,0.0016979053082944136,70,20.05,Two year,No,Credit card (automatic),Low Risk (Loyal)
0794-YVSGE,No,0.0016804461016088864,72,20.3,Two year,No,Bank transfer (automatic),Low Risk (Loyal)
4277-BWBML,No,0.0016503756600715323,72,19.95,Two year,No,Bank transfer (automatic),Low Risk (Loyal)
6928-ONTRW,No,0.001617134888171168,72,19.7,Two year,No,Credit card (automatic),Low Risk (Loyal)
4086-WITJG,No,0.0015873086367186634,71,19.7,Two year,No,Credit card (automatic),Low Risk (Loyal)
2848-YXSMW,No,0.0015340864799202327,72,19.4,Two year,No,Credit card (automatic),Low Risk (Loyal)
0784-ZQJZX,No,0.00151365880456484,72,19.9,Two year,No,Credit card (automatic),Low Risk (Loyal)
